CustomerID,last_purchase,frequency,monetary,recency,r_score,f_score,m_score,RFM_SCORE,Segment,Cluster
12346.0,2011-01-18 10:01:00,12,77556.46,325,3,3,4,334,Big Spenders,1
12347.0,2011-12-07 15:52:00,8,5633.32,1,1,3,4,134,Big Spenders,1
12348.0,2011-09-25 13:13:00,5,2019.3999999999999,74,2,2,3,223,Others,1
12349.0,2011-11-21 09:51:00,4,4428.69,18,1,2,4,124,Big Spenders,1
12350.0,2011-02-02 16:01:00,1,334.4,309,3,1,1,311,Others,0
12351.0,2010-11-29 15:23:00,1,300.93,374,3,1,1,311,Others,0
12352.0,2011-11-03 14:37:00,10,2849.84,35,2,3,4,234,Big Spenders,1
12353.0,2011-05-19 17:47:00,2,406.76,203,3,1,2,312,Others,1
12354.0,2011-04-21 13:11:00,1,1079.4,231,3,1,3,313,Others,1
12355.0,2011-05-09 13:49:00,2,947.61,213,3,1,3,313,Others,1
12356.0,2011-11-17 08:40:00,6,6373.68,22,1,2,4,124,Big Spenders,1
12357.0,2011-11-06 16:07:00,3,18287.66,32,2,1,4,214,Big Spenders,1
12358.0,2011-12-08 10:26:00,5,3887.07,1,1,2,4,124,Big Spenders,1
12359.0,2011-10-13 12:47:00,10,8935.94,57,2,3,4,234,Big Spenders,1
12360.0,2011-10-18 15:22:00,8,4252.89,51,2,3,4,234,Big Spenders,1
12361.0,2011-02-25 13:51:00,4,511.25,286,3,2,2,322,Others,0
12362.0,2011-12-06 15:40:00,11,5356.23,2,1,3,4,134,Big Spenders,1
12363.0,2011-08-22 10:18:00,2,552.0,109,3,1,2,312,Others,1
12364.0,2011-12-02 10:22:00,4,1313.1,7,1,2,3,123,Others,1
12365.0,2011-02-21 14:04:00,2,641.38,290,3,1,2,312,Others,0
12366.0,2010-03-16 10:28:00,1,500.24,633,4,1,2,412,Recent Customers,0
12367.0,2011-12-05 16:48:00,1,168.9,3,1,1,1,111,Others,1
12368.0,2010-03-21 15:56:00,1,917.6999999999999,627,4,1,3,413,Recent Customers,0
12369.0,2010-10-22 13:13:00,3,1791.15,412,4,1,3,413,Recent Customers,0
12370.0,2011-10-19 14:51:00,7,4320.31,50,2,2,4,224,Big Spenders,1
12371.0,2011-10-26 10:16:00,5,4067.38,44,2,2,4,224,Big Spenders,1
12372.0,2011-09-29 12:12:00,3,1298.04,71,2,1,3,213,Others,1
12373.0,2011-02-01 13:10:00,3,1127.65,310,3,1,3,313,Others,0
12374.0,2011-11-14 15:37:00,4,2989.22,24,1,2,4,124,Big Spenders,1
12375.0,2011-11-29 10:36:00,2,457.5,10,1,1,2,112,Others,1
12376.0,2010-11-15 12:15:00,2,503.15,389,4,1,2,412,Recent Customers,0
12377.0,2011-01-28 15:45:00,4,3426.32,314,3,2,4,324,Big Spenders,0
12378.0,2011-08-02 10:34:00,2,5416.32,129,3,1,4,314,Big Spenders,1
12379.0,2011-09-19 10:09:00,4,1620.22,81,2,2,3,223,Others,1
12380.0,2011-11-18 11:27:00,11,9676.3,21,1,3,4,134,Big Spenders,1
12381.0,2011-12-05 12:44:00,5,1845.31,4,1,2,3,123,Others,1
12383.0,2011-06-08 08:02:00,5,1850.56,184,3,2,3,323,Others,1
12384.0,2011-11-11 08:39:00,2,585.27,28,2,1,2,212,Others,1
12385.0,2010-11-25 15:14:00,1,1938.4,378,3,1,3,313,Others,0
12386.0,2011-01-06 12:37:00,2,660.8,337,3,1,2,312,Others,0
12387.0,2010-10-20 16:27:00,1,143.94,414,4,1,1,411,Recent Customers,0
12388.0,2011-11-24 12:30:00,8,3901.11,15,1,3,4,134,Big Spenders,1
12389.0,2010-11-02 11:52:00,3,1433.33,402,4,1,3,413,Recent Customers,0
12390.0,2011-09-21 09:33:00,1,549.84,79,2,1,2,212,Others,1
12391.0,2011-11-18 12:07:00,6,2773.42,21,1,2,4,124,Big Spenders,1
12392.0,2010-04-27 14:04:00,1,234.75000000000003,590,4,1,1,411,Recent Customers,0
12393.0,2011-09-28 15:41:00,6,2399.4500000000003,71,2,2,4,224,Big Spenders,1
12394.0,2011-10-07 08:08:00,2,1272.48,63,2,1,3,213,Others,1
12395.0,2011-11-20 15:21:00,15,5067.27,18,1,3,4,134,Big Spenders,1
12396.0,2010-02-03 13:22:00,1,931.43,673,4,1,3,413,Recent Customers,0
12397.0,2011-11-04 09:52:00,2,2409.9,35,2,1,4,214,Big Spenders,1
12398.0,2011-10-25 10:27:00,1,1635.66,45,2,1,3,213,Others,1
12399.0,2011-08-12 13:15:00,7,1962.3,118,3,2,3,323,Others,1
12400.0,2010-10-21 13:45:00,1,205.25,413,4,1,1,411,Recent Customers,0
12401.0,2011-02-09 13:50:00,1,84.3,302,3,1,1,311,Others,0
12402.0,2011-01-20 13:49:00,6,1256.9,322,3,2,3,323,Others,0
12403.0,2011-10-21 10:51:00,2,1019.36,49,2,1,3,213,Others,1
12404.0,2010-01-26 16:25:00,1,63.24,681,4,1,1,411,Recent Customers,0
12405.0,2011-07-14 08:52:00,1,1710.39,148,3,1,3,313,Others,1
12406.0,2011-11-17 19:22:00,5,6390.36,21,1,2,4,124,Big Spenders,1
12407.0,2011-10-21 10:11:00,5,1708.12,49,2,2,3,223,Others,1
12408.0,2011-11-07 12:27:00,8,4340.7699999999995,32,2,3,4,234,Big Spenders,1
12409.0,2011-09-22 10:38:00,7,23419.29,78,2,2,4,224,Big Spenders,1
12410.0,2011-02-04 10:39:00,3,1013.71,308,3,1,3,313,Others,0
12411.0,2010-10-26 09:25:00,1,346.9,409,4,1,1,411,Recent Customers,0
12412.0,2011-09-26 10:16:00,6,2596.93,74,2,2,4,224,Big Spenders,1
12413.0,2011-10-04 09:00:00,4,999.45,66,2,2,3,223,Others,1
12414.0,2011-05-06 14:51:00,6,952.41,216,3,2,3,323,Others,1
12415.0,2011-11-15 14:22:00,28,144458.37,23,1,3,4,134,Big Spenders,2
12416.0,2010-02-21 10:19:00,1,202.56,656,4,1,1,411,Recent Customers,0
12417.0,2011-12-06 14:52:00,20,6816.91,2,1,3,4,134,Big Spenders,1
12418.0,2011-08-19 11:08:00,4,2021.2,112,3,2,3,323,Others,1
12419.0,2010-11-19 10:04:00,2,503.01,385,4,1,2,412,Recent Customers,0
12420.0,2011-10-07 08:55:00,1,600.39,63,2,1,2,212,Others,1
12421.0,2011-11-24 09:07:00,6,1098.6,15,1,2,3,123,Others,1
12422.0,2011-09-05 09:48:00,17,5231.8,95,2,3,4,234,Big Spenders,1
12423.0,2011-12-09 10:10:00,10,2622.39,0,1,3,4,134,Big Spenders,1
12424.0,2011-06-30 12:06:00,4,3340.03,162,3,2,4,324,Big Spenders,1
12425.0,2011-09-22 17:31:00,2,1741.41,77,2,1,3,213,Others,1
12426.0,2011-05-29 12:26:00,2,1345.21,194,3,1,3,313,Others,1
12427.0,2011-11-18 08:56:00,3,1129.3,21,1,1,3,113,Others,1
12428.0,2011-11-14 08:22:00,9,7956.46,25,1,3,4,134,Big Spenders,1
12429.0,2011-11-30 17:22:00,8,7485.91,8,1,3,4,134,Big Spenders,1
12430.0,2011-10-27 15:09:00,1,256.4,42,2,1,1,211,Others,1
12431.0,2011-11-04 11:55:00,27,10857.97,35,2,3,4,234,Big Spenders,1
12432.0,2011-10-28 11:43:00,5,5059.32,42,2,2,4,224,Big Spenders,1
12433.0,2011-12-09 10:02:00,10,20581.26,0,1,3,4,134,Big Spenders,1
12434.0,2011-09-16 12:38:00,3,1103.43,84,2,1,3,213,Others,1
12435.0,2011-09-21 09:06:00,6,13925.93,79,2,2,4,224,Big Spenders,1
12436.0,2011-09-01 12:09:00,1,509.01000000000005,99,3,1,2,312,Others,1
12437.0,2011-12-08 11:35:00,39,12683.4,1,1,3,4,134,Big Spenders,1
12438.0,2011-11-25 13:28:00,2,2906.85,13,1,1,4,114,Big Spenders,1
12439.0,2010-01-26 12:11:00,2,1158.18,682,4,1,3,413,Recent Customers,0
12440.0,2010-09-03 13:11:00,2,859.2,461,4,1,2,412,Recent Customers,0
12441.0,2010-12-08 10:45:00,1,347.1,366,3,1,1,311,Others,0
12442.0,2011-12-06 14:22:00,1,172.06,2,1,1,1,111,Others,1
12443.0,2009-12-07 15:42:00,1,485.31,731,4,1,2,412,Recent Customers,0
12444.0,2011-11-18 13:23:00,5,5005.46,20,1,2,4,124,Big Spenders,1
12445.0,2011-11-17 18:43:00,2,434.98,21,1,1,2,112,Others,1
12446.0,2011-10-13 12:50:00,1,1002.3100000000001,57,2,1,3,213,Others,1
12447.0,2011-04-10 13:25:00,1,476.49,242,3,1,2,312,Others,1
12448.0,2011-10-26 13:46:00,1,449.45,43,2,1,2,212,Others,1
12449.0,2011-11-17 13:46:00,6,4835.89,21,1,2,4,124,Big Spenders,1
12450.0,2011-07-06 14:41:00,5,688.2,155,3,2,2,322,Others,1
12451.0,2011-11-29 08:40:00,8,12669.88,10,1,3,4,134,Big Spenders,1
12452.0,2011-11-23 10:28:00,2,430.57,16,1,1,2,112,Others,1
12453.0,2011-07-28 14:08:00,1,707.09,133,3,1,2,312,Others,1
12454.0,2011-10-14 17:13:00,5,16679.78,55,2,2,4,224,Big Spenders,1
12455.0,2011-09-27 15:31:00,10,5879.95,72,2,3,4,234,Big Spenders,1
12456.0,2011-10-26 14:41:00,3,3181.04,43,2,1,4,214,Big Spenders,1
12457.0,2011-10-04 13:13:00,8,2995.91,65,2,3,4,234,Big Spenders,1
12458.0,2011-09-29 15:25:00,4,1777.49,70,2,2,3,223,Others,1
12459.0,2010-04-13 14:53:00,1,454.36,604,4,1,2,412,Recent Customers,0
12460.0,2010-09-09 13:51:00,1,326.65,455,4,1,1,411,Recent Customers,0
12461.0,2011-09-06 16:57:00,2,826.88,93,2,1,2,212,Others,1
12462.0,2011-11-21 09:11:00,2,1189.59,18,1,1,3,113,Others,1
12463.0,2011-10-17 13:44:00,4,1344.78,52,2,2,3,223,Others,1
12464.0,2011-11-29 13:33:00,8,1212.05,9,1,3,3,133,Others,1
12465.0,2011-11-22 16:34:00,2,742.1899999999999,16,1,1,2,112,Others,1
12466.0,2010-01-26 16:26:00,1,56.73,681,4,1,1,411,Recent Customers,0
12467.0,2010-10-12 15:41:00,1,132.8,422,4,1,1,411,Recent Customers,0
12468.0,2011-06-05 11:36:00,5,3670.74,187,3,2,4,324,Big Spenders,1
12469.0,2010-07-05 12:40:00,2,3070.54,522,4,1,4,414,Recent Customers,0
12470.0,2010-01-19 11:01:00,1,211.95,689,4,1,1,411,Recent Customers,0
12471.0,2011-12-07 15:43:00,79,39963.79,1,1,3,4,134,Big Spenders,2
12472.0,2011-11-07 14:01:00,19,17880.59,31,2,3,4,234,Big Spenders,1
12473.0,2011-11-10 13:46:00,5,3938.55,28,2,2,4,224,Big Spenders,1
12474.0,2011-11-22 14:39:00,31,12424.45,16,1,3,4,134,Big Spenders,1
12475.0,2011-10-17 10:10:00,2,1149.64,53,2,1,3,213,Others,1
12476.0,2011-11-24 12:40:00,23,14115.41,15,1,3,4,134,Big Spenders,1
12477.0,2011-11-17 09:51:00,9,20276.37,22,1,3,4,134,Big Spenders,1
12478.0,2011-12-06 09:56:00,1,680.99,3,1,1,2,112,Others,1
12479.0,2011-11-28 13:26:00,1,527.2,10,1,1,2,112,Others,1
12480.0,2011-11-11 14:52:00,7,5464.85,27,2,2,4,224,Big Spenders,1
12481.0,2011-11-17 08:29:00,15,12361.39,22,1,3,4,134,Big Spenders,1
12482.0,2010-05-12 16:51:00,29,23691.4,575,4,3,4,434,Recent Customers,0
12483.0,2011-11-22 17:02:00,19,5120.58,16,1,3,4,134,Big Spenders,1
12484.0,2011-11-07 11:37:00,12,6370.15,32,2,3,4,234,Big Spenders,1
12485.0,2010-06-28 15:22:00,1,708.1,528,4,1,2,412,Recent Customers,0
12486.0,2010-10-04 12:14:00,1,1037.28,431,4,1,3,413,Recent Customers,0
12487.0,2009-12-09 11:36:00,1,285.29999999999995,730,4,1,1,411,Recent Customers,0
12488.0,2011-11-30 08:50:00,3,1298.66,9,1,1,3,113,Others,1
12489.0,2011-01-07 13:13:00,1,334.93,335,3,1,1,311,Others,0
12490.0,2011-12-04 16:07:00,21,9823.64,4,1,3,4,134,Big Spenders,1
12491.0,2011-11-01 12:18:00,1,460.40000000000003,38,2,1,2,212,Others,1
12492.0,2011-10-07 15:15:00,3,715.21,62,2,1,2,212,Others,1
12493.0,2011-06-27 10:17:00,2,433.74,165,3,1,2,312,Others,1
12494.0,2011-11-24 09:34:00,9,1872.8700000000001,15,1,3,3,133,Others,1
12495.0,2010-03-09 10:53:00,1,357.4,640,4,1,2,412,Recent Customers,0
12496.0,2010-03-29 14:06:00,2,54.09,619,4,1,1,411,Recent Customers,0
12497.0,2011-09-19 12:29:00,3,6248.5,81,2,1,4,214,Big Spenders,1
12498.0,2011-11-18 12:53:00,3,403.70000000000005,20,1,1,2,112,Others,1
12499.0,2010-05-28 15:12:00,1,393.72,559,4,1,2,412,Recent Customers,0
12500.0,2011-11-16 16:20:00,19,5955.21,22,1,3,4,134,Big Spenders,1
12501.0,2011-01-07 12:28:00,1,2169.39,336,3,1,3,313,Others,0
12502.0,2011-09-05 11:52:00,5,3723.87,95,2,2,4,224,Big Spenders,1
12503.0,2010-05-04 13:59:00,1,1126.0,583,4,1,3,413,Recent Customers,0
12504.0,2011-11-21 16:02:00,4,779.05,17,1,2,2,122,Others,1
12505.0,2010-10-27 09:18:00,1,955.2,408,4,1,3,413,Recent Customers,0
12506.0,2011-04-21 08:54:00,1,73.5,232,3,1,1,311,Others,1
12507.0,2011-07-28 17:09:00,4,1844.06,133,3,2,3,323,Others,1
12508.0,2011-11-13 15:37:00,2,398.27,25,1,1,2,112,Others,1
12509.0,2011-02-28 14:45:00,1,176.5,283,3,1,1,311,Others,0
12510.0,2011-07-20 10:15:00,9,5178.02,142,3,3,4,334,Big Spenders,1
12511.0,2010-10-07 10:39:00,1,3084.02,428,4,1,4,414,Recent Customers,0
12512.0,2011-10-04 14:55:00,2,138.03,65,2,1,1,211,Others,1
12513.0,2011-08-19 10:51:00,1,612.29,112,3,1,2,312,Others,1
12514.0,2011-03-17 16:38:00,2,1597.76,266,3,1,3,313,Others,0
12515.0,2010-12-21 15:43:00,1,383.7,352,3,1,2,312,Others,0
12516.0,2011-09-23 09:13:00,4,2648.62,77,2,2,4,224,Big Spenders,1
12517.0,2011-11-11 14:04:00,5,2502.84,27,2,2,4,224,Big Spenders,1
12518.0,2011-12-09 10:13:00,5,2056.89,0,1,2,3,123,Others,1
12519.0,2011-10-07 09:26:00,2,726.54,63,2,1,2,212,Others,1
12520.0,2011-09-21 15:23:00,5,2634.26,78,2,2,4,224,Big Spenders,1
12521.0,2011-07-20 10:51:00,1,599.68,142,3,1,2,312,Others,1
12522.0,2011-10-31 15:30:00,2,192.72,38,2,1,1,211,Others,1
12523.0,2011-11-20 12:55:00,23,4372.15,18,1,3,4,134,Big Spenders,1
12524.0,2011-11-30 15:31:00,17,11126.11,8,1,3,4,134,Big Spenders,1
12525.0,2010-07-29 16:08:00,3,973.73,497,4,1,3,413,Recent Customers,0
12526.0,2011-12-09 12:09:00,3,1316.66,0,1,1,3,113,Others,1
12527.0,2011-09-19 11:55:00,5,735.51,81,2,2,2,222,Others,1
12528.0,2011-11-30 14:40:00,6,1933.48,8,1,2,3,123,Others,1
12529.0,2010-06-29 13:10:00,1,316.48,527,4,1,1,411,Recent Customers,0
12530.0,2011-10-11 12:34:00,9,3759.26,59,2,3,4,234,Big Spenders,1
12531.0,2011-11-25 11:12:00,2,1933.2,14,1,1,3,113,Others,1
12532.0,2011-11-09 13:47:00,1,349.83000000000004,29,2,1,2,212,Others,1
12533.0,2010-03-22 10:56:00,2,1367.89,627,4,1,3,413,Recent Customers,0
12534.0,2011-08-01 10:26:00,1,1089.18,130,3,1,3,313,Others,1
12535.0,2011-09-09 08:48:00,2,716.35,91,2,1,2,212,Others,1
12536.0,2011-10-27 14:20:00,3,12601.83,42,2,1,4,214,Big Spenders,1
12537.0,2010-10-27 08:36:00,1,732.94,408,4,1,2,412,Recent Customers,0
12538.0,2011-11-10 17:16:00,2,640.45,28,2,1,2,212,Others,1
12539.0,2011-11-17 13:30:00,7,11214.75,21,1,2,4,124,Big Spenders,1
12540.0,2011-11-20 11:31:00,33,22254.49,19,1,3,4,134,Big Spenders,1
12541.0,2011-11-10 10:40:00,3,981.18,29,2,1,3,213,Others,1
12542.0,2010-08-12 19:12:00,2,481.88,483,4,1,2,412,Recent Customers,0
12543.0,2010-09-17 15:51:00,1,980.25,447,4,1,3,413,Recent Customers,0
12544.0,2011-11-03 16:15:00,1,372.7,35,2,1,2,212,Others,1
12545.0,2011-09-25 13:39:00,2,1000.39,74,2,1,3,213,Others,1
12546.0,2011-10-24 12:09:00,2,1161.5,46,2,1,3,213,Others,1
12547.0,2011-05-26 12:38:00,3,383.58,197,3,1,2,312,Others,1
12548.0,2011-06-26 15:35:00,1,95.19999999999999,165,3,1,1,311,Others,1
12549.0,2010-05-13 12:05:00,6,1575.68,575,4,2,3,423,Recent Customers,0
12550.0,2011-09-21 14:35:00,1,964.83,78,2,1,3,213,Others,1
12551.0,2010-12-17 11:23:00,1,168.0,357,3,1,1,311,Others,0
12552.0,2011-11-01 10:02:00,2,437.82,38,2,1,2,212,Others,1
12553.0,2011-12-01 16:38:00,12,4608.75,7,1,3,4,134,Big Spenders,1
12554.0,2010-09-17 12:29:00,1,468.5,448,4,1,2,412,Recent Customers,0
12555.0,2010-01-26 16:26:00,1,129.23,681,4,1,1,411,Recent Customers,0
12556.0,2011-10-20 13:06:00,2,603.71,49,2,1,2,212,Others,1
12557.0,2011-11-23 16:59:00,8,18716.14,15,1,3,4,134,Big Spenders,1
12558.0,2011-12-02 10:41:00,1,269.96,7,1,1,1,111,Others,1
12559.0,2011-02-02 09:49:00,2,561.71,310,3,1,2,312,Others,0
12560.0,2011-12-04 13:54:00,3,2134.01,4,1,1,3,113,Others,1
12561.0,2011-02-10 11:39:00,1,238.85,302,3,1,1,311,Others,0
12562.0,2011-12-01 17:20:00,9,4966.92,7,1,3,4,134,Big Spenders,1
12563.0,2010-10-27 09:52:00,1,249.23999999999998,408,4,1,1,411,Recent Customers,0
12564.0,2011-03-23 14:55:00,1,456.9,260,3,1,2,312,Others,0
12565.0,2011-02-24 10:34:00,1,145.92,288,3,1,1,311,Others,0
12566.0,2011-09-14 14:30:00,1,351.65,85,2,1,2,212,Others,1
12567.0,2011-11-17 11:02:00,15,13709.86,22,1,3,4,134,Big Spenders,1
12568.0,2010-03-05 09:15:00,1,70.0,644,4,1,1,411,Recent Customers,0
12569.0,2011-12-07 16:24:00,32,4124.69,1,1,3,4,134,Big Spenders,1
12570.0,2010-01-26 17:28:00,1,77.52,681,4,1,1,411,Recent Customers,0
12571.0,2011-10-31 10:19:00,2,519.61,39,2,1,2,212,Others,1
12572.0,2011-12-01 09:20:00,2,1020.42,8,1,1,3,113,Others,1
12573.0,2011-04-26 15:52:00,5,717.41,226,3,2,2,322,Others,1
12574.0,2011-01-28 09:20:00,1,218.45000000000002,315,3,1,1,311,Others,0
12575.0,2010-09-08 13:09:00,2,622.8199999999999,456,4,1,2,412,Recent Customers,0
12576.0,2011-11-04 10:11:00,8,2142.72,35,2,3,3,233,Others,1
12577.0,2011-11-04 13:24:00,8,1653.75,34,2,3,3,233,Others,1
12578.0,2011-11-18 13:30:00,4,4642.45,20,1,2,4,124,Big Spenders,1
12579.0,2011-09-22 17:15:00,1,440.42,77,2,1,2,212,Others,1
12580.0,2011-04-07 10:24:00,2,1052.9,246,3,1,3,313,Others,1
12581.0,2011-10-31 08:56:00,1,197.71,39,2,1,1,211,Others,1
12582.0,2011-04-15 08:45:00,4,1980.4,238,3,2,3,323,Others,1
12583.0,2011-12-07 08:07:00,27,14447.44,2,1,3,4,134,Big Spenders,1
12584.0,2011-12-06 09:35:00,9,2338.15,3,1,3,4,134,Big Spenders,1
12585.0,2011-04-19 13:39:00,2,2040.1,233,3,1,3,313,Others,1
12586.0,2011-11-22 16:24:00,4,2062.67,16,1,2,3,123,Others,1
12587.0,2011-12-02 12:47:00,1,144.0,7,1,1,1,111,Others,1
12588.0,2011-10-31 15:01:00,4,958.78,38,2,2,3,223,Others,1
12589.0,2011-11-11 10:19:00,8,4695.66,28,2,3,4,234,Big Spenders,1
12590.0,2011-05-12 14:52:00,2,9864.26,210,3,1,4,314,Big Spenders,1
12591.0,2011-01-26 14:35:00,3,1352.15,316,3,1,3,313,Others,0
12592.0,2011-09-08 15:04:00,5,2582.66,91,2,2,4,224,Big Spenders,1
12593.0,2011-08-23 12:43:00,3,418.09999999999997,108,3,1,2,312,Others,1
12594.0,2011-11-02 12:20:00,15,5090.11,37,2,3,4,234,Big Spenders,1
12595.0,2010-07-23 09:10:00,1,299.02,504,4,1,1,411,Recent Customers,0
12596.0,2011-10-19 13:02:00,2,618.27,50,2,1,2,212,Others,1
12597.0,2011-11-20 13:33:00,4,3811.22,18,1,2,4,124,Big Spenders,1
12598.0,2011-11-30 12:18:00,11,4534.09,9,1,3,4,134,Big Spenders,1
12599.0,2011-11-10 13:34:00,13,2296.72,28,2,3,3,233,Others,1
12600.0,2011-11-11 10:29:00,21,5043.92,28,2,3,4,234,Big Spenders,1
12601.0,2011-06-03 10:17:00,6,681.26,189,3,2,2,322,Others,1
12602.0,2011-10-12 11:22:00,1,153.12,58,2,1,1,211,Others,1
12603.0,2011-11-18 10:42:00,1,739.1999999999999,21,1,1,2,112,Others,1
12604.0,2011-09-21 14:08:00,2,254.18,78,2,1,1,211,Others,1
12605.0,2010-11-28 14:18:00,4,1232.95,375,3,2,3,323,Others,0
12606.0,2010-01-26 16:23:00,1,21.0,681,4,1,1,411,Recent Customers,0
12607.0,2011-10-10 16:06:00,1,1579.51,59,2,1,3,213,Others,1
12608.0,2010-10-31 10:49:00,1,415.79,404,4,1,2,412,Recent Customers,0
12609.0,2011-09-22 16:34:00,9,3435.86,77,2,3,4,234,Big Spenders,1
12610.0,2011-11-17 09:34:00,5,2099.54,22,1,2,3,123,Others,1
12611.0,2011-10-18 13:12:00,1,1193.32,51,2,1,3,213,Others,1
12612.0,2011-09-26 15:35:00,1,704.0400000000001,73,2,1,2,212,Others,1
12613.0,2011-10-13 14:59:00,10,6835.07,56,2,3,4,234,Big Spenders,1
12614.0,2011-03-07 10:22:00,1,315.6,277,3,1,1,311,Others,0
12615.0,2011-12-07 15:02:00,8,5740.98,1,1,3,4,134,Big Spenders,1
12616.0,2011-09-05 15:17:00,3,1131.1,94,2,1,3,213,Others,1
12617.0,2011-11-10 14:39:00,1,355.53,28,2,1,2,212,Others,1
12618.0,2011-11-18 11:10:00,1,177.31,21,1,1,1,111,Others,1
12619.0,2011-11-23 14:52:00,10,3781.38,15,1,3,4,134,Big Spenders,1
12620.0,2011-11-25 10:20:00,3,1339.41,14,1,1,3,113,Others,1
12621.0,2011-12-08 11:25:00,35,24775.81,1,1,3,4,134,Big Spenders,1
12622.0,2011-04-21 16:39:00,1,180.1,231,3,1,1,311,Others,1
12623.0,2011-03-08 13:50:00,7,3747.84,275,3,2,4,324,Big Spenders,0
12624.0,2011-08-25 15:04:00,2,641.13,105,3,1,2,312,Others,1
12625.0,2011-05-12 09:54:00,4,5164.88,211,3,2,4,324,Big Spenders,1
12626.0,2011-11-16 16:06:00,9,6620.48,22,1,3,4,134,Big Spenders,1
12627.0,2011-11-29 12:07:00,7,4478.53,10,1,2,4,124,Big Spenders,1
12628.0,2011-12-05 13:15:00,3,786.46,3,1,1,2,112,Others,1
12629.0,2010-11-19 09:18:00,2,1558.22,385,4,1,3,413,Recent Customers,0
12630.0,2011-11-30 10:48:00,2,1270.88,9,1,1,3,113,Others,1
12631.0,2011-10-13 13:53:00,6,3481.57,56,2,2,4,224,Big Spenders,1
12632.0,2010-07-07 09:39:00,2,804.88,520,4,1,2,412,Recent Customers,0
12633.0,2011-10-12 11:40:00,7,5678.16,58,2,2,4,224,Big Spenders,1
12634.0,2010-06-22 10:05:00,2,490.0,535,4,1,2,412,Recent Customers,0
12635.0,2011-09-11 11:04:00,4,2930.41,89,2,2,4,224,Big Spenders,1
12636.0,2009-12-01 09:55:00,1,141.0,738,4,1,1,411,Recent Customers,0
12637.0,2011-10-03 13:46:00,12,8340.31,66,2,3,4,234,Big Spenders,1
12638.0,2011-11-06 13:11:00,2,921.49,32,2,1,3,213,Others,1
12639.0,2011-04-15 12:48:00,3,1312.3700000000001,238,3,1,3,313,Others,1
12640.0,2011-11-16 11:52:00,3,1174.58,23,1,1,3,113,Others,1
12641.0,2011-08-16 13:26:00,1,185.9,114,3,1,1,311,Others,1
12642.0,2011-11-14 15:03:00,3,1013.26,24,1,1,3,113,Others,1
12643.0,2011-08-03 12:56:00,12,8350.42,127,3,3,4,334,Big Spenders,1
12644.0,2011-08-02 10:33:00,4,1918.49,129,3,2,3,323,Others,1
12645.0,2011-11-06 12:38:00,8,3539.3,33,2,3,4,234,Big Spenders,1
12646.0,2011-12-05 10:14:00,2,1346.97,4,1,1,3,113,Others,1
12647.0,2011-11-17 12:56:00,36,17924.35,21,1,3,4,134,Big Spenders,1
12648.0,2011-07-08 11:55:00,4,1112.0,154,3,2,3,323,Others,1
12649.0,2011-08-24 14:41:00,8,2294.65,106,3,3,3,333,Others,1
12650.0,2011-12-06 16:34:00,1,314.44,2,1,1,1,111,Others,1
12651.0,2011-01-09 12:46:00,4,377.75,334,3,2,2,322,Others,0
12652.0,2011-01-12 15:00:00,2,1017.03,330,3,1,3,313,Others,0
12653.0,2011-07-14 10:41:00,3,4160.83,148,3,1,4,314,Big Spenders,1
12654.0,2011-11-29 10:10:00,5,601.98,10,1,2,2,122,Others,1
12655.0,2010-10-12 09:17:00,1,261.35,423,4,1,1,411,Recent Customers,0
12656.0,2011-11-22 13:42:00,8,6407.83,16,1,3,4,134,Big Spenders,1
12657.0,2011-11-28 15:47:00,4,1643.18,10,1,2,3,123,Others,1
12658.0,2011-11-21 10:22:00,1,686.05,18,1,1,2,112,Others,1
12659.0,2011-11-10 11:53:00,1,91.68,29,2,1,1,211,Others,1
12660.0,2011-11-28 13:26:00,1,245.1,10,1,1,1,111,Others,1
12661.0,2010-09-29 16:46:00,1,162.0,435,4,1,1,411,Recent Customers,0
12662.0,2011-12-09 11:59:00,20,6988.02,0,1,3,4,134,Big Spenders,1
12663.0,2010-03-25 09:40:00,2,239.4,624,4,1,1,411,Recent Customers,0
12664.0,2011-12-01 17:07:00,11,6070.04,7,1,3,4,134,Big Spenders,1
12665.0,2011-01-19 08:34:00,3,313.6,324,3,1,1,311,Others,0
12666.0,2010-11-10 16:40:00,1,1248.42,393,4,1,3,413,Recent Customers,0
12667.0,2011-10-12 17:00:00,1,620.13,57,2,1,2,212,Others,1
12668.0,2011-11-28 10:56:00,10,11444.68,11,1,3,4,134,Big Spenders,1
12669.0,2011-07-12 09:54:00,3,2744.0299999999997,150,3,1,4,314,Big Spenders,1
12670.0,2011-11-29 15:23:00,7,3760.29,9,1,2,4,124,Big Spenders,1
12671.0,2010-04-12 16:30:00,1,2622.481,605,4,1,4,414,Recent Customers,0
12672.0,2011-01-14 09:20:00,2,437.05,329,3,1,2,312,Others,0
12673.0,2011-12-04 13:55:00,3,1230.02,4,1,1,3,113,Others,1
12674.0,2011-11-01 12:12:00,4,1970.6,38,2,2,3,223,Others,1
12675.0,2010-06-04 09:49:00,2,958.5,553,4,1,3,413,Recent Customers,0
12676.0,2011-11-15 12:25:00,11,2843.09,24,1,3,4,134,Big Spenders,1
12677.0,2010-06-02 14:30:00,2,395.1,554,4,1,2,412,Recent Customers,0
12678.0,2011-10-28 13:04:00,21,34281.18,41,2,3,4,234,Big Spenders,1
12679.0,2011-10-12 12:30:00,4,1113.02,58,2,2,3,223,Others,1
12680.0,2011-12-09 12:50:00,4,880.81,0,1,2,2,122,Others,1
12681.0,2011-11-25 11:33:00,45,30868.28,14,1,3,4,134,Big Spenders,1
12682.0,2011-12-06 10:00:00,52,24033.91,3,1,3,4,134,Big Spenders,1
12683.0,2011-12-05 16:31:00,21,12696.78,3,1,3,4,134,Big Spenders,1
12684.0,2011-12-02 09:53:00,7,2283.63,7,1,2,3,123,Others,1
12685.0,2011-11-11 13:46:00,6,2863.08,27,2,2,4,224,Big Spenders,1
12686.0,2010-12-03 09:51:00,1,178.28,371,3,1,1,311,Others,0
12687.0,2010-08-16 12:12:00,2,2138.91,480,4,1,3,413,Recent Customers,0
12688.0,2011-08-18 08:49:00,1,4873.81,113,3,1,4,314,Big Spenders,1
12689.0,2011-11-14 08:31:00,2,1247.61,25,1,1,3,113,Others,1
12690.0,2011-05-18 09:09:00,1,389.01,205,3,1,2,312,Others,1
12691.0,2011-11-11 16:49:00,7,1170.4,27,2,2,3,223,Others,1
12692.0,2010-03-12 14:02:00,1,110.95,636,4,1,1,411,Recent Customers,0
12693.0,2011-08-04 17:51:00,7,1703.02,126,3,2,3,323,Others,1
12694.0,2011-09-30 13:06:00,3,1843.35,69,2,1,3,213,Others,1
12695.0,2011-12-02 13:22:00,7,1407.1200000000001,6,1,2,3,123,Others,1
12696.0,2010-10-01 10:43:00,2,851.91,434,4,1,2,412,Recent Customers,0
12697.0,2011-11-11 08:47:00,3,957.59,28,2,1,3,213,Others,1
12698.0,2010-04-28 15:51:00,1,339.75,589,4,1,1,411,Recent Customers,0
12699.0,2010-10-18 12:07:00,1,638.11,417,4,1,2,412,Recent Customers,0
12700.0,2011-12-02 10:47:00,4,4939.99,7,1,2,4,124,Big Spenders,1
12701.0,2011-09-21 10:47:00,6,2446.41,79,2,2,4,224,Big Spenders,1
12702.0,2011-11-20 10:36:00,1,219.0,19,1,1,1,111,Others,1
12703.0,2011-09-29 17:52:00,4,1006.53,70,2,2,3,223,Others,1
12704.0,2011-12-02 13:15:00,8,2340.84,6,1,3,4,134,Big Spenders,1
12705.0,2011-11-24 13:17:00,14,11762.1,14,1,3,4,134,Big Spenders,1
12707.0,2011-02-21 08:38:00,1,603.42,291,3,1,2,312,Others,0
12708.0,2011-11-10 09:52:00,18,5314.1,29,2,3,4,234,Big Spenders,1
12709.0,2011-11-24 15:38:00,34,31093.34,14,1,3,4,134,Big Spenders,1
12710.0,2011-09-04 12:00:00,3,1149.02,96,3,1,3,313,Others,1
12711.0,2010-04-07 11:59:00,2,1339.05,611,4,1,3,413,Recent Customers,0
12712.0,2011-11-11 08:19:00,21,7193.66,28,2,3,4,234,Big Spenders,1
12713.0,2011-12-09 12:16:00,1,848.55,0,1,1,2,112,Others,1
12714.0,2011-11-30 15:43:00,12,14093.710000000001,8,1,3,4,134,Big Spenders,1
12715.0,2011-08-25 15:22:00,1,353.86,105,3,1,2,312,Others,1
12716.0,2011-12-06 08:55:00,2,1053.49,3,1,1,3,113,Others,1
12717.0,2011-07-11 14:47:00,3,1308.91,150,3,1,3,313,Others,1
12718.0,2011-09-29 16:38:00,1,238.25,70,2,1,1,211,Others,1
12719.0,2011-12-04 13:45:00,2,644.95,4,1,1,2,112,Others,1
12720.0,2011-12-07 08:03:00,30,8260.67,2,1,3,4,134,Big Spenders,1
12721.0,2011-11-08 12:13:00,8,4013.08,31,2,3,4,234,Big Spenders,1
12722.0,2011-09-15 14:50:00,4,997.63,84,2,2,3,223,Others,1
12723.0,2011-12-06 10:19:00,5,725.07,3,1,2,2,122,Others,1
12724.0,2011-12-04 16:02:00,7,2317.52,4,1,2,4,124,Big Spenders,1
12725.0,2010-12-03 15:45:00,4,2694.56,370,3,2,4,324,Big Spenders,0
12726.0,2011-11-11 13:35:00,11,4014.6,27,2,3,4,234,Big Spenders,1
12727.0,2011-11-29 11:46:00,10,5679.53,10,1,3,4,134,Big Spenders,1
12728.0,2011-09-29 15:31:00,5,1070.17,70,2,2,3,223,Others,1
12729.0,2011-08-18 11:40:00,1,453.01,113,3,1,2,312,Others,1
12730.0,2010-07-06 12:19:00,1,829.25,521,4,1,2,412,Recent Customers,0
12731.0,2011-11-16 11:59:00,17,25775.71,23,1,3,4,134,Big Spenders,1
12732.0,2011-06-13 11:33:00,1,236.26000000000002,179,3,1,1,311,Others,1
12733.0,2011-04-19 16:19:00,4,2424.87,233,3,2,4,324,Big Spenders,1
12734.0,2010-12-22 12:47:00,3,639.65,352,3,1,2,312,Others,0
12735.0,2011-01-28 13:37:00,2,779.5699999999999,314,3,1,2,312,Others,0
12736.0,2011-01-11 07:57:00,1,234.0,332,3,1,1,311,Others,0
12737.0,2010-07-29 12:29:00,2,3710.5,498,4,1,4,414,Recent Customers,0
12738.0,2010-12-02 18:27:00,1,310.7,371,3,1,1,311,Others,0
12739.0,2011-09-22 13:00:00,4,2726.73,77,2,2,4,224,Big Spenders,1
12740.0,2011-10-07 10:44:00,1,427.6,63,2,1,2,212,Others,1
12741.0,2010-06-28 14:36:00,2,406.07,528,4,1,2,412,Recent Customers,0
12742.0,2010-03-24 12:43:00,1,1201.52,625,4,1,3,413,Recent Customers,0
12743.0,2011-07-28 16:21:00,2,546.43,133,3,1,2,312,Others,1
12744.0,2011-10-19 11:18:00,11,25317.06,51,2,3,4,234,Big Spenders,1
12745.0,2010-08-10 10:14:00,3,925.41,486,4,1,3,413,Recent Customers,0
12746.0,2010-06-17 10:41:00,1,254.55,540,4,1,1,411,Recent Customers,0
12747.0,2011-12-07 14:34:00,26,9276.539999999999,1,1,3,4,134,Big Spenders,1
12748.0,2011-12-09 12:20:00,336,56599.39,0,1,3,4,134,Big Spenders,2
12749.0,2011-12-06 09:56:00,9,6897.36,3,1,3,4,134,Big Spenders,1
12750.0,2011-08-03 09:13:00,1,275.88,128,3,1,1,311,Others,1
12751.0,2010-09-21 12:49:00,1,268.27,444,4,1,1,411,Recent Customers,0
12752.0,2011-09-19 13:32:00,1,4366.78,80,2,1,4,214,Big Spenders,1
12753.0,2011-11-17 10:52:00,6,21429.39,22,1,2,4,124,Big Spenders,1
12754.0,2011-04-18 09:00:00,3,3010.74,235,3,1,4,314,Big Spenders,1
12755.0,2011-03-04 12:42:00,11,9030.66,280,3,3,4,334,Big Spenders,1
12756.0,2011-09-14 09:31:00,1,112.08,86,2,1,1,211,Others,1
12757.0,2011-11-24 12:30:00,13,7857.1,15,1,3,4,134,Big Spenders,1
12758.0,2011-08-15 10:22:00,7,9903.24,116,3,2,4,324,Big Spenders,1
12759.0,2011-10-18 14:49:00,8,5020.74,51,2,3,4,234,Big Spenders,1
12760.0,2010-09-10 08:50:00,1,347.8,455,4,1,1,411,Recent Customers,0
12761.0,2010-09-08 12:17:00,2,782.95,457,4,1,2,412,Recent Customers,0
12762.0,2011-12-02 10:23:00,2,1898.52,7,1,1,3,113,Others,1
12763.0,2011-07-24 14:12:00,2,814.16,137,3,1,2,312,Others,1
12764.0,2011-01-27 10:19:00,1,1693.88,316,3,1,3,313,Others,0
12765.0,2010-08-24 13:51:00,6,1404.58,471,4,2,3,423,Recent Customers,0
12766.0,2011-12-06 08:46:00,9,10068.28,3,1,3,4,134,Big Spenders,1
12767.0,2010-11-29 09:38:00,1,949.82,375,3,1,3,313,Others,0
12768.0,2010-09-15 12:08:00,1,168.69000000000003,450,4,1,1,411,Recent Customers,0
12769.0,2011-04-15 10:25:00,1,1143.6,238,3,1,3,313,Others,1
12770.0,2011-05-13 09:33:00,2,3246.45,210,3,1,4,314,Big Spenders,1
12771.0,2010-08-11 11:51:00,1,282.3,485,4,1,1,411,Recent Customers,0
12772.0,2011-10-11 09:19:00,1,892.47,59,2,1,2,212,Others,1
12773.0,2010-05-24 17:30:00,1,124.25,563,4,1,1,411,Recent Customers,0
12774.0,2010-06-22 10:38:00,1,98.7,535,4,1,1,411,Recent Customers,0
12775.0,2011-11-22 16:33:00,7,1686.12,16,1,2,3,123,Others,1
12776.0,2010-02-10 12:11:00,1,55.5,667,4,1,1,411,Recent Customers,0
12777.0,2010-09-08 11:35:00,1,519.45,457,4,1,2,412,Recent Customers,0
12778.0,2011-11-20 11:30:00,9,1775.68,19,1,3,3,133,Others,1
12779.0,2011-11-02 11:43:00,14,6722.2699999999995,37,2,3,4,234,Big Spenders,1
12780.0,2010-04-20 09:40:00,1,337.4,598,4,1,1,411,Recent Customers,0
12781.0,2011-10-07 10:37:00,2,826.74,63,2,1,2,212,Others,1
12782.0,2011-12-05 09:16:00,11,4618.24,4,1,3,4,134,Big Spenders,1
12783.0,2011-12-07 15:56:00,6,2225.91,1,1,2,3,123,Others,1
12784.0,2011-11-30 15:38:00,3,1804.75,8,1,1,3,113,Others,1
12785.0,2010-12-10 13:48:00,3,1100.4,363,3,1,3,313,Others,0
12786.0,2010-04-09 12:12:00,1,728.5,609,4,1,2,412,Recent Customers,0
12787.0,2011-11-30 08:44:00,4,862.18,9,1,2,2,122,Others,1
12788.0,2010-09-02 14:21:00,4,444.9,462,4,2,2,422,Recent Customers,0
12789.0,2011-10-05 13:34:00,3,273.35,64,2,1,1,211,Others,1
12790.0,2011-05-31 14:14:00,2,591.85,191,3,1,2,312,Others,1
12791.0,2010-12-01 11:27:00,6,1056.1100000000001,373,3,2,3,323,Others,0
12792.0,2011-03-28 11:36:00,2,827.01,256,3,1,2,312,Others,0
12793.0,2011-01-09 12:12:00,3,1017.33,334,3,1,3,313,Others,0
12794.0,2011-10-17 14:54:00,2,860.41,52,2,1,2,212,Others,1
12795.0,2011-11-21 10:27:00,1,430.48,18,1,1,2,112,Others,1
12796.0,2010-03-21 15:49:00,1,381.0,627,4,1,2,412,Recent Customers,0
12797.0,2010-12-09 10:55:00,2,806.11,365,3,1,2,312,Others,0
12798.0,2011-11-29 15:52:00,4,8510.93,9,1,2,4,124,Big Spenders,1
12799.0,2010-06-28 15:57:00,1,219.35,528,4,1,1,411,Recent Customers,0
12800.0,2010-08-26 14:11:00,3,584.25,469,4,1,2,412,Recent Customers,0
12801.0,2010-07-27 09:38:00,1,1071.82,500,4,1,3,413,Recent Customers,0
12802.0,2011-06-06 09:36:00,7,2416.42,186,3,2,4,324,Big Spenders,1
12803.0,2010-11-11 14:57:00,1,1092.81,392,4,1,3,413,Recent Customers,0
12804.0,2010-08-31 11:58:00,2,327.02,465,4,1,1,411,Recent Customers,0
12805.0,2010-11-23 12:27:00,4,1434.95,381,4,2,3,423,Recent Customers,0
12806.0,2010-09-30 13:34:00,4,2878.96,434,4,2,4,424,Recent Customers,0
12807.0,2010-11-21 14:21:00,1,330.34999999999997,382,4,1,1,411,Recent Customers,0
12808.0,2011-11-03 10:05:00,5,906.1,36,2,2,3,223,Others,1
12809.0,2011-06-15 10:51:00,3,1755.94,177,3,1,3,313,Others,1
12810.0,2010-06-23 10:53:00,2,534.99,534,4,1,2,412,Recent Customers,0
12811.0,2011-03-24 09:42:00,5,1033.9,260,3,2,3,323,Others,1
12812.0,2011-10-26 09:54:00,1,229.64000000000001,44,2,1,1,211,Others,1
12813.0,2010-07-26 09:50:00,3,1687.8,501,4,1,3,413,Recent Customers,0
12814.0,2011-08-30 12:11:00,1,125.92,101,3,1,1,311,Others,1
12815.0,2011-07-15 10:21:00,2,1063.46,147,3,1,3,313,Others,1
12816.0,2011-09-05 12:41:00,2,572.2,95,2,1,2,212,Others,1
12817.0,2011-03-03 16:28:00,3,690.98,280,3,1,2,312,Others,0
12818.0,2011-03-23 12:06:00,1,1542.0800000000002,261,3,1,3,313,Others,0
12819.0,2010-09-07 15:20:00,1,540.52,457,4,1,2,412,Recent Customers,0
12820.0,2011-12-06 15:12:00,11,2689.52,2,1,3,4,134,Big Spenders,1
12821.0,2011-05-09 15:51:00,2,220.8,213,3,1,1,311,Others,1
12822.0,2011-09-30 10:04:00,2,948.88,70,2,1,3,213,Others,1
12823.0,2011-09-26 07:35:00,18,6501.5,74,2,3,4,234,Big Spenders,1
12824.0,2011-10-11 12:49:00,1,397.12,59,2,1,2,212,Others,1
12825.0,2010-07-06 13:56:00,2,518.63,520,4,1,2,412,Recent Customers,0
12826.0,2011-12-07 10:25:00,12,2955.75,2,1,3,4,134,Big Spenders,1
12827.0,2011-12-04 12:17:00,3,430.15000000000003,5,1,1,2,112,Others,1
12828.0,2011-12-07 08:45:00,6,1018.71,2,1,2,3,123,Others,1
12829.0,2011-01-07 11:13:00,3,385.3,336,3,1,2,312,Others,0
12830.0,2011-11-02 11:54:00,6,6814.64,37,2,2,4,224,Big Spenders,1
12831.0,2011-03-22 13:02:00,3,451.11,261,3,1,2,312,Others,0
12832.0,2011-11-07 13:30:00,2,383.03,31,2,1,2,212,Others,1
12833.0,2011-07-17 13:46:00,1,417.38,144,3,1,2,312,Others,1
12834.0,2011-03-02 09:49:00,1,312.38,282,3,1,1,311,Others,0
12835.0,2010-10-08 10:59:00,41,6043.31,427,4,3,4,434,Recent Customers,0
12836.0,2011-10-11 15:10:00,15,6585.62,58,2,3,4,234,Big Spenders,1
12837.0,2011-06-19 16:07:00,2,688.41,172,3,1,2,312,Others,1
12838.0,2011-11-06 12:20:00,10,3398.48,33,2,3,4,234,Big Spenders,1
12839.0,2011-12-07 12:33:00,26,10071.73,2,1,3,4,134,Big Spenders,1
12840.0,2011-07-19 09:29:00,7,4041.97,143,3,2,4,324,Big Spenders,1
12841.0,2011-12-05 11:13:00,40,7540.68,4,1,3,4,134,Big Spenders,1
12842.0,2011-09-30 15:33:00,4,1917.99,69,2,2,3,223,Others,1
12843.0,2011-10-05 12:09:00,30,6588.41,65,2,3,4,234,Big Spenders,1
12844.0,2011-11-10 13:31:00,4,648.6,28,2,2,2,222,Others,1
12845.0,2011-03-17 13:34:00,4,354.09,266,3,2,2,322,Others,0
12846.0,2010-01-26 16:29:00,1,15.58,681,4,1,1,411,Recent Customers,0
12847.0,2011-11-17 13:16:00,2,1636.8999999999999,21,1,1,3,113,Others,1
12848.0,2010-02-02 12:45:00,1,208.0,675,4,1,1,411,Recent Customers,0
12849.0,2011-11-08 13:41:00,6,3090.56,30,2,2,4,224,Big Spenders,1
12850.0,2010-09-20 12:26:00,1,330.0,445,4,1,1,411,Recent Customers,0
12851.0,2011-09-04 12:41:00,2,284.13,96,3,1,1,311,Others,1
12852.0,2011-02-18 08:47:00,1,311.55,294,3,1,1,311,Others,0
12853.0,2011-07-28 11:29:00,11,3907.5,134,3,3,4,334,Big Spenders,1
12854.0,2011-09-22 12:15:00,7,2994.02,78,2,2,4,224,Big Spenders,1
12855.0,2010-12-02 09:37:00,4,650.94,372,3,2,2,322,Others,0
12856.0,2011-12-02 10:52:00,6,2179.93,7,1,2,3,123,Others,1
12857.0,2011-05-13 10:20:00,6,3688.0,210,3,2,4,324,Big Spenders,1
12858.0,2010-11-21 12:55:00,1,177.92,382,4,1,1,411,Recent Customers,0
12859.0,2010-09-07 12:20:00,1,575.1,458,4,1,2,412,Recent Customers,0
12860.0,2010-01-15 15:22:00,1,55.47,692,4,1,1,411,Recent Customers,0
12861.0,2010-03-30 11:39:00,1,68.25,619,4,1,1,411,Recent Customers,0
12862.0,2010-10-10 11:47:00,2,1008.3199999999999,425,4,1,3,413,Recent Customers,0
12863.0,2011-10-18 14:15:00,6,2792.55,51,2,2,4,224,Big Spenders,1
12864.0,2011-07-24 13:03:00,2,299.57,137,3,1,1,311,Others,1
12865.0,2011-11-13 14:31:00,4,3323.47,25,1,2,4,124,Big Spenders,1
12866.0,2011-03-01 14:11:00,3,1227.35,282,3,1,3,313,Others,0
12867.0,2011-11-13 15:30:00,13,7913.29,25,1,3,4,134,Big Spenders,1
12868.0,2011-06-07 10:42:00,8,2247.06,185,3,3,3,333,Others,1
12869.0,2010-01-27 12:10:00,1,337.67,681,4,1,1,411,Recent Customers,0
12870.0,2010-11-29 13:42:00,3,1676.95,374,3,1,3,313,Others,0
12871.0,2011-09-16 15:07:00,3,744.02,83,2,1,2,212,Others,1
12872.0,2011-01-17 10:52:00,12,3685.4900000000002,326,3,3,4,334,Big Spenders,0
12873.0,2011-03-02 14:58:00,3,2027.3,281,3,1,3,313,Others,0
12874.0,2010-11-19 15:23:00,2,948.42,384,4,1,3,413,Recent Customers,0
12875.0,2011-07-19 15:30:00,5,1356.99,142,3,2,3,323,Others,1
12876.0,2011-10-13 12:26:00,4,4081.79,57,2,2,4,224,Big Spenders,1
12877.0,2011-12-06 10:30:00,20,2955.17,3,1,3,4,134,Big Spenders,1
12878.0,2011-04-17 13:07:00,2,854.99,235,3,1,2,312,Others,1
12879.0,2011-10-26 12:24:00,3,573.22,44,2,1,2,212,Others,1
12880.0,2010-11-23 10:50:00,2,640.13,381,4,1,2,412,Recent Customers,0
12881.0,2011-03-09 11:44:00,1,298.0,275,3,1,1,311,Others,0
12882.0,2011-11-30 16:18:00,2,1463.04,8,1,1,3,113,Others,1
12883.0,2011-11-15 09:32:00,4,703.47,24,1,2,2,122,Others,1
12884.0,2011-09-12 13:10:00,1,309.05,87,2,1,1,211,Others,1
12885.0,2011-10-07 13:40:00,3,1175.22,62,2,1,3,213,Others,1
12886.0,2011-10-03 10:09:00,2,1378.4,67,2,1,3,213,Others,1
12887.0,2010-11-21 11:18:00,1,222.4,383,4,1,1,411,Recent Customers,0
12888.0,2011-05-09 16:02:00,2,354.12,213,3,1,2,312,Others,1
12889.0,2010-11-23 16:08:00,4,385.46000000000004,380,4,2,2,422,Recent Customers,0
12890.0,2011-11-15 17:26:00,2,717.27,23,1,1,2,112,Others,1
12891.0,2011-06-07 12:31:00,11,840.5,185,3,3,2,332,Others,1
12892.0,2010-11-08 09:51:00,1,263.38,396,4,1,1,411,Recent Customers,0
12893.0,2011-11-09 12:34:00,1,188.14,30,2,1,1,211,Others,1
12894.0,2010-05-13 14:47:00,1,157.35,574,4,1,1,411,Recent Customers,0
12895.0,2011-10-28 13:51:00,2,372.8,41,2,1,2,212,Others,1
12897.0,2011-05-19 12:13:00,4,514.25,204,3,2,2,322,Others,1
12898.0,2010-09-02 08:08:00,2,310.96000000000004,463,4,1,1,411,Recent Customers,0
12899.0,2010-10-22 09:53:00,1,366.4,413,4,1,2,412,Recent Customers,0
12900.0,2010-10-13 15:17:00,1,340.33,421,4,1,1,411,Recent Customers,0
12901.0,2011-12-01 10:07:00,28,17654.54,8,1,3,4,134,Big Spenders,1
12902.0,2011-03-20 12:06:00,1,138.68,264,3,1,1,311,Others,0
12903.0,2010-10-07 12:39:00,1,833.53,428,4,1,2,412,Recent Customers,0
12904.0,2011-11-21 14:34:00,2,509.58,17,1,1,2,112,Others,1
12905.0,2010-05-12 10:05:00,2,1018.42,576,4,1,3,413,Recent Customers,0
12906.0,2011-11-28 09:55:00,5,2919.81,11,1,2,4,124,Big Spenders,1
12907.0,2010-11-09 12:08:00,2,508.91,395,4,1,2,412,Recent Customers,0
12908.0,2011-06-16 15:39:00,5,1776.0,175,3,2,3,323,Others,1
12909.0,2011-10-31 12:43:00,8,3103.19,39,2,3,4,234,Big Spenders,1
12910.0,2011-11-16 14:28:00,13,5796.52,22,1,3,4,134,Big Spenders,1
12911.0,2010-06-06 12:13:00,1,1680.47,551,4,1,3,413,Recent Customers,0
12912.0,2011-12-07 08:55:00,5,1662.3,2,1,2,3,123,Others,1
12913.0,2011-12-05 12:11:00,13,6700.86,4,1,3,4,134,Big Spenders,1
12914.0,2010-11-04 12:28:00,1,223.98,400,4,1,1,411,Recent Customers,0
12915.0,2011-07-14 11:34:00,4,1174.75,148,3,2,3,323,Others,1
12916.0,2011-07-24 10:35:00,7,4654.0199999999995,138,3,2,4,324,Big Spenders,1
12917.0,2011-08-03 16:42:00,6,4359.2,127,3,2,4,324,Big Spenders,1
12918.0,2010-03-23 15:22:00,1,10953.5,625,4,1,4,414,Recent Customers,0
12919.0,2011-12-01 13:47:00,6,1335.19,7,1,2,3,123,Others,1
12920.0,2011-11-22 15:05:00,4,488.09000000000003,16,1,2,2,122,Others,1
12921.0,2011-11-30 16:22:00,74,35921.04,8,1,3,4,134,Big Spenders,2
12922.0,2011-07-01 15:35:00,1,405.38,160,3,1,2,312,Others,1
12923.0,2011-10-06 16:20:00,3,789.87,63,2,1,2,212,Others,1
12924.0,2011-09-12 13:55:00,12,2469.4,87,2,3,4,234,Big Spenders,1
12925.0,2011-12-05 11:11:00,3,729.3299999999999,4,1,1,2,112,Others,1
12926.0,2010-10-24 15:57:00,4,1548.46,410,4,2,3,423,Recent Customers,0
12927.0,2010-11-10 10:02:00,1,197.31,394,4,1,1,411,Recent Customers,0
12928.0,2011-11-04 14:24:00,12,4304.89,34,2,3,4,234,Big Spenders,1
12929.0,2011-02-01 12:08:00,1,117.85,311,3,1,1,311,Others,0
12930.0,2011-09-22 15:18:00,2,415.8,77,2,1,2,212,Others,1
12931.0,2011-11-18 12:39:00,57,92347.34,21,1,3,4,134,Big Spenders,2
12932.0,2010-06-18 14:22:00,8,1698.56,538,4,3,3,433,Recent Customers,0
12933.0,2011-11-15 16:38:00,8,1687.03,23,1,3,3,133,Others,1
12934.0,2009-12-03 10:51:00,1,181.65,736,4,1,1,411,Recent Customers,0
12935.0,2011-12-07 17:25:00,15,4243.86,1,1,3,4,134,Big Spenders,1
12936.0,2011-11-22 17:32:00,4,1063.9,16,1,2,3,123,Others,1
12937.0,2011-11-24 15:05:00,9,3097.61,14,1,3,4,134,Big Spenders,1
12938.0,2011-11-14 11:21:00,1,114.14,25,1,1,1,111,Others,1
12939.0,2011-10-06 14:33:00,20,25264.8,63,2,3,4,234,Big Spenders,1
12940.0,2011-10-16 12:09:00,2,913.54,54,2,1,3,213,Others,1
12941.0,2009-12-15 13:12:00,1,377.49,723,4,1,2,412,Recent Customers,0
12942.0,2011-07-31 14:39:00,3,942.65,130,3,1,3,313,Others,1
12943.0,2010-05-30 13:52:00,2,496.5,557,4,1,2,412,Recent Customers,0
12944.0,2011-11-04 11:04:00,2,604.51,35,2,1,2,212,Others,1
12945.0,2011-02-24 14:15:00,2,900.11,287,3,1,3,313,Others,0
12946.0,2010-09-29 10:14:00,1,324.45,436,4,1,1,411,Recent Customers,0
12947.0,2011-07-19 10:06:00,6,1908.03,143,3,2,3,323,Others,1
12948.0,2011-11-23 17:10:00,9,2317.43,15,1,3,4,134,Big Spenders,1
12949.0,2011-11-09 11:25:00,22,15526.7,30,2,3,4,234,Big Spenders,1
12950.0,2011-12-07 13:17:00,3,1843.0,1,1,1,3,113,Others,1
12951.0,2011-12-01 12:14:00,15,3213.7200000000003,8,1,3,4,134,Big Spenders,1
12952.0,2011-12-04 10:35:00,4,1387.79,5,1,2,3,123,Others,1
12953.0,2011-11-30 09:24:00,2,828.8100000000001,9,1,1,2,112,Others,1
12954.0,2010-03-11 10:16:00,1,162.45,638,4,1,1,411,Recent Customers,0
12955.0,2011-12-08 16:29:00,11,4757.16,0,1,3,4,134,Big Spenders,1
12956.0,2011-02-06 16:08:00,4,521.89,305,3,2,2,322,Others,0
12957.0,2011-11-30 09:53:00,13,8706.97,9,1,3,4,134,Big Spenders,1
12958.0,2010-11-04 16:16:00,2,539.49,399,4,1,2,412,Recent Customers,0
12959.0,2010-08-12 17:20:00,1,150.95,483,4,1,1,411,Recent Customers,0
12960.0,2010-10-22 09:31:00,4,1322.07,413,4,2,3,423,Recent Customers,0
12961.0,2010-11-25 16:44:00,1,211.99,378,3,1,1,311,Others,0
12962.0,2011-12-02 15:55:00,2,266.39,6,1,1,1,111,Others,1
12963.0,2011-12-01 12:55:00,12,3601.59,7,1,3,4,134,Big Spenders,1
12964.0,2010-09-28 17:47:00,1,132.24,436,4,1,1,411,Recent Customers,0
12965.0,2011-09-11 15:31:00,1,771.91,88,2,1,2,212,Others,1
12966.0,2011-11-30 12:38:00,1,160.18,9,1,1,1,111,Others,1
12967.0,2010-12-16 19:10:00,3,4306.92,357,3,1,4,314,Big Spenders,0
12968.0,2011-08-19 15:44:00,1,135.95,111,3,1,1,311,Others,1
12969.0,2010-04-16 10:50:00,1,122.45,602,4,1,1,411,Recent Customers,0
12970.0,2011-12-02 14:30:00,10,1524.97,6,1,3,3,133,Others,1
12971.0,2011-12-06 12:20:00,116,15972.79,3,1,3,4,134,Big Spenders,2
12972.0,2010-10-22 08:41:00,4,1161.2,413,4,2,3,423,Recent Customers,0
12973.0,2010-10-22 10:14:00,1,385.55,413,4,1,2,412,Recent Customers,0
12974.0,2011-05-26 09:33:00,2,408.95,197,3,1,2,312,Others,1
12975.0,2010-09-29 09:46:00,6,2100.09,436,4,2,3,423,Recent Customers,0
12976.0,2011-05-12 09:55:00,8,3156.38,211,3,3,4,334,Big Spenders,1
12977.0,2011-07-06 16:40:00,4,517.63,155,3,2,2,322,Others,1
12978.0,2010-11-19 14:29:00,5,2502.82,384,4,2,4,424,Recent Customers,0
12979.0,2009-12-10 15:45:00,1,517.7,728,4,1,2,412,Recent Customers,0
12980.0,2011-07-05 09:34:00,21,16245.78,157,3,3,4,334,Big Spenders,1
12981.0,2011-11-10 12:00:00,2,372.21999999999997,29,2,1,2,212,Others,1
12982.0,2011-04-11 11:51:00,8,2744.81,242,3,3,4,334,Big Spenders,1
12983.0,2010-04-20 12:58:00,1,490.08,597,4,1,2,412,Recent Customers,0
12984.0,2011-11-21 12:37:00,1,97.5,18,1,1,1,111,Others,1
12985.0,2011-12-09 10:46:00,2,1239.38,0,1,1,3,113,Others,1
12986.0,2010-10-07 11:57:00,10,2729.84,428,4,3,4,434,Recent Customers,0
12987.0,2011-09-27 12:03:00,5,1312.21,73,2,2,3,223,Others,1
12988.0,2011-02-20 14:31:00,1,535.32,291,3,1,2,312,Others,0
12989.0,2011-12-06 15:28:00,33,13551.75,2,1,3,4,134,Big Spenders,1
12990.0,2011-11-08 13:01:00,7,955.5,30,2,2,3,223,Others,1
12991.0,2011-11-16 15:34:00,3,764.82,22,1,1,2,112,Others,1
12992.0,2009-12-14 16:46:00,1,93.35000000000001,724,4,1,1,411,Recent Customers,0
12993.0,2011-11-16 15:49:00,8,1259.6299999999999,22,1,3,3,133,Others,1
12994.0,2011-12-05 15:43:00,3,974.42,3,1,1,3,113,Others,1
12995.0,2011-09-15 15:44:00,1,211.32,84,2,1,1,211,Others,1
12996.0,2010-11-29 09:27:00,1,355.5,375,3,1,2,312,Others,0
12997.0,2011-11-17 15:47:00,8,2110.91,21,1,3,3,133,Others,1
12998.0,2010-08-04 08:05:00,3,920.08,492,4,1,3,413,Recent Customers,0
12999.0,2011-05-27 13:24:00,3,455.88,195,3,1,2,312,Others,1
13000.0,2011-08-25 10:43:00,4,1032.5,106,3,2,3,323,Others,1
13001.0,2011-12-05 14:51:00,33,24172.100000000002,3,1,3,4,134,Big Spenders,1
13002.0,2011-01-25 15:18:00,3,414.13,317,3,1,2,312,Others,0
13003.0,2011-08-26 10:50:00,3,149.05,105,3,1,1,311,Others,1
13004.0,2011-11-28 11:27:00,36,11650.85,11,1,3,4,134,Big Spenders,1
13005.0,2011-06-19 10:53:00,4,999.68,173,3,2,3,323,Others,1
13006.0,2011-10-14 13:49:00,1,81.57,55,2,1,1,211,Others,1
13007.0,2010-05-09 10:38:00,1,175.25,579,4,1,1,411,Recent Customers,0
13008.0,2011-01-20 14:24:00,3,612.13,322,3,1,2,312,Others,0
13009.0,2010-02-05 12:22:00,1,234.0,672,4,1,1,411,Recent Customers,0
13010.0,2010-11-30 15:09:00,2,330.12,373,3,1,1,311,Others,0
13011.0,2010-12-02 17:22:00,1,101.10000000000001,371,3,1,1,311,Others,0
13012.0,2011-11-30 13:05:00,11,2972.83,8,1,3,4,134,Big Spenders,1
13013.0,2011-12-08 15:01:00,29,12625.77,0,1,3,4,134,Big Spenders,1
13014.0,2011-11-29 12:27:00,11,5381.08,10,1,3,4,134,Big Spenders,1
13015.0,2011-10-17 13:19:00,11,6586.42,52,2,3,4,234,Big Spenders,1
13016.0,2011-09-27 14:08:00,3,789.89,72,2,1,2,212,Others,1
13017.0,2011-12-02 15:53:00,1,204.0,6,1,1,1,111,Others,1
13018.0,2011-11-23 13:28:00,35,9763.16,15,1,3,4,134,Big Spenders,1
13019.0,2010-11-25 14:56:00,6,1229.95,378,3,2,3,323,Others,0
13020.0,2010-05-26 11:12:00,2,618.96,562,4,1,2,412,Recent Customers,0
13021.0,2011-12-05 16:37:00,17,4887.24,3,1,3,4,134,Big Spenders,1
13022.0,2010-10-06 10:50:00,1,65.3,429,4,1,1,411,Recent Customers,0
13023.0,2011-10-06 16:27:00,3,1449.03,63,2,1,3,213,Others,1
13024.0,2010-08-26 09:42:00,2,555.87,470,4,1,2,412,Recent Customers,0
13025.0,2009-12-08 10:02:00,1,323.39,731,4,1,1,411,Recent Customers,0
13026.0,2011-12-08 16:58:00,9,1733.08,0,1,3,3,133,Others,1
13027.0,2011-08-18 09:39:00,19,17335.2,113,3,3,4,334,Big Spenders,1
13028.0,2011-11-17 11:10:00,2,661.3199999999999,22,1,1,2,112,Others,1
13029.0,2011-11-09 09:13:00,5,1927.3,30,2,2,3,223,Others,1
13030.0,2011-11-28 14:30:00,2,1227.22,10,1,1,3,113,Others,1
13031.0,2010-10-28 15:34:00,5,3419.27,406,4,2,4,424,Recent Customers,0
13032.0,2011-10-18 15:54:00,9,2843.55,51,2,3,4,234,Big Spenders,1
13033.0,2010-12-17 14:23:00,2,220.55,356,3,1,1,311,Others,0
13034.0,2011-10-16 12:21:00,3,922.68,54,2,1,3,213,Others,1
13035.0,2011-09-27 08:57:00,3,1364.2,73,2,1,3,213,Others,1
13036.0,2010-01-24 11:35:00,1,307.1,684,4,1,1,411,Recent Customers,0
13037.0,2011-07-24 15:46:00,12,3914.9500000000003,137,3,3,4,334,Big Spenders,1
13038.0,2011-09-20 14:37:00,3,908.46,79,2,1,3,213,Others,1
13039.0,2010-05-04 16:45:00,4,1010.73,583,4,2,3,423,Recent Customers,0
13040.0,2011-12-01 10:38:00,2,676.99,8,1,1,2,112,Others,1
13041.0,2010-09-15 11:44:00,4,799.13,450,4,2,2,422,Recent Customers,0
13042.0,2010-04-20 13:43:00,3,1556.54,597,4,1,3,413,Recent Customers,0
13043.0,2011-03-11 14:52:00,1,516.42,272,3,1,2,312,Others,0
13044.0,2011-02-21 15:20:00,11,4853.9,290,3,3,4,334,Big Spenders,0
13045.0,2011-09-01 15:04:00,3,808.92,98,3,1,2,312,Others,1
13046.0,2011-11-09 08:36:00,3,949.25,30,2,1,3,213,Others,1
13047.0,2011-11-08 12:06:00,24,8795.16,31,2,3,4,234,Big Spenders,1
13048.0,2011-11-25 13:23:00,9,4084.21,13,1,3,4,134,Big Spenders,1
13049.0,2011-10-06 15:31:00,4,1408.24,63,2,2,3,223,Others,1
13050.0,2011-11-25 09:18:00,35,12344.53,14,1,3,4,134,Big Spenders,1
13051.0,2010-05-10 09:14:00,2,155.8,578,4,1,1,411,Recent Customers,0
13052.0,2011-05-11 14:12:00,7,3168.53,211,3,2,4,324,Big Spenders,1
13053.0,2010-03-28 11:28:00,1,127.64999999999999,621,4,1,1,411,Recent Customers,0
13055.0,2011-09-22 14:26:00,4,2321.11,77,2,2,4,224,Big Spenders,1
13056.0,2010-06-06 14:10:00,1,209.48,550,4,1,1,411,Recent Customers,0
13057.0,2010-06-27 15:44:00,3,722.09,529,4,1,2,412,Recent Customers,0
13058.0,2011-11-15 12:43:00,3,271.40000000000003,24,1,1,1,111,Others,1
13059.0,2011-04-04 10:40:00,10,2303.17,249,3,3,3,333,Others,1
13060.0,2011-03-31 11:37:00,1,307.53,253,3,1,1,311,Others,0
13061.0,2011-09-28 16:04:00,1,248.61,71,2,1,1,211,Others,1
13062.0,2011-06-01 15:12:00,1,346.98,190,3,1,1,311,Others,1
13063.0,2010-08-16 12:27:00,1,188.4,480,4,1,1,411,Recent Customers,0
13064.0,2011-11-27 12:31:00,6,1680.74,12,1,2,3,123,Others,1
13065.0,2010-12-01 16:52:00,5,1260.91,372,3,2,3,323,Others,0
13066.0,2011-11-15 12:57:00,2,470.8,23,1,1,2,112,Others,1
13067.0,2011-09-18 13:38:00,3,508.51,81,2,1,2,212,Others,1
13068.0,2011-11-29 15:00:00,2,344.0,9,1,1,1,111,Others,1
13069.0,2011-12-09 08:39:00,38,9683.13,0,1,3,4,134,Big Spenders,1
13070.0,2011-05-31 13:45:00,4,751.7,191,3,2,2,322,Others,1
13071.0,2010-04-06 13:37:00,1,129.22,611,4,1,1,411,Recent Customers,0
13072.0,2011-03-18 08:12:00,1,177.15,266,3,1,1,311,Others,0
13073.0,2010-10-24 14:06:00,2,418.08,410,4,1,2,412,Recent Customers,0
13074.0,2010-07-16 16:53:00,4,1378.74,510,4,2,3,423,Recent Customers,0
13075.0,2011-08-02 10:19:00,1,919.61,129,3,1,3,313,Others,1
13076.0,2010-09-08 10:27:00,1,135.4,457,4,1,1,411,Recent Customers,0
13077.0,2011-12-08 19:24:00,11,3064.67,0,1,3,4,134,Big Spenders,1
13078.0,2011-12-06 15:36:00,57,29532.45,2,1,3,4,134,Big Spenders,1
13079.0,2011-12-05 16:53:00,6,419.18,3,1,2,2,122,Others,1
13080.0,2011-06-13 14:59:00,4,280.73,178,3,2,1,321,Others,1
13081.0,2011-11-28 10:54:00,28,59205.15,11,1,3,4,134,Big Spenders,1
13082.0,2011-08-05 16:16:00,21,7335.75,125,3,3,4,334,Big Spenders,1
13083.0,2011-12-05 15:01:00,3,395.43,3,1,1,2,112,Others,1
13084.0,2010-08-05 08:49:00,1,122.39999999999999,491,4,1,1,411,Recent Customers,0
13085.0,2011-07-05 12:11:00,8,2433.28,157,3,3,4,334,Big Spenders,1
13086.0,2010-11-22 10:28:00,1,439.33000000000004,382,4,1,2,412,Recent Customers,0
13087.0,2009-12-13 15:16:00,1,313.64,725,4,1,1,411,Recent Customers,0
13088.0,2010-10-18 15:35:00,1,236.11,416,4,1,1,411,Recent Customers,0
13089.0,2011-12-07 09:02:00,203,116737.86,2,1,3,4,134,Big Spenders,2
13090.0,2011-12-01 12:39:00,24,14103.09,8,1,3,4,134,Big Spenders,1
13091.0,2011-11-11 15:54:00,3,2321.82,27,2,1,4,214,Big Spenders,1
13092.0,2011-09-30 11:18:00,12,2140.28,70,2,3,3,233,Others,1
13093.0,2011-03-09 12:14:00,55,54943.65,275,3,3,4,334,Big Spenders,2
13094.0,2011-11-18 14:07:00,13,2433.1200000000003,20,1,3,4,134,Big Spenders,1
13095.0,2011-09-30 12:03:00,1,74.39999999999999,70,2,1,1,211,Others,1
13096.0,2010-11-10 14:08:00,1,419.70000000000005,393,4,1,2,412,Recent Customers,0
13097.0,2011-11-07 10:43:00,28,13389.22,32,2,3,4,234,Big Spenders,1
13098.0,2011-12-08 14:14:00,28,28882.44,0,1,3,4,134,Big Spenders,1
13099.0,2011-09-01 17:40:00,1,207.35999999999999,98,3,1,1,311,Others,1
13101.0,2011-04-19 14:37:00,4,695.4,233,3,2,2,322,Others,1
13102.0,2011-12-08 12:52:00,37,11696.92,0,1,3,4,134,Big Spenders,1
13103.0,2011-10-31 09:38:00,3,709.64,39,2,1,2,212,Others,1
13104.0,2011-12-06 13:10:00,9,1709.1,2,1,3,3,133,Others,1
13105.0,2010-09-29 13:41:00,1,72.0,435,4,1,1,411,Recent Customers,0
13106.0,2011-07-29 15:12:00,2,603.46,132,3,1,2,312,Others,1
13107.0,2011-10-26 14:52:00,9,5253.07,43,2,3,4,234,Big Spenders,1
13108.0,2010-12-02 10:35:00,2,1098.52,372,3,1,3,313,Others,0
13109.0,2011-10-11 10:16:00,3,1134.03,59,2,1,3,213,Others,1
13110.0,2011-11-08 14:30:00,12,2957.4700000000003,30,2,3,4,234,Big Spenders,1
13111.0,2009-12-21 09:00:00,1,321.88,718,4,1,1,411,Recent Customers,0
13112.0,2010-06-16 17:03:00,1,20.6,540,4,1,1,411,Recent Customers,0
13113.0,2011-12-09 12:49:00,37,18625.73,0,1,3,4,134,Big Spenders,1
13114.0,2009-12-09 09:56:00,1,234.38,730,4,1,1,411,Recent Customers,0
13115.0,2011-11-28 12:38:00,10,5494.7,11,1,3,4,134,Big Spenders,1
13116.0,2011-07-24 14:33:00,1,501.14,137,3,1,2,312,Others,1
13117.0,2011-11-18 12:02:00,18,2643.81,21,1,3,4,134,Big Spenders,1
13118.0,2011-11-20 12:46:00,9,2415.41,19,1,3,4,134,Big Spenders,1
13119.0,2010-02-09 08:38:00,1,134.9,668,4,1,1,411,Recent Customers,0
13120.0,2011-04-15 10:19:00,1,30.599999999999998,238,3,1,1,311,Others,1
13121.0,2011-03-15 16:47:00,1,283.73,268,3,1,1,311,Others,0
13122.0,2011-09-06 15:53:00,2,922.39,93,2,1,3,213,Others,1
13123.0,2010-08-24 10:18:00,2,506.75,472,4,1,2,412,Recent Customers,0
13124.0,2011-09-11 12:45:00,4,4782.45,89,2,2,4,224,Big Spenders,1
13125.0,2010-07-04 11:58:00,1,158.57,523,4,1,1,411,Recent Customers,0
13126.0,2011-12-05 10:00:00,13,3998.25,4,1,3,4,134,Big Spenders,1
13127.0,2011-09-23 10:26:00,1,259.17,77,2,1,1,211,Others,1
13128.0,2010-03-18 15:08:00,1,263.5,630,4,1,1,411,Recent Customers,0
13129.0,2010-09-13 13:47:00,2,233.25,451,4,1,1,411,Recent Customers,0
13130.0,2011-09-06 15:30:00,1,64.0,93,2,1,1,211,Others,1
13131.0,2011-11-16 13:21:00,7,3313.77,22,1,2,4,124,Big Spenders,1
13132.0,2011-03-23 12:44:00,1,77.3,261,3,1,1,311,Others,0
13133.0,2011-03-11 10:31:00,3,200.45000000000002,273,3,1,1,311,Others,0
13134.0,2011-09-15 10:35:00,6,2475.23,85,2,2,4,224,Big Spenders,1
13135.0,2011-05-27 10:52:00,2,3371.45,196,3,1,4,314,Big Spenders,1
13136.0,2011-10-14 13:41:00,13,6274.56,55,2,3,4,234,Big Spenders,1
13137.0,2011-11-29 12:09:00,16,7712.7,10,1,3,4,134,Big Spenders,1
13138.0,2011-11-17 16:51:00,7,1467.24,21,1,2,3,123,Others,1
13139.0,2011-11-23 13:54:00,8,8202.98,15,1,3,4,134,Big Spenders,1
13140.0,2011-08-23 15:33:00,5,1215.68,107,3,2,3,323,Others,1
13141.0,2011-09-16 09:54:00,17,7668.58,84,2,3,4,234,Big Spenders,1
13142.0,2011-11-20 16:07:00,1,307.09,18,1,1,1,111,Others,1
13143.0,2010-05-04 12:22:00,1,405.1,584,4,1,2,412,Recent Customers,0
13144.0,2011-01-11 11:15:00,2,135.35,332,3,1,1,311,Others,0
13145.0,2011-10-31 12:45:00,7,1423.52,39,2,2,3,223,Others,1
13146.0,2011-11-13 15:29:00,1,228.91,25,1,1,1,111,Others,1
13147.0,2011-11-29 13:59:00,4,712.8000000000001,9,1,2,2,122,Others,1
13148.0,2011-11-10 15:23:00,26,8621.81,28,2,3,4,234,Big Spenders,1
13149.0,2011-11-25 13:09:00,4,1676.06,13,1,2,3,123,Others,1
13150.0,2010-08-12 12:59:00,3,449.96999999999997,483,4,1,2,412,Recent Customers,0
13151.0,2011-02-17 12:29:00,3,2580.7400000000002,295,3,1,4,314,Big Spenders,0
13152.0,2010-10-18 13:44:00,7,2146.38,416,4,2,3,423,Recent Customers,0
13153.0,2011-12-04 12:14:00,1,486.22,5,1,1,2,112,Others,1
13154.0,2010-11-05 16:00:00,3,1624.84,398,4,1,3,413,Recent Customers,0
13155.0,2011-11-06 15:41:00,6,1750.18,32,2,2,3,223,Others,1
13156.0,2010-11-19 13:09:00,3,1586.54,384,4,1,3,413,Recent Customers,0
13157.0,2011-10-21 13:50:00,9,5687.36,48,2,3,4,234,Big Spenders,1
13158.0,2011-09-06 11:58:00,5,1508.18,94,2,2,3,223,Others,1
13159.0,2011-12-01 11:20:00,4,1437.85,8,1,2,3,123,Others,1
13160.0,2011-11-17 13:07:00,1,91.8,21,1,1,1,111,Others,1
13161.0,2011-01-30 14:03:00,2,478.88,312,3,1,2,312,Others,0
13162.0,2011-08-09 15:59:00,16,9275.49,121,3,3,4,334,Big Spenders,1
13163.0,2010-04-08 16:21:00,1,17.65,609,4,1,1,411,Recent Customers,0
13164.0,2010-05-19 13:52:00,2,372.2,568,4,1,2,412,Recent Customers,0
13165.0,2011-10-24 15:05:00,3,1451.16,45,2,1,3,213,Others,1
13166.0,2011-03-01 15:16:00,2,884.18,282,3,1,2,312,Others,0
13167.0,2011-11-21 12:24:00,5,1125.15,18,1,2,3,123,Others,1
13168.0,2011-11-03 12:56:00,5,1875.31,35,2,2,3,223,Others,1
13169.0,2011-10-07 12:11:00,3,840.08,63,2,1,2,212,Others,1
13170.0,2011-11-13 12:19:00,1,116.00999999999999,26,2,1,1,211,Others,1
13171.0,2011-11-18 10:27:00,3,468.40999999999997,21,1,1,2,112,Others,1
13172.0,2010-11-04 15:10:00,1,69.6,399,4,1,1,411,Recent Customers,0
13173.0,2011-12-05 15:51:00,11,2639.35,3,1,3,4,134,Big Spenders,1
13174.0,2011-11-23 14:35:00,12,9494.84,15,1,3,4,134,Big Spenders,1
13175.0,2010-05-06 13:13:00,2,831.45,581,4,1,2,412,Recent Customers,0
13176.0,2011-10-24 15:43:00,1,492.84,45,2,1,2,212,Others,1
13177.0,2011-10-06 09:56:00,2,512.2,64,2,1,2,212,Others,1
13178.0,2011-11-13 16:14:00,21,14059.19,25,1,3,4,134,Big Spenders,1
13179.0,2010-03-31 11:40:00,1,572.3100000000001,618,4,1,2,412,Recent Customers,0
13180.0,2010-04-11 13:37:00,1,86.10000000000001,606,4,1,1,411,Recent Customers,0
13181.0,2010-11-23 15:05:00,1,359.69,380,4,1,2,412,Recent Customers,0
13182.0,2011-10-25 13:46:00,1,121.18,44,2,1,1,211,Others,1
13183.0,2011-12-02 10:30:00,15,7036.18,7,1,3,4,134,Big Spenders,1
13184.0,2011-11-25 12:02:00,10,1701.29,14,1,3,3,133,Others,1
13185.0,2011-03-17 11:56:00,1,71.4,267,3,1,1,311,Others,0
13186.0,2011-10-31 11:40:00,3,1575.89,39,2,1,3,213,Others,1
13187.0,2011-01-06 18:57:00,4,367.01,336,3,2,2,322,Others,0
13188.0,2011-11-28 15:28:00,1,114.60000000000001,10,1,1,1,111,Others,1
13189.0,2011-11-21 10:39:00,2,260.68,18,1,1,1,111,Others,1
13190.0,2010-06-13 15:47:00,3,570.66,543,4,1,2,412,Recent Customers,0
13191.0,2010-02-19 17:02:00,1,164.69,657,4,1,1,411,Recent Customers,0
13192.0,2011-09-05 14:13:00,6,2558.58,94,2,2,4,224,Big Spenders,1
13193.0,2011-10-09 14:30:00,1,117.88,60,2,1,1,211,Others,1
13194.0,2011-07-27 09:01:00,2,472.78,135,3,1,2,312,Others,1
13195.0,2010-10-21 13:07:00,1,172.38,413,4,1,1,411,Recent Customers,0
13196.0,2011-11-28 13:54:00,7,3068.84,10,1,2,4,124,Big Spenders,1
13197.0,2010-04-09 09:14:00,1,373.01000000000005,609,4,1,2,412,Recent Customers,0
13198.0,2011-11-29 15:17:00,8,4974.2300000000005,9,1,3,4,134,Big Spenders,1
13199.0,2011-12-06 12:30:00,67,16432.89,3,1,3,4,134,Big Spenders,1
13200.0,2011-11-20 15:35:00,4,870.09,18,1,2,2,122,Others,1
13201.0,2010-07-25 14:30:00,4,1240.6100000000001,501,4,2,3,423,Recent Customers,0
13202.0,2010-11-10 16:24:00,7,1580.3,393,4,2,3,423,Recent Customers,0
13203.0,2011-11-30 10:45:00,10,2648.25,9,1,3,4,134,Big Spenders,1
13204.0,2009-12-08 14:56:00,1,966.6600000000001,730,4,1,3,413,Recent Customers,0
13205.0,2010-09-22 16:26:00,1,2803.2,442,4,1,4,414,Recent Customers,0
13206.0,2010-11-04 16:50:00,13,8377.32,399,4,3,4,434,Recent Customers,0
13207.0,2011-11-24 14:52:00,4,535.86,14,1,2,2,122,Others,1
13208.0,2011-10-12 09:54:00,9,1988.5,58,2,3,3,233,Others,1
13209.0,2011-11-09 13:54:00,13,8509.51,29,2,3,4,234,Big Spenders,1
13210.0,2011-09-07 08:18:00,1,353.48,93,2,1,2,212,Others,1
13211.0,2011-11-29 14:43:00,10,2729.32,9,1,3,4,134,Big Spenders,1
13212.0,2011-11-20 12:40:00,3,788.08,19,1,1,2,112,Others,1
13213.0,2011-10-14 11:42:00,11,3851.52,56,2,3,4,234,Big Spenders,1
13214.0,2010-10-18 10:00:00,7,3264.23,417,4,2,4,424,Recent Customers,0
13215.0,2010-11-02 18:26:00,1,81.6,401,4,1,1,411,Recent Customers,0
13216.0,2011-03-17 12:18:00,1,333.74,267,3,1,1,311,Others,0
13217.0,2011-08-09 15:32:00,4,666.48,121,3,2,2,322,Others,1
13218.0,2011-08-04 16:59:00,1,62.63999999999999,126,3,1,1,311,Others,1
13219.0,2010-03-31 14:18:00,1,76.23,617,4,1,1,411,Recent Customers,0
13220.0,2011-09-22 13:38:00,5,1336.0900000000001,77,2,2,3,223,Others,1
13221.0,2011-04-13 16:58:00,2,847.41,239,3,1,2,312,Others,1
13222.0,2010-05-11 13:54:00,1,88.5,576,4,1,1,411,Recent Customers,0
13223.0,2011-05-23 13:03:00,6,969.1200000000001,199,3,2,3,323,Others,1
13224.0,2011-10-10 14:55:00,2,2155.95,59,2,1,3,213,Others,1
13225.0,2011-12-06 13:29:00,16,16260.07,2,1,3,4,134,Big Spenders,1
13226.0,2011-03-11 14:35:00,2,312.46,272,3,1,1,311,Others,0
13227.0,2011-05-22 11:47:00,1,257.7,201,3,1,1,311,Others,1
13228.0,2011-09-19 14:28:00,1,358.0,80,2,1,2,212,Others,1
13229.0,2011-04-28 12:07:00,1,160.95,225,3,1,1,311,Others,1
13230.0,2011-12-05 16:03:00,30,6360.78,3,1,3,4,134,Big Spenders,1
13232.0,2011-11-27 10:39:00,7,1357.6,12,1,2,3,123,Others,1
13233.0,2011-09-26 13:25:00,4,1176.46,73,2,2,3,223,Others,1
13234.0,2010-02-05 11:41:00,2,356.95,672,4,1,2,412,Recent Customers,0
13235.0,2011-05-11 17:13:00,1,1031.07,211,3,1,3,313,Others,1
13236.0,2011-11-15 12:50:00,2,744.85,24,1,1,2,112,Others,1
13237.0,2010-11-17 10:07:00,1,643.0,387,4,1,2,412,Recent Customers,0
13238.0,2011-11-22 15:37:00,6,1006.63,16,1,2,3,123,Others,1
13239.0,2011-03-23 10:25:00,5,1594.69,261,3,2,3,323,Others,1
13240.0,2011-09-04 14:08:00,8,1738.52,95,2,3,3,233,Others,1
13241.0,2010-10-24 11:17:00,1,115.58,411,4,1,1,411,Recent Customers,0
13242.0,2011-08-19 12:53:00,7,699.4,111,3,2,2,322,Others,1
13243.0,2011-05-20 13:14:00,5,1278.04,202,3,2,3,323,Others,1
13244.0,2011-09-08 11:46:00,1,121.74,92,2,1,1,211,Others,1
13245.0,2011-10-20 11:40:00,2,989.22,50,2,1,3,213,Others,1
13246.0,2011-11-21 16:50:00,11,3387.43,17,1,3,4,134,Big Spenders,1
13247.0,2011-11-22 10:59:00,4,501.12,17,1,2,2,122,Others,1
13248.0,2011-08-07 12:40:00,2,465.68,124,3,1,2,312,Others,1
13249.0,2011-09-08 13:26:00,9,1608.93,91,2,3,3,233,Others,1
13250.0,2010-09-05 11:33:00,2,256.04,460,4,1,1,411,Recent Customers,0
13251.0,2010-11-02 13:20:00,1,252.68,401,4,1,1,411,Recent Customers,0
13252.0,2010-11-10 16:00:00,2,399.3,393,4,1,2,412,Recent Customers,0
13253.0,2011-07-06 10:09:00,4,2951.11,156,3,2,4,324,Big Spenders,1
13254.0,2010-11-28 15:42:00,1,51.410000000000004,375,3,1,1,311,Others,0
13255.0,2011-11-30 13:14:00,3,904.46,8,1,1,3,113,Others,1
13257.0,2010-09-29 14:58:00,1,149.75,435,4,1,1,411,Recent Customers,0
13258.0,2011-11-28 09:31:00,5,1035.18,11,1,2,3,123,Others,1
13259.0,2011-10-09 10:48:00,9,1433.38,61,2,3,3,233,Others,1
13260.0,2011-10-09 13:21:00,1,557.62,60,2,1,2,212,Others,1
13261.0,2011-03-16 12:22:00,2,944.1,268,3,1,3,313,Others,0
13262.0,2011-03-21 15:06:00,3,573.45,262,3,1,2,312,Others,0
13263.0,2011-12-08 13:59:00,39,8704.69,0,1,3,4,134,Big Spenders,1
13264.0,2010-09-23 12:42:00,1,722.5600000000001,442,4,1,2,412,Recent Customers,0
13265.0,2011-10-17 15:02:00,5,2107.66,52,2,2,3,223,Others,1
13266.0,2011-11-28 14:39:00,19,6135.04,10,1,3,4,134,Big Spenders,1
13267.0,2011-12-07 11:12:00,36,9758.26,2,1,3,4,134,Big Spenders,1
13268.0,2011-11-22 11:51:00,11,3214.69,17,1,3,4,134,Big Spenders,1
13269.0,2011-12-08 14:53:00,28,8891.7,0,1,3,4,134,Big Spenders,1
13270.0,2010-12-08 14:53:00,1,1180.0,365,3,1,3,313,Others,0
13271.0,2011-11-02 14:31:00,1,217.38,36,2,1,1,211,Others,1
13272.0,2011-11-08 14:00:00,2,276.56,30,2,1,1,211,Others,1
13273.0,2011-08-18 14:02:00,1,138.98,112,3,1,1,311,Others,1
13274.0,2010-10-26 13:48:00,1,360.85,408,4,1,2,412,Recent Customers,0
13275.0,2010-11-21 12:09:00,2,241.66,383,4,1,1,411,Recent Customers,0
13276.0,2011-10-07 12:44:00,5,1939.26,63,2,2,3,223,Others,1
13277.0,2011-11-24 09:21:00,7,523.3,15,1,2,2,122,Others,1
13278.0,2011-10-30 11:49:00,4,1435.85,40,2,2,3,223,Others,1
13279.0,2011-09-22 17:24:00,1,137.75,77,2,1,1,211,Others,1
13280.0,2011-08-09 13:14:00,7,2322.63,121,3,2,4,324,Big Spenders,1
13281.0,2010-09-26 16:03:00,1,350.85,438,4,1,2,412,Recent Customers,0
13282.0,2011-11-21 15:33:00,4,1313.19,17,1,2,3,123,Others,1
13283.0,2011-10-11 09:50:00,4,373.36,59,2,2,2,222,Others,1
13284.0,2011-01-13 09:23:00,1,201.19,330,3,1,1,311,Others,0
13285.0,2011-11-16 13:19:00,6,3364.59,22,1,2,4,124,Big Spenders,1
13286.0,2010-04-18 15:35:00,1,734.91,599,4,1,2,412,Recent Customers,0
13287.0,2010-04-15 15:26:00,3,781.59,602,4,1,2,412,Recent Customers,0
13288.0,2010-09-22 16:32:00,5,927.61,442,4,2,3,423,Recent Customers,0
13289.0,2009-12-16 11:53:00,1,307.95,723,4,1,1,411,Recent Customers,0
13290.0,2010-09-27 16:29:00,1,208.63,437,4,1,1,411,Recent Customers,0
13291.0,2011-07-07 10:36:00,11,3320.84,155,3,3,4,334,Big Spenders,1
13292.0,2011-11-01 10:04:00,5,994.51,38,2,2,3,223,Others,1
13293.0,2010-11-12 13:28:00,6,1192.94,391,4,2,3,423,Recent Customers,0
13294.0,2011-06-03 08:54:00,3,1689.53,189,3,1,3,313,Others,1
13295.0,2010-12-15 11:21:00,4,1101.97,359,3,2,3,323,Others,0
13296.0,2011-07-25 13:46:00,6,792.51,136,3,2,2,322,Others,1
13297.0,2011-12-02 09:32:00,7,4368.62,7,1,2,4,124,Big Spenders,1
13298.0,2011-12-08 13:11:00,1,360.0,0,1,1,2,112,Others,1
13299.0,2011-03-16 12:55:00,3,1218.7,267,3,1,3,313,Others,0
13300.0,2011-06-23 13:09:00,3,1285.51,168,3,1,3,313,Others,1
13301.0,2011-08-28 11:25:00,4,618.09,103,3,2,2,322,Others,1
13302.0,2011-07-07 17:56:00,2,159.2,154,3,1,1,311,Others,1
13303.0,2010-11-04 14:55:00,1,61.72,399,4,1,1,411,Recent Customers,0
13304.0,2010-12-23 14:35:00,4,1217.99,350,3,2,3,323,Others,0
13305.0,2011-12-05 15:15:00,16,3754.71,3,1,3,4,134,Big Spenders,1
13306.0,2010-10-05 14:55:00,1,53.65,429,4,1,1,411,Recent Customers,0
13307.0,2011-08-11 17:14:00,3,273.34,119,3,1,1,311,Others,1
13308.0,2011-11-17 09:31:00,4,1670.3700000000001,22,1,2,3,123,Others,1
13309.0,2011-12-02 16:34:00,6,1706.37,6,1,2,3,123,Others,1
13310.0,2011-11-11 17:23:00,5,1541.2,27,2,2,3,223,Others,1
13311.0,2011-12-05 12:55:00,2,598.57,3,1,1,2,112,Others,1
13312.0,2010-09-14 14:36:00,1,124.75,450,4,1,1,411,Recent Customers,0
13313.0,2011-11-17 16:48:00,12,3445.32,21,1,3,4,134,Big Spenders,1
13314.0,2011-12-08 12:29:00,3,775.94,1,1,1,2,112,Others,1
13315.0,2010-01-19 15:34:00,1,310.26,688,4,1,1,411,Recent Customers,0
13316.0,2011-11-02 13:40:00,10,13191.57,36,2,3,4,234,Big Spenders,1
13317.0,2011-10-04 13:35:00,19,6486.091,65,2,3,4,234,Big Spenders,1
13318.0,2011-12-08 18:51:00,3,640.76,0,1,1,2,112,Others,1
13319.0,2011-12-04 13:34:00,58,22082.5,4,1,3,4,134,Big Spenders,1
13320.0,2011-09-22 18:07:00,6,2228.1,77,2,2,3,223,Others,1
13321.0,2011-09-28 15:24:00,2,567.36,71,2,1,2,212,Others,1
13322.0,2011-11-22 14:21:00,1,199.48000000000002,16,1,1,1,111,Others,1
13323.0,2011-12-06 17:12:00,5,787.85,2,1,2,2,122,Others,1
13324.0,2011-11-03 16:28:00,18,10513.47,35,2,3,4,234,Big Spenders,1
13325.0,2011-09-19 10:36:00,1,675.3,81,2,1,2,212,Others,1
13326.0,2010-10-03 16:00:00,1,281.76,431,4,1,1,411,Recent Customers,0
13327.0,2011-11-01 10:21:00,20,9879.48,38,2,3,4,234,Big Spenders,1
13328.0,2011-01-27 15:22:00,1,1308.48,315,3,1,3,313,Others,0
13329.0,2011-11-08 10:29:00,8,5112.97,31,2,3,4,234,Big Spenders,1
13330.0,2011-09-08 12:27:00,6,2806.18,92,2,2,4,224,Big Spenders,1
13331.0,2010-11-03 08:04:00,1,262.4,401,4,1,1,411,Recent Customers,0
13332.0,2011-11-25 13:30:00,1,350.9,13,1,1,2,112,Others,1
13333.0,2010-10-24 13:24:00,3,1015.74,410,4,1,3,413,Recent Customers,0
13334.0,2011-09-18 15:21:00,5,6263.75,81,2,2,4,224,Big Spenders,1
13336.0,2011-09-23 14:05:00,1,795.12,76,2,1,2,212,Others,1
13337.0,2010-06-11 13:27:00,1,1575.26,545,4,1,3,413,Recent Customers,0
13338.0,2011-07-05 09:06:00,4,2445.62,157,3,2,4,324,Big Spenders,1
13339.0,2011-05-23 08:31:00,1,860.12,200,3,1,2,312,Others,1
13340.0,2011-10-25 13:15:00,12,22100.56,44,2,3,4,234,Big Spenders,1
13341.0,2011-03-24 09:50:00,1,775.85,260,3,1,2,312,Others,0
13343.0,2011-06-15 12:24:00,1,353.43,177,3,1,2,312,Others,1
13344.0,2011-10-03 09:45:00,3,2543.72,67,2,1,4,214,Big Spenders,1
13345.0,2011-02-25 09:01:00,1,389.5,287,3,1,2,312,Others,0
13346.0,2010-09-03 11:41:00,6,299.4,462,4,2,1,421,Recent Customers,0
13347.0,2011-09-30 13:28:00,1,341.36,69,2,1,1,211,Others,1
13348.0,2011-10-06 17:28:00,1,233.76,63,2,1,1,211,Others,1
13349.0,2011-11-29 08:07:00,1,247.32,10,1,1,1,111,Others,1
13350.0,2011-11-23 16:33:00,2,979.12,15,1,1,3,113,Others,1
13351.0,2011-10-04 12:55:00,1,373.94,65,2,1,2,212,Others,1
13352.0,2011-10-10 13:55:00,1,397.97999999999996,59,2,1,2,212,Others,1
13354.0,2011-09-29 13:17:00,1,743.53,70,2,1,2,212,Others,1
13355.0,2011-08-09 14:48:00,1,674.7,121,3,1,2,312,Others,1
13356.0,2011-09-20 14:33:00,1,768.24,79,2,1,2,212,Others,1
13357.0,2011-03-27 13:56:00,5,3838.36,256,3,2,4,324,Big Spenders,1
13358.0,2011-03-16 11:52:00,1,439.03000000000003,268,3,1,2,312,Others,0
13359.0,2011-10-07 09:30:00,2,1043.31,63,2,1,3,213,Others,1
13360.0,2010-10-04 12:37:00,4,1553.65,431,4,2,3,423,Recent Customers,0
13361.0,2010-08-24 14:56:00,2,1450.5,471,4,1,3,413,Recent Customers,0
13362.0,2011-11-30 14:41:00,7,5394.07,8,1,2,4,124,Big Spenders,1
13363.0,2011-11-22 12:40:00,3,1723.86,17,1,1,3,113,Others,1
13364.0,2011-09-29 18:13:00,1,134.96,70,2,1,1,211,Others,1
13365.0,2011-11-06 12:36:00,2,2225.37,33,2,1,3,213,Others,1
13366.0,2011-10-20 13:37:00,1,56.160000000000004,49,2,1,1,211,Others,1
13367.0,2010-10-04 10:00:00,1,510.2,431,4,1,2,412,Recent Customers,0
13368.0,2011-03-28 09:59:00,4,1121.5,256,3,2,3,323,Others,1
13369.0,2010-12-09 11:30:00,1,616.5600000000001,365,3,1,2,312,Others,0
13370.0,2010-12-03 10:26:00,1,1509.74,371,3,1,3,313,Others,0
13371.0,2010-07-22 17:33:00,2,2297.66,504,4,1,3,413,Recent Customers,0
13372.0,2011-09-11 12:46:00,1,378.64,89,2,1,2,212,Others,1
13373.0,2011-10-10 10:51:00,6,7587.1900000000005,60,2,2,4,224,Big Spenders,1
13374.0,2010-10-21 10:04:00,2,422.8,414,4,1,2,412,Recent Customers,0
13375.0,2011-09-12 10:19:00,2,1792.23,88,2,1,3,213,Others,1
13376.0,2011-09-01 16:16:00,3,1019.76,98,3,1,3,313,Others,1
13377.0,2010-11-08 12:20:00,2,1552.88,396,4,1,3,413,Recent Customers,0
13379.0,2011-11-13 13:45:00,3,572.56,25,1,1,2,112,Others,1
13380.0,2010-10-03 10:18:00,1,62.4,432,4,1,1,411,Recent Customers,0
13381.0,2011-11-08 11:58:00,12,8224.37,31,2,3,4,234,Big Spenders,1
13382.0,2011-03-04 10:03:00,5,1387.58,280,3,2,3,323,Others,0
13383.0,2010-06-14 11:45:00,1,305.28000000000003,543,4,1,1,411,Recent Customers,0
13384.0,2011-11-09 11:04:00,11,6680.83,30,2,3,4,234,Big Spenders,1
13385.0,2011-01-14 09:52:00,1,534.57,329,3,1,2,312,Others,0
13386.0,2010-10-21 12:52:00,2,835.46,413,4,1,2,412,Recent Customers,0
13387.0,2010-10-18 14:07:00,1,189.44,416,4,1,1,411,Recent Customers,0
13388.0,2011-07-31 12:52:00,3,1185.65,130,3,1,3,313,Others,1
13389.0,2011-11-28 14:01:00,3,797.96,10,1,1,2,112,Others,1
13390.0,2011-09-26 08:38:00,1,544.08,74,2,1,2,212,Others,1
13391.0,2011-05-20 10:50:00,1,59.8,203,3,1,1,311,Others,1
13392.0,2010-01-31 13:34:00,1,91.14,676,4,1,1,411,Recent Customers,0
13393.0,2010-05-05 09:34:00,4,1131.45,583,4,2,3,423,Recent Customers,0
13394.0,2011-12-08 11:36:00,19,6621.7,1,1,3,4,134,Big Spenders,1
13395.0,2011-06-07 15:04:00,3,1180.23,184,3,1,3,313,Others,1
13396.0,2011-11-10 16:59:00,2,1360.99,28,2,1,3,213,Others,1
13397.0,2011-09-28 10:56:00,10,3191.87,72,2,3,4,234,Big Spenders,1
13398.0,2011-05-31 13:17:00,2,670.34,191,3,1,2,312,Others,1
13399.0,2010-09-01 13:59:00,3,275.4,463,4,1,1,411,Recent Customers,0
13400.0,2010-05-06 09:00:00,1,310.83,582,4,1,1,411,Recent Customers,0
13402.0,2011-08-04 15:51:00,4,1535.13,126,3,2,3,323,Others,1
13403.0,2011-11-22 08:28:00,3,229.5,17,1,1,1,111,Others,1
13404.0,2011-12-08 15:37:00,2,252.48999999999998,0,1,1,1,111,Others,1
13405.0,2011-09-26 17:01:00,6,1213.811,73,2,2,3,223,Others,1
13406.0,2010-10-08 14:44:00,2,568.92,426,4,1,2,412,Recent Customers,0
13407.0,2010-05-10 12:41:00,3,2244.7,578,4,1,3,413,Recent Customers,0
13408.0,2011-12-08 09:05:00,106,51733.462,1,1,3,4,134,Big Spenders,2
13410.0,2011-11-15 15:33:00,9,2201.96,23,1,3,3,133,Others,1
13411.0,2011-08-24 13:57:00,1,213.55,106,3,1,1,311,Others,1
13412.0,2010-03-29 16:28:00,1,487.34999999999997,619,4,1,2,412,Recent Customers,0
13413.0,2010-03-10 12:17:00,6,429.44,639,4,2,2,422,Recent Customers,0
13414.0,2011-07-29 11:45:00,6,2494.14,133,3,2,4,324,Big Spenders,1
13415.0,2010-08-24 11:38:00,4,800.67,472,4,2,2,422,Recent Customers,0
13416.0,2011-10-27 08:56:00,3,940.8000000000001,43,2,1,3,213,Others,1
13417.0,2011-12-05 08:49:00,6,1669.49,4,1,2,3,123,Others,1
13418.0,2011-11-28 10:23:00,31,12233.6,11,1,3,4,134,Big Spenders,1
13419.0,2011-10-07 12:49:00,1,221.06,63,2,1,1,211,Others,1
13420.0,2011-07-13 08:48:00,2,159.85,149,3,1,1,311,Others,1
13421.0,2011-10-30 14:21:00,8,4103.12,39,2,3,4,234,Big Spenders,1
13422.0,2011-10-06 13:42:00,1,2626.3,63,2,1,4,214,Big Spenders,1
13423.0,2010-10-07 09:02:00,1,217.03,428,4,1,1,411,Recent Customers,0
13424.0,2010-09-16 10:49:00,1,572.77,449,4,1,2,412,Recent Customers,0
13425.0,2011-08-23 17:13:00,5,3403.63,107,3,2,4,324,Big Spenders,1
13426.0,2011-12-09 08:59:00,22,8167.38,0,1,3,4,134,Big Spenders,1
13427.0,2011-11-20 13:02:00,6,1006.53,18,1,2,3,123,Others,1
13428.0,2011-11-29 14:20:00,3,499.98,9,1,1,2,112,Others,1
13429.0,2011-11-29 09:10:00,4,1006.8,10,1,2,3,123,Others,1
13430.0,2011-11-21 08:19:00,2,679.45,18,1,1,2,112,Others,1
13431.0,2011-10-03 13:49:00,8,3316.2400000000002,66,2,3,4,234,Big Spenders,1
13432.0,2010-05-17 13:18:00,2,439.1,570,4,1,2,412,Recent Customers,0
13433.0,2010-07-26 16:55:00,4,658.3199999999999,500,4,2,2,422,Recent Customers,0
13434.0,2011-09-26 14:30:00,5,1666.8600000000001,73,2,2,3,223,Others,1
13435.0,2011-12-04 14:45:00,9,4475.2300000000005,4,1,3,4,134,Big Spenders,1
13436.0,2011-12-08 10:33:00,1,196.89,1,1,1,1,111,Others,1
13437.0,2011-11-25 14:00:00,7,3408.06,13,1,2,4,124,Big Spenders,1
13438.0,2010-06-10 18:46:00,1,46.5,546,4,1,1,411,Recent Customers,0
13439.0,2011-03-29 14:20:00,3,986.61,254,3,1,3,313,Others,1
13440.0,2010-10-12 13:11:00,7,1295.25,422,4,2,3,423,Recent Customers,0
13441.0,2011-09-09 09:38:00,2,720.9,91,2,1,2,212,Others,1
13442.0,2010-02-10 14:03:00,3,419.87,666,4,1,2,412,Recent Customers,0
13443.0,2010-09-17 12:31:00,6,1280.16,448,4,2,3,423,Recent Customers,0
13444.0,2010-11-30 13:02:00,2,631.6800000000001,373,3,1,2,312,Others,0
13445.0,2010-03-23 15:34:00,1,241.9,625,4,1,1,411,Recent Customers,0
13446.0,2010-10-05 18:51:00,11,3881.89,429,4,3,4,434,Recent Customers,0
13447.0,2011-11-16 13:38:00,3,1129.14,22,1,1,3,113,Others,1
13448.0,2011-11-23 12:33:00,13,9240.87,16,1,3,4,134,Big Spenders,1
13449.0,2011-11-16 08:28:00,1,291.88,23,1,1,1,111,Others,1
13450.0,2011-11-13 11:54:00,13,4120.04,26,2,3,4,234,Big Spenders,1
13451.0,2011-11-13 15:58:00,11,7190.92,25,1,3,4,134,Big Spenders,1
13452.0,2011-03-25 14:19:00,3,729.8,258,3,1,2,312,Others,0
13453.0,2011-06-27 09:34:00,3,781.6899999999999,165,3,1,2,312,Others,1
13454.0,2010-03-08 14:40:00,1,219.87,640,4,1,1,411,Recent Customers,0
13455.0,2011-11-15 11:21:00,6,2905.93,24,1,2,4,124,Big Spenders,1
13456.0,2011-11-22 09:18:00,6,1766.72,17,1,2,3,123,Others,1
13457.0,2010-01-20 08:48:00,2,148.22,688,4,1,1,411,Recent Customers,0
13458.0,2011-12-02 15:29:00,16,11959.27,6,1,3,4,134,Big Spenders,1
13459.0,2010-03-25 10:24:00,2,1160.4099999999999,624,4,1,3,413,Recent Customers,0
13460.0,2011-11-10 17:17:00,2,183.44,28,2,1,1,211,Others,1
13461.0,2011-11-01 09:01:00,6,4160.0,38,2,2,4,224,Big Spenders,1
13462.0,2011-04-01 11:20:00,5,1153.85,252,3,2,3,323,Others,1
13464.0,2011-10-12 15:01:00,6,3097.64,57,2,2,4,224,Big Spenders,1
13465.0,2010-09-19 15:13:00,2,931.12,445,4,1,3,413,Recent Customers,0
13466.0,2011-06-08 16:39:00,5,1013.35,183,3,2,3,323,Others,1
13467.0,2011-11-29 10:01:00,2,1083.71,10,1,1,3,113,Others,1
13468.0,2011-12-08 10:39:00,72,13390.51,1,1,3,4,134,Big Spenders,1
13469.0,2010-02-24 15:03:00,1,82.4,652,4,1,1,411,Recent Customers,0
13470.0,2011-09-01 14:57:00,2,165.0,98,3,1,1,311,Others,1
13471.0,2011-12-08 15:44:00,4,2531.58,0,1,2,4,124,Big Spenders,1
13472.0,2010-09-02 09:41:00,2,592.24,463,4,1,2,412,Recent Customers,0
13473.0,2011-10-10 11:20:00,8,2657.76,60,2,3,4,234,Big Spenders,1
13474.0,2011-04-17 13:53:00,3,663.79,235,3,1,2,312,Others,1
13475.0,2011-06-01 13:52:00,4,1431.78,190,3,2,3,323,Others,1
13476.0,2011-06-14 12:00:00,5,2061.4700000000003,178,3,2,3,323,Others,1
13477.0,2011-11-02 12:04:00,11,2834.17,37,2,3,4,234,Big Spenders,1
13478.0,2010-08-27 13:23:00,5,2215.78,468,4,2,3,423,Recent Customers,0
13479.0,2011-05-23 10:45:00,4,851.37,200,3,2,2,322,Others,1
13480.0,2010-10-19 11:53:00,2,627.82,416,4,1,2,412,Recent Customers,0
13481.0,2011-10-25 09:07:00,11,3830.84,45,2,3,4,234,Big Spenders,1
13482.0,2011-04-21 17:03:00,2,336.09,231,3,1,1,311,Others,1
13483.0,2011-10-05 11:53:00,1,140.34,65,2,1,1,211,Others,1
13484.0,2011-04-12 16:30:00,3,790.72,240,3,1,2,312,Others,1
13485.0,2011-04-20 13:58:00,11,3019.2200000000003,232,3,3,4,334,Big Spenders,1
13486.0,2011-09-22 13:13:00,3,1122.41,77,2,1,3,213,Others,1
13487.0,2011-10-13 12:07:00,5,846.87,57,2,2,2,222,Others,1
13488.0,2011-11-22 14:41:00,23,15587.88,16,1,3,4,134,Big Spenders,1
13489.0,2011-08-26 13:16:00,4,449.52,104,3,2,2,322,Others,1
13490.0,2010-02-23 14:48:00,1,154.25,653,4,1,1,411,Recent Customers,0
13491.0,2011-10-19 08:32:00,27,4566.56,51,2,3,4,234,Big Spenders,1
13492.0,2011-07-26 14:25:00,3,1269.84,135,3,1,3,313,Others,1
13493.0,2011-03-09 15:35:00,2,618.63,274,3,1,2,312,Others,0
13494.0,2011-02-01 11:58:00,1,316.26000000000005,311,3,1,1,311,Others,0
13495.0,2011-12-02 11:21:00,10,5374.26,7,1,3,4,134,Big Spenders,1
13496.0,2011-11-29 10:58:00,2,653.33,10,1,1,2,112,Others,1
13497.0,2011-03-02 09:04:00,6,1320.33,282,3,2,3,323,Others,0
13498.0,2009-12-09 15:26:00,1,327.38,729,4,1,1,411,Recent Customers,0
13499.0,2011-11-22 11:21:00,5,1159.11,17,1,2,3,123,Others,1
13500.0,2011-11-16 15:35:00,4,1466.3,22,1,2,3,123,Others,1
13501.0,2011-02-24 18:59:00,3,2885.11,287,3,1,4,314,Big Spenders,0
13502.0,2011-11-23 10:39:00,5,780.5,16,1,2,2,122,Others,1
13503.0,2011-09-29 13:23:00,6,1905.39,70,2,2,3,223,Others,1
13504.0,2011-10-06 13:20:00,1,295.93,63,2,1,1,211,Others,1
13505.0,2011-09-28 11:56:00,4,4393.63,72,2,2,4,224,Big Spenders,1
13506.0,2011-01-27 13:53:00,5,1639.2,315,3,2,3,323,Others,0
13507.0,2011-12-06 13:13:00,4,2479.16,2,1,2,4,124,Big Spenders,1
13508.0,2011-04-10 11:58:00,2,287.05,243,3,1,1,311,Others,1
13509.0,2011-12-01 10:10:00,8,1114.72,8,1,3,3,133,Others,1
13510.0,2011-12-08 13:46:00,11,4558.29,0,1,3,4,134,Big Spenders,1
13511.0,2010-02-01 12:10:00,1,282.76,676,4,1,1,411,Recent Customers,0
13512.0,2011-03-24 10:03:00,4,713.39,260,3,2,2,322,Others,1
13513.0,2011-08-05 11:50:00,3,824.59,126,3,1,2,312,Others,1
13514.0,2011-09-27 09:39:00,4,815.9,73,2,2,2,222,Others,1
13515.0,2011-09-28 11:26:00,6,1265.82,72,2,2,3,223,Others,1
13516.0,2011-11-18 13:15:00,4,1685.26,20,1,2,3,123,Others,1
13517.0,2011-10-11 11:43:00,3,2128.42,59,2,1,3,213,Others,1
13518.0,2011-09-15 10:29:00,1,659.4399999999999,85,2,1,2,212,Others,1
13519.0,2011-09-22 18:24:00,2,343.21000000000004,77,2,1,1,211,Others,1
13520.0,2011-10-12 10:20:00,11,6909.4,58,2,3,4,234,Big Spenders,1
13521.0,2011-12-08 13:50:00,3,1093.65,0,1,1,3,113,Others,1
13522.0,2011-11-09 15:11:00,1,125.80000000000001,29,2,1,1,211,Others,1
13523.0,2011-11-06 15:11:00,6,5101.52,32,2,2,4,224,Big Spenders,1
13524.0,2011-10-30 12:34:00,5,680.1800000000001,40,2,2,2,222,Others,1
13525.0,2011-11-25 12:01:00,2,628.78,14,1,1,2,112,Others,1
13526.0,2009-12-01 13:13:00,2,1182.0,737,4,1,3,413,Recent Customers,0
13527.0,2011-11-06 12:04:00,12,4683.74,33,2,3,4,234,Big Spenders,1
13529.0,2011-09-22 09:15:00,2,307.76,78,2,1,1,211,Others,1
13530.0,2010-03-15 14:10:00,1,402.97999999999996,633,4,1,2,412,Recent Customers,0
13531.0,2011-05-18 16:56:00,6,1738.52,204,3,2,3,323,Others,1
13532.0,2011-11-06 12:25:00,1,210.31,33,2,1,1,211,Others,1
13533.0,2011-06-10 11:54:00,3,270.79,182,3,1,1,311,Others,1
13534.0,2011-12-07 14:52:00,35,7720.9,1,1,3,4,134,Big Spenders,1
13535.0,2010-11-02 11:49:00,1,89.5,402,4,1,1,411,Recent Customers,0
13536.0,2011-12-08 16:38:00,7,3448.29,0,1,2,4,124,Big Spenders,1
13537.0,2010-10-10 12:45:00,2,717.85,425,4,1,2,412,Recent Customers,0
13538.0,2011-10-27 16:34:00,12,3112.73,42,2,3,4,234,Big Spenders,1
13539.0,2011-09-15 10:18:00,7,1569.3600000000001,85,2,2,3,223,Others,1
13540.0,2010-08-29 14:20:00,3,632.39,466,4,1,2,412,Recent Customers,0
13541.0,2010-10-08 16:37:00,2,785.25,426,4,1,2,412,Recent Customers,0
13542.0,2010-11-28 11:24:00,17,4006.17,376,3,3,4,334,Big Spenders,0
13543.0,2010-03-15 13:34:00,2,1439.61,633,4,1,3,413,Recent Customers,0
13544.0,2011-10-31 11:57:00,6,829.0,39,2,2,2,222,Others,1
13545.0,2010-11-14 11:27:00,2,374.64,390,4,1,2,412,Recent Customers,0
13546.0,2011-11-27 14:50:00,5,1092.14,11,1,2,3,123,Others,1
13547.0,2010-10-27 14:14:00,1,175.53,407,4,1,1,411,Recent Customers,0
13548.0,2011-09-04 14:50:00,3,908.99,95,2,1,3,213,Others,1
13549.0,2011-11-14 09:20:00,8,1005.8,25,1,3,3,133,Others,1
13550.0,2010-11-21 15:24:00,1,349.51,382,4,1,2,412,Recent Customers,0
13551.0,2011-01-24 14:46:00,2,244.2,318,3,1,1,311,Others,0
13552.0,2011-10-04 15:19:00,22,6978.92,65,2,3,4,234,Big Spenders,1
13553.0,2010-02-03 12:21:00,1,517.8,674,4,1,2,412,Recent Customers,0
13554.0,2010-11-24 15:05:00,7,1638.28,379,3,2,3,323,Others,0
13555.0,2011-09-27 12:36:00,13,8999.19,73,2,3,4,234,Big Spenders,1
13556.0,2010-10-06 16:44:00,2,200.82,428,4,1,1,411,Recent Customers,0
13557.0,2011-11-11 15:24:00,13,3032.26,27,2,3,4,234,Big Spenders,1
13558.0,2011-12-04 11:24:00,4,605.06,5,1,2,2,122,Others,1
13559.0,2010-07-15 09:52:00,2,990.0,512,4,1,3,413,Recent Customers,0
13560.0,2011-12-02 13:11:00,1,174.37,6,1,1,1,111,Others,1
13561.0,2011-05-08 12:39:00,11,1820.72,215,3,3,3,333,Others,1
13562.0,2011-09-19 10:51:00,8,4838.18,81,2,3,4,234,Big Spenders,1
13563.0,2011-09-16 14:45:00,2,777.53,83,2,1,2,212,Others,1
13564.0,2011-07-18 14:33:00,37,17249.55,143,3,3,4,334,Big Spenders,1
13565.0,2011-11-20 14:33:00,3,414.8,18,1,1,2,112,Others,1
13566.0,2011-10-30 11:59:00,5,1708.1200000000001,40,2,2,3,223,Others,1
13567.0,2010-10-07 12:51:00,4,1083.69,427,4,2,3,423,Recent Customers,0
13568.0,2011-06-19 14:42:00,1,192.85,172,3,1,1,311,Others,1
13569.0,2011-11-22 13:07:00,4,893.78,16,1,2,2,122,Others,1
13570.0,2011-04-10 13:36:00,1,239.49,242,3,1,1,311,Others,1
13571.0,2011-11-27 10:47:00,26,4546.54,12,1,3,4,134,Big Spenders,1
13572.0,2011-05-18 11:59:00,1,1384.25,205,3,1,3,313,Others,1
13573.0,2011-10-20 14:33:00,6,916.47,49,2,2,3,223,Others,1
13574.0,2010-10-24 13:28:00,1,421.25,410,4,1,2,412,Recent Customers,0
13575.0,2011-11-16 13:14:00,5,732.0699999999999,22,1,2,2,122,Others,1
13576.0,2011-11-29 15:34:00,28,11551.74,9,1,3,4,134,Big Spenders,1
13577.0,2011-11-14 15:19:00,11,3489.28,24,1,3,4,134,Big Spenders,1
13578.0,2010-10-26 13:44:00,1,147.66,408,4,1,1,411,Recent Customers,0
13579.0,2011-11-25 08:41:00,5,1539.04,14,1,2,3,123,Others,1
13580.0,2010-10-29 15:01:00,1,107.75,405,4,1,1,411,Recent Customers,0
13581.0,2011-02-03 14:41:00,2,280.53000000000003,308,3,1,1,311,Others,0
13582.0,2010-11-15 11:34:00,2,241.68,389,4,1,1,411,Recent Customers,0
13583.0,2011-07-07 10:40:00,2,1445.031,155,3,1,3,313,Others,1
13584.0,2011-02-06 12:49:00,3,392.45,306,3,1,2,312,Others,0
13585.0,2010-06-27 12:33:00,3,684.54,530,4,1,2,412,Recent Customers,0
13586.0,2010-06-16 13:47:00,1,131.53,540,4,1,1,411,Recent Customers,0
13587.0,2011-10-07 12:31:00,4,1673.5,63,2,2,3,223,Others,1
13588.0,2011-11-24 10:42:00,9,2478.95,15,1,3,4,134,Big Spenders,1
13589.0,2011-11-25 12:10:00,6,1120.74,14,1,2,3,123,Others,1
13590.0,2011-11-28 12:54:00,18,6349.59,10,1,3,4,134,Big Spenders,1
13591.0,2011-10-06 12:26:00,7,2093.94,64,2,2,3,223,Others,1
13592.0,2011-11-04 09:49:00,4,247.96,35,2,2,1,221,Others,1
13593.0,2011-08-23 13:35:00,14,5523.6900000000005,107,3,3,4,334,Big Spenders,1
13594.0,2011-10-18 10:19:00,2,533.32,52,2,1,2,212,Others,1
13595.0,2010-07-11 12:36:00,3,818.22,516,4,1,2,412,Recent Customers,0
13596.0,2011-12-04 12:01:00,2,697.04,5,1,1,2,112,Others,1
13597.0,2010-11-04 14:54:00,2,396.71,399,4,1,2,412,Recent Customers,0
13598.0,2011-10-23 14:28:00,5,789.59,46,2,2,2,222,Others,1
13599.0,2011-12-08 16:10:00,33,10167.630000000001,0,1,3,4,134,Big Spenders,1
13600.0,2011-01-31 15:27:00,2,518.42,311,3,1,2,312,Others,0
13601.0,2011-10-25 17:31:00,4,1185.14,44,2,2,3,223,Others,1
13602.0,2011-10-06 11:47:00,4,1025.17,64,2,2,3,223,Others,1
13603.0,2011-11-13 15:57:00,1,164.34,25,1,1,1,111,Others,1
13604.0,2010-02-19 12:02:00,1,717.62,658,4,1,2,412,Recent Customers,0
13605.0,2010-11-17 17:16:00,2,522.67,386,4,1,2,412,Recent Customers,0
13606.0,2011-11-10 17:46:00,3,280.53999999999996,28,2,1,1,211,Others,1
13607.0,2011-10-30 16:17:00,2,1078.31,39,2,1,3,213,Others,1
13608.0,2010-06-17 12:28:00,1,236.2,540,4,1,1,411,Recent Customers,0
13609.0,2010-04-25 13:26:00,1,167.35,592,4,1,1,411,Recent Customers,0
13610.0,2011-11-27 15:38:00,14,2175.88,11,1,3,3,133,Others,1
13611.0,2011-09-11 14:51:00,10,3319.53,88,2,3,4,234,Big Spenders,1
13612.0,2010-03-17 12:14:00,1,818.29,632,4,1,2,412,Recent Customers,0
13613.0,2010-09-13 12:01:00,5,1039.8500000000001,452,4,2,3,423,Recent Customers,0
13614.0,2011-11-15 14:47:00,6,2359.19,23,1,2,4,124,Big Spenders,1
13615.0,2011-01-25 08:21:00,8,6272.53,318,3,3,4,334,Big Spenders,0
13616.0,2010-05-20 12:59:00,2,288.1,567,4,1,1,411,Recent Customers,0
13617.0,2011-10-30 13:50:00,8,1278.75,39,2,3,3,233,Others,1
13618.0,2011-06-19 11:09:00,1,177.34,173,3,1,1,311,Others,1
13619.0,2010-06-13 11:39:00,2,231.69,544,4,1,1,411,Recent Customers,0
13620.0,2010-06-29 15:02:00,1,112.34,527,4,1,1,411,Recent Customers,0
13621.0,2011-08-15 08:26:00,1,213.85,116,3,1,1,311,Others,1
13622.0,2010-01-12 13:22:00,1,658.95,695,4,1,2,412,Recent Customers,0
13623.0,2011-11-09 12:00:00,10,2566.49,30,2,3,4,234,Big Spenders,1
13624.0,2010-11-16 13:43:00,1,462.08,387,4,1,2,412,Recent Customers,0
13625.0,2010-04-22 10:50:00,1,301.26,596,4,1,1,411,Recent Customers,0
13626.0,2011-04-01 10:05:00,2,707.04,252,3,1,2,312,Others,1
13627.0,2011-10-11 14:20:00,7,2245.9,58,2,2,3,223,Others,1
13628.0,2010-02-01 14:44:00,1,310.14000000000004,675,4,1,1,411,Recent Customers,0
13629.0,2011-11-16 13:21:00,19,13370.86,22,1,3,4,134,Big Spenders,1
13630.0,2011-12-04 15:16:00,7,2031.78,4,1,2,3,123,Others,1
13631.0,2011-09-01 09:57:00,11,3070.42,99,3,3,4,334,Big Spenders,1
13632.0,2011-11-15 10:51:00,8,3648.15,24,1,3,4,134,Big Spenders,1
13634.0,2011-11-06 13:40:00,16,5073.47,32,2,3,4,234,Big Spenders,1
13635.0,2011-10-03 10:55:00,4,2999.16,67,2,2,4,224,Big Spenders,1
13636.0,2011-11-03 10:30:00,5,949.12,36,2,2,3,223,Others,1
13637.0,2011-10-18 13:32:00,3,810.5,51,2,1,2,212,Others,1
13638.0,2011-11-24 10:38:00,1,122.64,15,1,1,1,111,Others,1
13639.0,2011-09-26 13:36:00,2,1346.27,73,2,1,3,213,Others,1
13640.0,2010-04-07 15:33:00,1,405.0,610,4,1,2,412,Recent Customers,0
13641.0,2010-03-09 07:37:00,5,1016.47,640,4,2,3,423,Recent Customers,0
13642.0,2011-05-08 12:34:00,4,514.72,215,3,2,2,322,Others,1
13643.0,2011-11-08 15:37:00,10,2156.77,30,2,3,3,233,Others,1
13644.0,2011-11-23 14:07:00,4,2624.26,15,1,2,4,124,Big Spenders,1
13645.0,2011-08-11 16:11:00,1,252.1,119,3,1,1,311,Others,1
13646.0,2010-11-05 12:13:00,2,326.25,399,4,1,1,411,Recent Customers,0
13647.0,2011-11-30 12:00:00,8,3071.68,9,1,3,4,134,Big Spenders,1
13648.0,2010-11-04 14:46:00,8,1764.02,399,4,3,3,433,Recent Customers,0
13649.0,2011-03-28 11:51:00,6,1678.88,256,3,2,3,323,Others,1
13650.0,2011-11-23 12:22:00,10,3288.0,16,1,3,4,134,Big Spenders,1
13651.0,2011-11-04 14:59:00,3,226.85,34,2,1,1,211,Others,1
13652.0,2011-10-25 08:51:00,5,2570.85,45,2,2,4,224,Big Spenders,1
13653.0,2010-08-09 08:19:00,1,152.2,487,4,1,1,411,Recent Customers,0
13654.0,2011-10-27 16:24:00,11,6308.0,42,2,3,4,234,Big Spenders,1
13655.0,2011-08-17 14:25:00,6,2280.51,113,3,2,3,323,Others,1
13656.0,2011-06-28 10:31:00,4,1078.85,164,3,2,3,323,Others,1
13657.0,2011-11-29 12:32:00,2,382.14,10,1,1,2,112,Others,1
13658.0,2011-11-30 10:13:00,9,6025.5,9,1,3,4,134,Big Spenders,1
13659.0,2011-05-18 12:37:00,12,4894.88,205,3,3,4,334,Big Spenders,1
13660.0,2010-11-04 16:10:00,1,314.59,399,4,1,1,411,Recent Customers,0
13661.0,2010-04-15 14:58:00,1,325.24,602,4,1,1,411,Recent Customers,0
13662.0,2011-09-15 12:04:00,11,2250.11,85,2,3,3,233,Others,1
13663.0,2011-06-13 15:44:00,5,2047.51,178,3,2,3,323,Others,1
13665.0,2010-11-18 13:06:00,3,1711.6599999999999,385,4,1,3,413,Recent Customers,0
13666.0,2011-10-10 15:39:00,5,127.89999999999999,59,2,2,1,221,Others,1
13667.0,2011-07-13 15:42:00,1,305.02,148,3,1,1,311,Others,1
13668.0,2011-12-07 12:11:00,35,13089.94,2,1,3,4,134,Big Spenders,1
13669.0,2011-10-20 09:32:00,3,413.55,50,2,1,2,212,Others,1
13670.0,2011-09-25 15:25:00,1,349.7,74,2,1,2,212,Others,1
13671.0,2010-11-10 10:50:00,1,194.95,394,4,1,1,411,Recent Customers,0
13672.0,2011-02-11 13:53:00,3,419.92,300,3,1,2,312,Others,0
13673.0,2011-11-21 12:11:00,2,396.92,18,1,1,2,112,Others,1
13674.0,2010-10-03 10:41:00,1,240.68,432,4,1,1,411,Recent Customers,0
13675.0,2011-07-11 12:57:00,2,486.82000000000005,150,3,1,2,312,Others,1
13676.0,2010-06-18 17:30:00,2,243.9,538,4,1,1,411,Recent Customers,0
13677.0,2010-10-31 11:32:00,2,556.1899999999999,404,4,1,2,412,Recent Customers,0
13678.0,2011-07-11 10:14:00,1,232.6,151,3,1,1,311,Others,1
13679.0,2010-08-03 12:13:00,3,281.26,493,4,1,1,411,Recent Customers,0
13680.0,2011-12-08 13:47:00,12,11435.67,0,1,3,4,134,Big Spenders,1
13681.0,2011-11-22 11:13:00,4,827.83,17,1,2,2,122,Others,1
13682.0,2011-06-05 14:06:00,1,59.5,186,3,1,1,311,Others,1
13683.0,2010-09-08 10:00:00,1,258.6,457,4,1,1,411,Recent Customers,0
13684.0,2011-02-27 10:13:00,4,596.98,285,3,2,2,322,Others,0
13685.0,2011-12-07 11:41:00,7,3119.44,2,1,2,4,124,Big Spenders,1
13686.0,2011-06-10 09:10:00,3,409.04,182,3,1,2,312,Others,1
13687.0,2010-09-27 16:30:00,1,11880.84,437,4,1,4,414,Recent Customers,0
13688.0,2010-03-14 14:11:00,1,375.5,634,4,1,2,412,Recent Customers,0
13689.0,2011-10-07 13:21:00,2,1259.5,62,2,1,3,213,Others,1
13690.0,2011-10-11 15:03:00,1,172.25,58,2,1,1,211,Others,1
13691.0,2010-11-08 17:34:00,1,212.78,395,4,1,1,411,Recent Customers,0
13692.0,2011-11-15 11:17:00,5,3114.4,24,1,2,4,124,Big Spenders,1
13693.0,2010-11-30 18:21:00,9,2011.82,373,3,3,3,333,Others,0
13694.0,2011-12-06 09:32:00,143,196482.81,3,1,3,4,134,Big Spenders,2
13695.0,2011-11-08 14:26:00,16,2770.73,30,2,3,4,234,Big Spenders,1
13696.0,2010-10-14 09:44:00,3,2020.4,421,4,1,3,413,Recent Customers,0
13697.0,2011-11-01 09:14:00,1,151.29999999999998,38,2,1,1,211,Others,1
13698.0,2010-04-22 11:52:00,2,465.53000000000003,596,4,1,2,412,Recent Customers,0
13699.0,2011-07-07 16:51:00,2,764.15,154,3,1,2,312,Others,1
13700.0,2011-11-13 13:00:00,13,2613.46,25,1,3,4,134,Big Spenders,1
13701.0,2010-09-19 12:39:00,1,161.0,446,4,1,1,411,Recent Customers,0
13702.0,2010-09-20 11:40:00,1,135.18,445,4,1,1,411,Recent Customers,0
13703.0,2011-01-25 13:10:00,2,425.56,317,3,1,2,312,Others,0
13704.0,2011-12-04 15:13:00,9,2308.06,4,1,3,4,134,Big Spenders,1
13705.0,2011-12-02 12:32:00,7,2035.33,7,1,2,3,123,Others,1
13706.0,2011-02-10 09:21:00,2,631.17,302,3,1,2,312,Others,0
13707.0,2011-03-17 18:03:00,5,3365.86,266,3,2,4,324,Big Spenders,1
13708.0,2011-03-13 13:46:00,1,296.88,270,3,1,1,311,Others,0
13709.0,2011-12-06 10:28:00,18,7591.75,3,1,3,4,134,Big Spenders,1
13710.0,2011-11-08 08:16:00,3,509.52,31,2,1,2,212,Others,1
13711.0,2011-05-05 10:31:00,9,1792.26,218,3,3,3,333,Others,1
13712.0,2011-04-07 12:33:00,2,766.42,246,3,1,2,312,Others,1
13713.0,2010-10-27 16:18:00,3,743.26,407,4,1,2,412,Recent Customers,0
13714.0,2010-08-31 13:57:00,1,161.35,464,4,1,1,411,Recent Customers,0
13715.0,2011-03-03 19:21:00,17,8483.29,280,3,3,4,334,Big Spenders,1
13716.0,2011-03-15 13:49:00,1,138.28,268,3,1,1,311,Others,0
13717.0,2011-11-07 14:13:00,8,1763.3,31,2,3,3,233,Others,1
13718.0,2011-04-07 13:24:00,2,306.55,245,3,1,1,311,Others,1
13719.0,2011-11-24 15:26:00,11,2815.25,14,1,3,4,134,Big Spenders,1
13720.0,2011-08-15 12:46:00,4,799.9,116,3,2,2,322,Others,1
13721.0,2011-11-03 14:05:00,2,741.54,35,2,1,2,212,Others,1
13722.0,2011-07-31 12:44:00,10,5635.41,131,3,3,4,334,Big Spenders,1
13723.0,2011-05-06 17:04:00,6,1209.2,216,3,2,3,323,Others,1
13724.0,2010-03-12 15:28:00,1,213.01,636,4,1,1,411,Recent Customers,0
13725.0,2011-10-21 10:03:00,8,1980.56,49,2,3,3,233,Others,1
13726.0,2011-11-01 10:49:00,2,1079.66,38,2,1,3,213,Others,1
13727.0,2011-11-11 09:46:00,8,1080.05,28,2,3,3,233,Others,1
13728.0,2011-11-03 10:49:00,16,2855.17,36,2,3,4,234,Big Spenders,1
13729.0,2010-09-30 10:44:00,3,724.73,435,4,1,2,412,Recent Customers,0
13730.0,2011-07-27 08:35:00,2,752.6,135,3,1,2,312,Others,1
13731.0,2011-05-04 14:33:00,2,610.59,218,3,1,2,312,Others,1
13732.0,2011-11-11 15:49:00,1,491.86,27,2,1,2,212,Others,1
13733.0,2010-10-25 12:18:00,2,487.03000000000003,410,4,1,2,412,Recent Customers,0
13734.0,2010-07-19 12:04:00,4,6701.640000000001,508,4,2,4,424,Recent Customers,0
13735.0,2011-11-15 11:14:00,13,9813.22,24,1,3,4,134,Big Spenders,1
13736.0,2011-12-04 15:19:00,7,2766.21,4,1,2,4,124,Big Spenders,1
13737.0,2011-05-23 16:32:00,1,339.59999999999997,199,3,1,1,311,Others,1
13738.0,2010-11-08 15:23:00,1,440.93,395,4,1,2,412,Recent Customers,0
13739.0,2011-11-21 13:35:00,2,292.2,17,1,1,1,111,Others,1
13740.0,2011-04-13 10:32:00,5,1597.77,240,3,2,3,323,Others,1
13741.0,2011-09-29 09:19:00,3,668.4300000000001,71,2,1,2,212,Others,1
13742.0,2011-11-23 11:07:00,12,3131.02,16,1,3,4,134,Big Spenders,1
13743.0,2011-12-07 10:09:00,7,1341.6,2,1,2,3,123,Others,1
13744.0,2011-09-05 15:19:00,2,1156.36,94,2,1,3,213,Others,1
13745.0,2011-06-30 16:43:00,2,777.36,161,3,1,2,312,Others,1
13746.0,2010-10-22 11:55:00,1,176.69,413,4,1,1,411,Recent Customers,0
13747.0,2010-12-01 10:37:00,2,249.39999999999998,373,3,1,1,311,Others,0
13748.0,2011-09-05 09:45:00,9,2268.35,95,2,3,3,233,Others,1
13750.0,2011-10-17 12:16:00,11,3602.1800000000003,53,2,3,4,234,Big Spenders,1
13751.0,2011-02-24 15:56:00,1,296.25,287,3,1,1,311,Others,0
13752.0,2011-08-07 14:16:00,7,1590.73,123,3,2,3,323,Others,1
13753.0,2011-02-25 12:48:00,4,2094.57,287,3,2,3,323,Others,0
13754.0,2011-07-11 11:51:00,3,447.05,151,3,1,2,312,Others,1
13755.0,2011-12-06 12:26:00,9,2161.35,3,1,3,3,133,Others,1
13756.0,2011-12-07 16:44:00,23,9207.5,1,1,3,4,134,Big Spenders,1
13757.0,2010-02-03 12:37:00,1,195.55,674,4,1,1,411,Recent Customers,0
13758.0,2011-11-28 11:11:00,15,9416.98,11,1,3,4,134,Big Spenders,1
13759.0,2011-11-06 14:47:00,2,659.41,32,2,1,2,212,Others,1
13760.0,2011-10-16 16:13:00,5,1363.64,53,2,2,3,223,Others,1
13761.0,2011-10-20 14:01:00,6,1952.17,49,2,2,3,223,Others,1
13762.0,2011-05-05 09:15:00,5,2472.48,218,3,2,4,324,Big Spenders,1
13763.0,2011-10-07 15:13:00,3,5217.44,62,2,1,4,214,Big Spenders,1
13764.0,2011-09-30 12:03:00,6,2953.26,70,2,2,4,224,Big Spenders,1
13765.0,2010-02-24 13:46:00,1,352.821,652,4,1,2,412,Recent Customers,0
13766.0,2010-08-01 14:25:00,1,190.35,494,4,1,1,411,Recent Customers,0
13767.0,2011-12-07 15:00:00,73,35540.53,1,1,3,4,134,Big Spenders,2
13768.0,2009-12-13 10:41:00,2,875.97,726,4,1,2,412,Recent Customers,0
13769.0,2011-12-07 15:08:00,20,5800.42,1,1,3,4,134,Big Spenders,1
13770.0,2010-10-13 15:10:00,4,785.37,421,4,2,2,422,Recent Customers,0
13771.0,2011-10-06 14:18:00,9,5728.82,63,2,3,4,234,Big Spenders,1
13772.0,2011-11-06 11:43:00,8,3114.22,33,2,3,4,234,Big Spenders,1
13773.0,2010-11-08 11:49:00,2,301.54,396,4,1,1,411,Recent Customers,0
13774.0,2011-09-19 12:06:00,1,345.0,81,2,1,1,211,Others,1
13775.0,2010-04-28 12:15:00,1,1049.66,590,4,1,3,413,Recent Customers,0
13776.0,2010-10-07 16:11:00,2,623.98,427,4,1,2,412,Recent Customers,0
13777.0,2011-12-09 12:25:00,61,56478.42,0,1,3,4,134,Big Spenders,2
13778.0,2011-08-28 15:25:00,4,1124.49,102,3,2,3,323,Others,1
13779.0,2010-07-12 11:24:00,1,161.13,515,4,1,1,411,Recent Customers,0
13780.0,2011-12-02 13:49:00,3,735.82,6,1,1,2,112,Others,1
13781.0,2011-04-03 12:08:00,3,778.83,250,3,1,2,312,Others,1
13782.0,2011-11-27 11:54:00,13,1793.72,12,1,3,3,133,Others,1
13783.0,2010-08-09 09:23:00,4,1542.09,487,4,2,3,423,Recent Customers,0
13784.0,2011-11-30 09:33:00,14,2910.23,9,1,3,4,134,Big Spenders,1
13785.0,2010-10-07 09:25:00,4,542.49,428,4,2,2,422,Recent Customers,0
13786.0,2010-12-07 13:53:00,6,3358.94,366,3,2,4,324,Big Spenders,0
13787.0,2011-09-25 12:06:00,6,1222.5,75,2,2,3,223,Others,1
13788.0,2010-07-22 15:50:00,1,3.75,504,4,1,1,411,Recent Customers,0
13789.0,2010-11-16 15:31:00,1,239.45999999999998,387,4,1,1,411,Recent Customers,0
13790.0,2011-12-05 15:48:00,1,348.8,3,1,1,2,112,Others,1
13791.0,2011-08-04 11:44:00,2,1516.0,127,3,1,3,313,Others,1
13792.0,2011-10-04 14:31:00,3,383.95,65,2,1,2,212,Others,1
13793.0,2010-03-03 08:25:00,1,96.0,646,4,1,1,411,Recent Customers,0
13794.0,2010-06-11 12:30:00,1,126.03,546,4,1,1,411,Recent Customers,0
13795.0,2010-11-16 17:25:00,4,836.3,387,4,2,2,422,Recent Customers,0
13796.0,2010-07-28 14:45:00,1,289.7,498,4,1,1,411,Recent Customers,0
13797.0,2010-09-29 10:34:00,3,1179.45,436,4,1,3,413,Recent Customers,0
13798.0,2011-12-08 15:51:00,110,75836.87,0,1,3,4,134,Big Spenders,2
13799.0,2011-08-15 12:07:00,9,2803.57,116,3,3,4,334,Big Spenders,1
13800.0,2011-02-03 12:27:00,3,1679.56,309,3,1,3,313,Others,0
13801.0,2011-10-04 10:15:00,1,324.8,66,2,1,1,211,Others,1
13802.0,2011-07-24 10:54:00,19,26259.11,138,3,3,4,334,Big Spenders,1
13803.0,2011-03-29 12:57:00,3,1338.91,254,3,1,3,313,Others,1
13804.0,2011-11-09 12:32:00,9,3208.52,30,2,3,4,234,Big Spenders,1
13805.0,2011-10-18 14:50:00,2,924.6,51,2,1,3,213,Others,1
13806.0,2011-10-07 11:43:00,1,256.38,63,2,1,1,211,Others,1
13807.0,2010-12-07 15:48:00,3,534.8,366,3,1,2,312,Others,0
13808.0,2011-12-04 12:18:00,5,1747.66,5,1,2,3,123,Others,1
13809.0,2011-02-07 13:15:00,3,679.7,304,3,1,2,312,Others,0
13810.0,2011-11-11 08:33:00,3,1499.01,28,2,1,3,213,Others,1
13811.0,2011-06-09 09:54:00,3,814.5,183,3,1,2,312,Others,1
13812.0,2011-10-28 14:27:00,3,539.0,41,2,1,2,212,Others,1
13813.0,2011-10-31 10:38:00,8,2765.4700000000003,39,2,3,4,234,Big Spenders,1
13814.0,2011-09-08 13:48:00,3,2257.32,91,2,1,3,213,Others,1
13815.0,2011-11-17 14:19:00,8,7475.74,21,1,3,4,134,Big Spenders,1
13816.0,2011-11-16 08:38:00,2,571.67,23,1,1,2,112,Others,1
13817.0,2011-11-10 17:49:00,2,382.98,28,2,1,2,212,Others,1
13818.0,2010-10-06 12:35:00,1,61.28,429,4,1,1,411,Recent Customers,0
13819.0,2011-02-11 10:38:00,6,2642.35,301,3,2,4,324,Big Spenders,0
13820.0,2010-10-17 13:46:00,3,660.65,417,4,1,2,412,Recent Customers,0
13821.0,2011-07-18 09:49:00,6,1410.73,144,3,2,3,323,Others,1
13822.0,2011-12-04 12:13:00,2,632.0,5,1,1,2,112,Others,1
13823.0,2011-11-21 10:22:00,7,3403.4500000000003,18,1,2,4,124,Big Spenders,1
13824.0,2011-11-07 12:41:00,12,3314.76,32,2,3,4,234,Big Spenders,1
13825.0,2010-03-28 11:02:00,2,255.59,621,4,1,1,411,Recent Customers,0
13826.0,2011-06-16 13:48:00,1,189.5,175,3,1,1,311,Others,1
13827.0,2011-10-13 12:38:00,3,412.05,57,2,1,2,212,Others,1
13828.0,2011-11-17 16:02:00,1,209.49,21,1,1,1,111,Others,1
13829.0,2010-10-14 18:19:00,1,102.0,420,4,1,1,411,Recent Customers,0
13830.0,2010-05-07 12:24:00,1,156.85000000000002,581,4,1,1,411,Recent Customers,0
13831.0,2011-11-23 15:41:00,18,7023.58,15,1,3,4,134,Big Spenders,1
13832.0,2011-11-20 15:36:00,2,613.6899999999999,18,1,1,2,112,Others,1
13833.0,2011-07-03 13:27:00,2,701.36,158,3,1,2,312,Others,1
13834.0,2010-05-12 10:27:00,2,324.19,576,4,1,1,411,Recent Customers,0
13835.0,2011-11-14 15:37:00,7,1095.27,24,1,2,3,123,Others,1
13836.0,2010-11-05 13:31:00,2,620.37,398,4,1,2,412,Recent Customers,0
13837.0,2011-05-12 12:10:00,2,271.24,211,3,1,1,311,Others,1
13838.0,2011-12-04 11:00:00,10,1966.09,5,1,3,3,133,Others,1
13839.0,2010-08-10 13:52:00,1,139.95000000000002,485,4,1,1,411,Recent Customers,0
13840.0,2010-10-19 13:34:00,1,651.4,415,4,1,2,412,Recent Customers,0
13841.0,2011-04-01 12:10:00,1,85.0,252,3,1,1,311,Others,0
13842.0,2011-10-12 10:51:00,18,5629.91,58,2,3,4,234,Big Spenders,1
13843.0,2010-11-23 17:48:00,1,319.75,380,4,1,1,411,Recent Customers,0
13844.0,2011-11-28 13:21:00,1,361.62,10,1,1,2,112,Others,1
13845.0,2011-10-06 08:25:00,1,312.98,64,2,1,1,211,Others,1
13846.0,2011-11-15 12:07:00,4,1307.79,24,1,2,3,123,Others,1
13847.0,2009-12-20 10:41:00,1,310.72,719,4,1,1,411,Recent Customers,0
13848.0,2011-09-08 12:58:00,8,3335.0,91,2,3,4,234,Big Spenders,1
13849.0,2011-10-19 10:59:00,5,3469.3,51,2,2,4,224,Big Spenders,1
13850.0,2011-08-02 14:04:00,1,1595.48,128,3,1,3,313,Others,1
13851.0,2011-09-05 12:36:00,8,4606.46,95,2,3,4,234,Big Spenders,1
13852.0,2010-04-08 09:06:00,1,187.35000000000002,610,4,1,1,411,Recent Customers,0
13853.0,2011-10-13 14:18:00,1,1090.14,56,2,1,3,213,Others,1
13854.0,2011-12-01 09:06:00,39,12253.96,8,1,3,4,134,Big Spenders,1
13855.0,2010-07-27 09:53:00,4,1310.3400000000001,500,4,2,3,423,Recent Customers,0
13856.0,2011-06-24 10:03:00,11,1142.03,168,3,3,3,333,Others,1
13857.0,2010-11-11 12:54:00,6,1001.01,392,4,2,3,423,Recent Customers,0
13858.0,2011-10-13 16:17:00,1,216.17,56,2,1,1,211,Others,1
13859.0,2011-01-17 16:14:00,2,515.86,325,3,1,2,312,Others,0
13860.0,2011-12-08 12:57:00,5,1245.9,0,1,2,3,123,Others,1
13861.0,2010-10-06 14:20:00,2,273.26,428,4,1,1,411,Recent Customers,0
13862.0,2011-11-21 16:24:00,9,2556.09,17,1,3,4,134,Big Spenders,1
13863.0,2011-04-06 10:20:00,4,1239.55,247,3,2,3,323,Others,1
13864.0,2010-11-18 12:50:00,1,662.4000000000001,386,4,1,2,412,Recent Customers,0
13865.0,2011-10-12 13:31:00,4,501.56,57,2,2,2,222,Others,1
13866.0,2011-09-26 14:54:00,1,145.67000000000002,73,2,1,1,211,Others,1
13867.0,2011-11-08 15:48:00,3,1015.29,30,2,1,3,213,Others,1
13868.0,2011-12-02 16:32:00,2,3192.54,6,1,1,4,114,Big Spenders,1
13869.0,2011-08-08 13:53:00,10,8111.57,122,3,3,4,334,Big Spenders,1
13870.0,2011-12-07 13:23:00,15,5712.08,1,1,3,4,134,Big Spenders,1
13871.0,2011-11-17 10:49:00,17,7885.85,22,1,3,4,134,Big Spenders,1
13872.0,2010-06-30 15:35:00,3,919.57,526,4,1,3,413,Recent Customers,0
13873.0,2011-08-12 10:08:00,8,1038.92,119,3,3,3,333,Others,1
13874.0,2010-12-16 18:20:00,7,2049.15,357,3,2,3,323,Others,0
13875.0,2011-10-17 09:36:00,14,4814.37,53,2,3,4,234,Big Spenders,1
13876.0,2011-10-07 10:22:00,1,122.7,63,2,1,1,211,Others,1
13877.0,2011-09-14 15:49:00,3,449.68,85,2,1,2,212,Others,1
13878.0,2011-10-16 12:19:00,4,2473.06,54,2,2,4,224,Big Spenders,1
13879.0,2010-03-04 10:49:00,1,395.5,645,4,1,2,412,Recent Customers,0
13880.0,2011-11-18 13:44:00,17,4391.66,20,1,3,4,134,Big Spenders,1
13881.0,2011-12-06 12:50:00,43,45179.1,3,1,3,4,134,Big Spenders,1
13882.0,2011-12-07 11:16:00,5,1191.13,2,1,2,3,123,Others,1
13883.0,2011-11-29 10:45:00,15,6560.02,10,1,3,4,134,Big Spenders,1
13884.0,2011-12-02 16:30:00,10,1888.48,6,1,3,3,133,Others,1
13885.0,2011-06-03 15:07:00,2,506.8,188,3,1,2,312,Others,1
13886.0,2011-09-29 13:17:00,1,243.56,70,2,1,1,211,Others,1
13887.0,2011-05-19 17:22:00,1,349.55,203,3,1,2,312,Others,1
13888.0,2011-08-12 10:13:00,7,2169.05,119,3,2,3,323,Others,1
13889.0,2011-09-08 09:13:00,6,1991.23,92,2,2,3,223,Others,1
13890.0,2011-12-08 15:36:00,14,2927.38,0,1,3,4,134,Big Spenders,1
13891.0,2010-11-26 15:57:00,3,863.5600000000001,377,3,1,2,312,Others,0
13892.0,2011-11-13 11:50:00,6,1267.6499999999999,26,2,2,3,223,Others,1
13893.0,2011-02-15 11:30:00,1,821.1,297,3,1,2,312,Others,0
13894.0,2011-11-16 09:44:00,3,564.62,23,1,1,2,112,Others,1
13895.0,2011-11-11 16:57:00,6,4008.52,27,2,2,4,224,Big Spenders,1
13896.0,2010-03-24 08:55:00,1,388.55,625,4,1,2,412,Recent Customers,0
13897.0,2011-10-20 14:30:00,3,1160.72,49,2,1,3,213,Others,1
13898.0,2011-01-18 10:28:00,2,686.4,325,3,1,2,312,Others,0
13899.0,2011-11-23 13:40:00,2,388.52,15,1,1,2,112,Others,1
13900.0,2011-06-09 19:26:00,6,1610.59,182,3,2,3,323,Others,1
13901.0,2011-09-28 14:48:00,15,5676.34,71,2,3,4,234,Big Spenders,1
13902.0,2010-03-17 13:09:00,5,34095.26,631,4,2,4,424,Recent Customers,0
13903.0,2010-11-04 17:44:00,1,165.45000000000002,399,4,1,1,411,Recent Customers,0
13904.0,2011-11-02 13:41:00,2,332.64,36,2,1,1,211,Others,1
13905.0,2009-12-07 11:41:00,1,312.65000000000003,732,4,1,1,411,Recent Customers,0
13906.0,2010-10-26 15:00:00,1,42.0,408,4,1,1,411,Recent Customers,0
13907.0,2010-01-17 12:22:00,1,136.8,691,4,1,1,411,Recent Customers,0
13908.0,2011-09-21 11:49:00,4,2369.55,79,2,2,4,224,Big Spenders,1
13909.0,2010-10-12 17:22:00,2,286.6,422,4,1,1,411,Recent Customers,0
13911.0,2011-10-13 15:43:00,20,4234.99,56,2,3,4,234,Big Spenders,1
13912.0,2010-10-12 08:43:00,1,124.95,423,4,1,1,411,Recent Customers,0
13913.0,2010-07-21 10:11:00,1,42.22,506,4,1,1,411,Recent Customers,0
13914.0,2011-11-28 10:35:00,2,626.45,11,1,1,2,112,Others,1
13915.0,2010-11-10 15:17:00,1,70.80000000000001,393,4,1,1,411,Recent Customers,0
13916.0,2010-09-02 10:04:00,4,1275.81,463,4,2,3,423,Recent Customers,0
13917.0,2011-10-21 09:56:00,2,272.04,49,2,1,1,211,Others,1
13918.0,2011-10-21 12:25:00,2,1212.8400000000001,49,2,1,3,213,Others,1
13919.0,2011-10-11 14:24:00,4,1360.68,58,2,2,3,223,Others,1
13920.0,2010-10-04 12:37:00,4,1774.68,431,4,2,3,423,Recent Customers,0
13921.0,2010-11-02 16:32:00,4,730.7,401,4,2,2,422,Recent Customers,0
13922.0,2010-12-23 10:38:00,3,865.2,351,3,1,2,312,Others,0
13923.0,2011-10-17 12:33:00,1,351.13,53,2,1,2,212,Others,1
13924.0,2011-12-08 09:39:00,6,1838.8500000000001,1,1,2,3,123,Others,1
13925.0,2011-09-08 12:47:00,4,678.25,92,2,2,2,222,Others,1
13926.0,2011-11-16 13:16:00,1,223.85000000000002,22,1,1,1,111,Others,1
13927.0,2011-09-26 12:00:00,2,708.26,74,2,1,2,212,Others,1
13928.0,2011-11-29 10:33:00,4,464.57,10,1,2,2,122,Others,1
13929.0,2011-06-23 15:26:00,11,3494.1,168,3,3,4,334,Big Spenders,1
13930.0,2011-10-13 09:45:00,2,337.34,57,2,1,1,211,Others,1
13931.0,2011-09-05 10:12:00,11,5257.38,95,2,3,4,234,Big Spenders,1
13932.0,2011-02-18 12:02:00,1,307.4,294,3,1,1,311,Others,0
13933.0,2011-08-22 14:03:00,2,608.7900000000001,108,3,1,2,312,Others,1
13934.0,2011-03-21 08:39:00,1,922.1,263,3,1,3,313,Others,0
13935.0,2010-04-22 11:21:00,3,6116.92,596,4,1,4,414,Recent Customers,0
13936.0,2011-06-13 08:47:00,3,939.66,179,3,1,3,313,Others,1
13937.0,2011-06-23 16:35:00,2,880.13,168,3,1,2,312,Others,1
13938.0,2011-11-04 14:37:00,1,71.66,34,2,1,1,211,Others,1
13939.0,2011-11-16 13:33:00,7,1560.96,22,1,2,3,123,Others,1
13940.0,2011-11-22 15:15:00,4,839.14,16,1,2,2,122,Others,1
13941.0,2011-11-18 09:43:00,15,11122.300000000001,21,1,3,4,134,Big Spenders,1
13942.0,2010-06-23 12:35:00,1,320.0,534,4,1,1,411,Recent Customers,0
13943.0,2010-05-11 11:30:00,1,246.54,577,4,1,1,411,Recent Customers,0
13944.0,2010-02-24 15:02:00,1,200.43,652,4,1,1,411,Recent Customers,0
13945.0,2010-11-10 10:00:00,2,854.15,394,4,1,2,412,Recent Customers,0
13946.0,2011-09-21 13:33:00,6,1876.23,78,2,2,3,223,Others,1
13947.0,2011-10-05 14:42:00,1,90.6,64,2,1,1,211,Others,1
13948.0,2010-12-14 10:18:00,4,548.76,360,3,2,2,322,Others,0
13949.0,2011-12-07 09:35:00,6,2427.32,2,1,2,4,124,Big Spenders,1
13950.0,2011-11-28 14:44:00,4,745.06,10,1,2,2,122,Others,1
13951.0,2011-06-16 16:43:00,3,674.45,175,3,1,2,312,Others,1
13952.0,2011-05-06 09:00:00,14,12823.521,217,3,3,4,334,Big Spenders,1
13953.0,2011-12-02 16:04:00,12,6640.68,6,1,3,4,134,Big Spenders,1
13954.0,2011-12-08 12:50:00,2,439.92,1,1,1,2,112,Others,1
13955.0,2011-07-08 17:19:00,3,545.17,153,3,1,2,312,Others,1
13956.0,2011-12-04 13:20:00,5,1026.42,4,1,2,3,123,Others,1
13957.0,2010-10-18 10:02:00,3,458.25,417,4,1,2,412,Recent Customers,0
13958.0,2010-11-25 10:11:00,8,4709.2300000000005,379,3,3,4,334,Big Spenders,0
13959.0,2011-09-21 15:06:00,6,1076.18,78,2,2,3,223,Others,1
13960.0,2011-11-18 15:27:00,2,230.22,20,1,1,1,111,Others,1
13961.0,2010-11-12 14:40:00,1,538.4,391,4,1,2,412,Recent Customers,0
13962.0,2011-11-18 08:47:00,3,362.8,21,1,1,2,112,Others,1
13963.0,2011-02-04 14:43:00,17,3011.87,307,3,3,4,334,Big Spenders,0
13964.0,2010-11-17 13:53:00,2,438.9,386,4,1,2,412,Recent Customers,0
13965.0,2010-08-20 10:40:00,3,996.61,476,4,1,3,413,Recent Customers,0
13966.0,2010-09-30 13:08:00,1,390.86,434,4,1,2,412,Recent Customers,0
13967.0,2011-07-17 12:02:00,2,166.3,145,3,1,1,311,Others,1
13968.0,2010-10-12 13:22:00,1,123.66,422,4,1,1,411,Recent Customers,0
13969.0,2011-12-02 15:11:00,35,13365.87,6,1,3,4,134,Big Spenders,1
13970.0,2010-11-18 13:21:00,2,846.55,385,4,1,2,412,Recent Customers,0
13971.0,2011-11-21 12:06:00,14,4667.57,18,1,3,4,134,Big Spenders,1
13972.0,2011-09-30 11:54:00,2,190.25,70,2,1,1,211,Others,1
13973.0,2011-02-25 15:21:00,1,264.7,286,3,1,1,311,Others,0
13974.0,2011-10-21 14:41:00,2,677.72,48,2,1,2,212,Others,1
13975.0,2011-11-08 13:19:00,12,5358.84,30,2,3,4,234,Big Spenders,1
13976.0,2011-05-17 09:13:00,4,1192.3600000000001,206,3,2,3,323,Others,1
13977.0,2010-10-24 14:08:00,1,519.8100000000001,410,4,1,2,412,Recent Customers,0
13978.0,2011-11-25 11:36:00,2,196.79000000000002,14,1,1,1,111,Others,1
13979.0,2011-09-27 13:32:00,7,3416.23,72,2,2,4,224,Big Spenders,1
13980.0,2011-10-10 13:34:00,5,799.92,59,2,2,2,222,Others,1
13981.0,2010-10-20 10:03:00,1,331.14,415,4,1,1,411,Recent Customers,0
13982.0,2011-10-31 16:24:00,9,4445.59,38,2,3,4,234,Big Spenders,1
13983.0,2011-11-10 11:06:00,21,7108.45,29,2,3,4,234,Big Spenders,1
13984.0,2011-11-13 12:38:00,12,2048.6,26,2,3,3,233,Others,1
13985.0,2011-12-05 17:06:00,22,10020.86,3,1,3,4,134,Big Spenders,1
13986.0,2011-11-22 15:00:00,1,320.46,16,1,1,1,111,Others,1
13987.0,2010-11-25 10:20:00,2,682.54,379,3,1,2,312,Others,0
13988.0,2011-11-20 10:15:00,8,4757.8,19,1,3,4,134,Big Spenders,1
13989.0,2011-10-05 09:47:00,5,2026.06,65,2,2,3,223,Others,1
13990.0,2011-05-10 15:19:00,1,311.3,212,3,1,1,311,Others,1
13991.0,2011-11-27 16:18:00,6,855.97,11,1,2,2,122,Others,1
13992.0,2011-11-09 15:23:00,3,219.5,29,2,1,1,211,Others,1
13993.0,2011-10-28 09:06:00,19,6775.71,42,2,3,4,234,Big Spenders,1
13994.0,2011-12-06 11:05:00,6,2313.14,3,1,2,4,124,Big Spenders,1
13995.0,2011-11-24 14:22:00,14,3902.01,14,1,3,4,134,Big Spenders,1
13996.0,2010-11-18 16:27:00,2,895.7600000000001,385,4,1,2,412,Recent Customers,0
13997.0,2010-07-08 18:06:00,3,382.31,518,4,1,2,412,Recent Customers,0
13998.0,2010-09-19 10:20:00,3,566.7,446,4,1,2,412,Recent Customers,0
13999.0,2011-11-29 13:40:00,29,9502.26,9,1,3,4,134,Big Spenders,1
14000.0,2011-05-12 16:50:00,5,2046.3400000000001,210,3,2,3,323,Others,1
14001.0,2011-10-25 10:31:00,9,4530.09,45,2,3,4,234,Big Spenders,1
14002.0,2011-07-28 15:55:00,2,529.73,133,3,1,2,312,Others,1
14003.0,2009-12-07 08:53:00,1,209.41,732,4,1,1,411,Recent Customers,0
14004.0,2011-10-27 14:40:00,11,6258.45,42,2,3,4,234,Big Spenders,1
14005.0,2011-11-30 12:41:00,5,2874.72,9,1,2,4,124,Big Spenders,1
14006.0,2011-08-16 09:39:00,7,2196.67,115,3,2,3,323,Others,1
14007.0,2010-07-15 09:06:00,1,79.48,512,4,1,1,411,Recent Customers,0
14008.0,2010-10-03 13:09:00,1,509.04,431,4,1,2,412,Recent Customers,0
14009.0,2011-05-25 15:47:00,3,1099.91,197,3,1,3,313,Others,1
14010.0,2010-05-23 13:00:00,2,445.15,564,4,1,2,412,Recent Customers,0
14011.0,2010-08-16 15:31:00,2,457.82,479,4,1,2,412,Recent Customers,0
14012.0,2011-03-07 12:26:00,1,328.8,277,3,1,1,311,Others,0
14013.0,2011-08-21 15:01:00,5,1084.57,109,3,2,3,323,Others,1
14014.0,2011-09-23 13:18:00,3,1948.21,76,2,1,3,213,Others,1
14015.0,2011-10-18 10:02:00,1,917.34,52,2,1,3,213,Others,1
14016.0,2011-07-01 11:29:00,11,11403.41,161,3,3,4,334,Big Spenders,1
14017.0,2010-05-17 14:52:00,1,229.75,570,4,1,1,411,Recent Customers,0
14018.0,2010-03-04 14:23:00,1,367.15000000000003,644,4,1,2,412,Recent Customers,0
14019.0,2011-10-24 10:13:00,3,1421.61,46,2,1,3,213,Others,1
14020.0,2011-11-23 09:22:00,4,1249.01,16,1,2,3,123,Others,1
14021.0,2011-07-07 15:46:00,7,1716.58,154,3,2,3,323,Others,1
14022.0,2011-04-28 14:39:00,2,792.15,224,3,1,2,312,Others,1
14023.0,2011-12-02 13:58:00,2,584.07,6,1,1,2,112,Others,1
14024.0,2011-08-10 11:30:00,3,645.74,121,3,1,2,312,Others,1
14025.0,2010-09-01 10:11:00,8,4057.9,464,4,3,4,434,Recent Customers,0
14026.0,2010-08-26 10:31:00,2,713.11,470,4,1,2,412,Recent Customers,0
14027.0,2011-10-10 09:01:00,1,104.82,60,2,1,1,211,Others,1
14028.0,2010-06-07 13:33:00,3,10396.5,549,4,1,4,414,Recent Customers,0
14029.0,2011-10-07 14:46:00,2,467.66,62,2,1,2,212,Others,1
14030.0,2011-11-21 16:48:00,20,8262.29,17,1,3,4,134,Big Spenders,1
14031.0,2011-12-02 17:13:00,44,40999.17,6,1,3,4,134,Big Spenders,1
14032.0,2011-12-07 15:23:00,16,4850.2699999999995,1,1,3,4,134,Big Spenders,1
14033.0,2010-06-02 15:10:00,1,109.44,554,4,1,1,411,Recent Customers,0
14034.0,2011-11-17 14:02:00,3,651.82,21,1,1,2,112,Others,1
14035.0,2011-11-11 10:03:00,9,2856.72,28,2,3,4,234,Big Spenders,1
14036.0,2011-02-28 09:26:00,1,626.65,284,3,1,2,312,Others,0
14037.0,2011-06-16 13:57:00,6,836.95,175,3,2,2,322,Others,1
14038.0,2011-09-22 13:37:00,5,3069.88,77,2,2,4,224,Big Spenders,1
14039.0,2011-11-06 13:48:00,2,267.28000000000003,32,2,1,1,211,Others,1
14040.0,2011-10-30 12:42:00,35,12645.57,40,2,3,4,234,Big Spenders,1
14041.0,2011-03-18 13:25:00,1,141.41,265,3,1,1,311,Others,0
14042.0,2009-12-14 15:07:00,1,431.98,724,4,1,2,412,Recent Customers,0
14043.0,2010-08-05 18:18:00,2,304.25,490,4,1,1,411,Recent Customers,0
14044.0,2011-11-13 12:05:00,10,3123.1,26,2,3,4,234,Big Spenders,1
14045.0,2011-08-22 15:27:00,16,11313.029999999999,108,3,3,4,334,Big Spenders,1
14046.0,2011-02-28 14:48:00,1,154.99,283,3,1,1,311,Others,0
14047.0,2011-12-01 11:43:00,14,4255.03,8,1,3,4,134,Big Spenders,1
14048.0,2011-02-07 14:53:00,3,748.69,304,3,1,2,312,Others,0
14049.0,2011-11-23 12:20:00,13,13239.03,16,1,3,4,134,Big Spenders,1
14050.0,2011-11-08 10:00:00,2,746.36,31,2,1,2,212,Others,1
14051.0,2011-12-09 10:20:00,37,22434.0,0,1,3,4,134,Big Spenders,1
14052.0,2011-11-20 12:30:00,2,480.81,19,1,1,2,112,Others,1
14053.0,2011-08-07 14:27:00,4,572.3,123,3,2,2,322,Others,1
14054.0,2011-10-05 15:49:00,1,92.46,64,2,1,1,211,Others,1
14055.0,2011-08-25 15:04:00,3,1520.96,105,3,1,3,313,Others,1
14056.0,2011-12-08 13:36:00,23,8214.65,0,1,3,4,134,Big Spenders,1
14057.0,2011-11-16 10:32:00,22,8408.84,23,1,3,4,134,Big Spenders,1
14058.0,2010-09-03 09:31:00,2,469.19,462,4,1,2,412,Recent Customers,0
14059.0,2011-03-18 10:06:00,1,183.6,266,3,1,1,311,Others,0
14060.0,2011-12-05 12:29:00,30,9519.08,4,1,3,4,134,Big Spenders,1
14061.0,2010-07-20 17:22:00,3,917.43,506,4,1,3,413,Recent Customers,0
14062.0,2011-11-30 10:04:00,24,25604.2,9,1,3,4,134,Big Spenders,1
14063.0,2010-09-27 16:18:00,9,22710.2,437,4,3,4,434,Recent Customers,0
14064.0,2011-11-10 13:14:00,15,3332.42,28,2,3,4,234,Big Spenders,1
14065.0,2010-11-15 16:13:00,3,891.02,388,4,1,2,412,Recent Customers,0
14066.0,2011-03-18 12:21:00,1,152.55,266,3,1,1,311,Others,0
14067.0,2011-10-07 10:21:00,2,374.7,63,2,1,2,212,Others,1
14068.0,2011-01-23 16:02:00,4,1528.3700000000001,319,3,2,3,323,Others,0
14069.0,2010-07-13 12:12:00,2,230.06,514,4,1,1,411,Recent Customers,0
14070.0,2010-01-24 12:27:00,1,326.55,684,4,1,1,411,Recent Customers,0
14071.0,2011-12-06 12:27:00,8,1438.82,3,1,3,3,133,Others,1
14072.0,2010-02-11 12:31:00,1,390.85,666,4,1,2,412,Recent Customers,0
14073.0,2011-11-07 15:49:00,1,151.04,31,2,1,1,211,Others,1
14074.0,2010-03-26 13:55:00,1,219.4,622,4,1,1,411,Recent Customers,0
14075.0,2011-12-05 08:38:00,6,1734.87,4,1,2,3,123,Others,1
14076.0,2011-08-02 15:19:00,1,122.47,128,3,1,1,311,Others,1
14077.0,2011-10-30 12:35:00,6,615.08,40,2,2,2,222,Others,1
14078.0,2011-08-30 12:16:00,9,1692.6299999999999,101,3,3,3,333,Others,1
14079.0,2011-08-07 12:10:00,2,618.73,124,3,1,2,312,Others,1
14080.0,2011-11-07 11:09:00,5,1115.68,32,2,2,3,223,Others,1
14081.0,2011-02-10 16:17:00,10,5370.1,301,3,3,4,334,Big Spenders,0
14082.0,2010-12-10 11:02:00,2,413.36,364,3,1,2,312,Others,0
14083.0,2011-12-05 13:14:00,11,1407.26,3,1,3,3,133,Others,1
14084.0,2010-07-15 14:36:00,1,150.5,511,4,1,1,411,Recent Customers,0
14085.0,2011-12-07 13:46:00,33,10104.97,1,1,3,4,134,Big Spenders,1
14086.0,2010-09-03 10:52:00,1,39.95,462,4,1,1,411,Recent Customers,0
14087.0,2011-12-07 12:41:00,3,846.22,2,1,1,2,112,Others,1
14088.0,2011-11-29 16:16:00,16,64036.8,9,1,3,4,134,Big Spenders,1
14089.0,2011-10-14 10:38:00,1,161.0,56,2,1,1,211,Others,1
14090.0,2011-01-19 10:51:00,1,76.32000000000001,324,3,1,1,311,Others,0
14091.0,2010-02-23 15:17:00,2,9530.08,653,4,1,4,414,Recent Customers,0
14092.0,2011-12-02 12:13:00,24,7229.45,7,1,3,4,134,Big Spenders,1
14093.0,2011-11-27 16:27:00,1,442.85,11,1,1,2,112,Others,1
14094.0,2010-09-26 11:58:00,1,335.22,439,4,1,1,411,Recent Customers,0
14095.0,2009-12-17 12:49:00,1,2.95,722,4,1,1,411,Recent Customers,0
14096.0,2011-12-05 17:17:00,17,65164.79,3,1,3,4,134,Big Spenders,1
14097.0,2010-08-15 14:20:00,2,422.86,480,4,1,2,412,Recent Customers,0
14098.0,2011-11-03 10:13:00,1,147.35,36,2,1,1,211,Others,1
14099.0,2011-11-23 13:53:00,20,5765.71,15,1,3,4,134,Big Spenders,1
14100.0,2011-07-25 11:01:00,1,194.9,137,3,1,1,311,Others,1
14101.0,2011-09-27 12:28:00,13,9961.93,73,2,3,4,234,Big Spenders,1
14102.0,2011-12-04 15:38:00,5,1360.28,4,1,2,3,123,Others,1
14104.0,2011-07-08 12:50:00,5,771.58,154,3,2,2,322,Others,1
14105.0,2011-04-14 17:58:00,5,5988.83,238,3,2,4,324,Big Spenders,1
14106.0,2009-12-02 14:09:00,1,214.79999999999998,736,4,1,1,411,Recent Customers,0
14107.0,2011-10-19 12:12:00,11,4877.3,51,2,3,4,234,Big Spenders,1
14108.0,2011-11-09 10:41:00,4,1044.96,30,2,2,3,223,Others,1
14109.0,2011-09-28 10:18:00,1,144.2,72,2,1,1,211,Others,1
14110.0,2011-12-06 12:26:00,33,12987.95,3,1,3,4,134,Big Spenders,1
14111.0,2011-11-25 13:44:00,4,692.85,13,1,2,2,122,Others,1
14112.0,2011-11-17 12:30:00,13,5834.59,22,1,3,4,134,Big Spenders,1
14113.0,2011-12-06 12:18:00,16,7092.610000000001,3,1,3,4,134,Big Spenders,1
14114.0,2011-03-11 09:42:00,7,1364.09,273,3,2,3,323,Others,0
14115.0,2010-07-26 12:36:00,2,622.6700000000001,501,4,1,2,412,Recent Customers,0
14116.0,2011-11-20 10:29:00,5,1382.74,19,1,2,3,123,Others,1
14117.0,2011-07-19 09:49:00,1,90.0,143,3,1,1,311,Others,1
14118.0,2010-10-07 11:59:00,1,458.45,428,4,1,2,412,Recent Customers,0
14119.0,2010-11-29 10:33:00,2,183.37,375,3,1,1,311,Others,0
14121.0,2011-12-06 12:19:00,4,2780.15,3,1,2,4,124,Big Spenders,1
14122.0,2010-10-29 15:11:00,3,362.42,405,4,1,2,412,Recent Customers,0
14123.0,2009-12-06 15:35:00,1,436.18,732,4,1,2,412,Recent Customers,0
14124.0,2011-09-16 13:32:00,1,419.58,83,2,1,2,212,Others,1
14125.0,2011-11-29 12:47:00,3,2740.43,10,1,1,4,114,Big Spenders,1
14126.0,2011-12-02 11:45:00,4,1172.46,7,1,2,3,123,Others,1
14127.0,2011-08-09 10:49:00,6,1900.0800000000002,122,3,2,3,323,Others,1
14128.0,2011-10-10 12:00:00,3,924.21,60,2,1,3,213,Others,1
14129.0,2011-12-08 11:02:00,9,2591.34,1,1,3,4,134,Big Spenders,1
14130.0,2011-01-24 16:05:00,4,1882.67,318,3,2,3,323,Others,0
14131.0,2010-03-01 11:59:00,1,187.87,648,4,1,1,411,Recent Customers,0
14132.0,2011-12-07 13:35:00,11,3586.0299999999997,1,1,3,4,134,Big Spenders,1
14133.0,2011-08-02 11:34:00,4,911.14,129,3,2,3,323,Others,1
14134.0,2010-11-22 12:26:00,15,11123.35,382,4,3,4,434,Recent Customers,0
14135.0,2011-12-08 11:38:00,24,9643.92,1,1,3,4,134,Big Spenders,1
14136.0,2010-11-04 11:53:00,5,1570.81,400,4,2,3,423,Recent Customers,0
14137.0,2010-01-13 12:30:00,1,332.7,695,4,1,1,411,Recent Customers,0
14138.0,2011-12-08 12:44:00,2,982.3800000000001,1,1,1,3,113,Others,1
14139.0,2011-10-24 13:34:00,4,1086.8,45,2,2,3,223,Others,1
14140.0,2011-12-06 09:05:00,2,935.05,3,1,1,3,113,Others,1
14141.0,2011-12-07 09:53:00,4,915.1300000000001,2,1,2,3,123,Others,1
14142.0,2010-12-01 16:33:00,2,983.15,372,3,1,3,313,Others,0
14143.0,2011-07-29 09:48:00,1,115.8,133,3,1,1,311,Others,1
14144.0,2010-08-10 15:17:00,1,30.599999999999998,485,4,1,1,411,Recent Customers,0
14145.0,2011-10-24 12:10:00,7,7600.05,46,2,2,4,224,Big Spenders,1
14146.0,2011-12-01 10:18:00,12,9450.3,8,1,3,4,134,Big Spenders,1
14147.0,2011-09-22 18:10:00,9,2590.2,77,2,3,4,234,Big Spenders,1
14148.0,2011-04-20 12:02:00,2,466.29,233,3,1,2,312,Others,1
14149.0,2011-05-03 09:44:00,1,446.62,220,3,1,2,312,Others,1
14150.0,2011-11-04 10:05:00,2,658.64,35,2,1,2,212,Others,1
14151.0,2010-02-04 15:35:00,2,679.45,672,4,1,2,412,Recent Customers,0
14152.0,2011-09-25 12:54:00,7,1997.34,74,2,2,3,223,Others,1
14153.0,2010-08-13 14:35:00,1,233.4,482,4,1,1,411,Recent Customers,0
14154.0,2011-04-14 16:26:00,8,6460.7,238,3,3,4,334,Big Spenders,1
14155.0,2011-03-18 14:13:00,1,118.75,265,3,1,1,311,Others,0
14156.0,2011-11-30 10:54:00,156,313946.37,9,1,3,4,134,Big Spenders,3
14157.0,2011-11-20 11:32:00,5,1002.7800000000001,19,1,2,3,123,Others,1
14158.0,2011-10-30 15:08:00,1,507.66,39,2,1,2,212,Others,1
14159.0,2011-11-20 12:36:00,20,7938.01,19,1,3,4,134,Big Spenders,1
14160.0,2010-04-08 14:30:00,7,8421.47,609,4,2,4,424,Recent Customers,0
14161.0,2011-05-08 11:41:00,7,3318.88,215,3,2,4,324,Big Spenders,1
14162.0,2011-06-19 11:36:00,2,289.36,173,3,1,1,311,Others,1
14163.0,2011-09-13 15:18:00,5,2594.62,86,2,2,4,224,Big Spenders,1
14164.0,2011-09-30 12:24:00,2,1631.77,70,2,1,3,213,Others,1
14165.0,2011-03-09 12:39:00,1,122.53999999999999,275,3,1,1,311,Others,0
14166.0,2010-07-22 19:42:00,2,256.85,504,4,1,1,411,Recent Customers,0
14167.0,2011-10-31 14:29:00,8,1296.49,38,2,3,3,233,Others,1
14168.0,2010-10-15 10:49:00,2,370.45,420,4,1,2,412,Recent Customers,0
14169.0,2010-10-05 08:45:00,2,624.4300000000001,430,4,1,2,412,Recent Customers,0
14170.0,2010-11-29 13:10:00,3,597.33,374,3,1,2,312,Others,0
14171.0,2011-09-02 16:43:00,2,498.79,97,3,1,2,312,Others,1
14172.0,2010-04-13 13:26:00,3,402.71999999999997,604,4,1,2,412,Recent Customers,0
14173.0,2011-11-29 11:54:00,6,586.0,10,1,2,2,122,Others,1
14174.0,2011-11-06 13:17:00,1,134.46,32,2,1,1,211,Others,1
14175.0,2011-10-11 11:55:00,8,7678.88,59,2,3,4,234,Big Spenders,1
14176.0,2011-02-15 13:12:00,5,916.01,296,3,2,3,323,Others,0
14177.0,2011-09-14 15:11:00,13,2229.34,85,2,3,3,233,Others,1
14178.0,2011-12-01 12:01:00,7,1620.93,8,1,2,3,123,Others,1
14179.0,2011-10-30 12:07:00,2,719.78,40,2,1,2,212,Others,1
14180.0,2011-11-29 10:56:00,33,6319.25,10,1,3,4,134,Big Spenders,1
14181.0,2010-10-25 08:27:00,2,310.55,410,4,1,1,411,Recent Customers,0
14182.0,2010-09-22 11:45:00,4,678.77,443,4,2,2,422,Recent Customers,0
14183.0,2010-10-24 14:45:00,2,286.29,410,4,1,1,411,Recent Customers,0
14184.0,2011-10-04 12:43:00,1,452.89,66,2,1,2,212,Others,1
14185.0,2011-01-12 13:52:00,1,197.65,330,3,1,1,311,Others,0
14186.0,2010-10-08 13:30:00,5,1550.63,426,4,2,3,423,Recent Customers,0
14187.0,2010-08-23 12:06:00,1,123.5,473,4,1,1,411,Recent Customers,0
14188.0,2011-11-09 12:45:00,6,2054.36,30,2,2,3,223,Others,1
14189.0,2011-12-07 15:55:00,16,5814.39,1,1,3,4,134,Big Spenders,1
14190.0,2010-02-11 14:27:00,1,79.9,665,4,1,1,411,Recent Customers,0
14191.0,2011-12-08 09:23:00,15,4817.66,1,1,3,4,134,Big Spenders,1
14192.0,2010-11-16 17:44:00,1,293.74,387,4,1,1,411,Recent Customers,0
14193.0,2011-10-03 09:34:00,3,1210.19,67,2,1,3,213,Others,1
14194.0,2011-12-05 10:38:00,36,18670.59,4,1,3,4,134,Big Spenders,1
14195.0,2011-05-22 10:29:00,6,2615.6,201,3,2,4,324,Big Spenders,1
14196.0,2011-08-25 10:25:00,1,335.52,106,3,1,1,311,Others,1
14197.0,2010-10-25 10:01:00,1,390.05,410,4,1,2,412,Recent Customers,0
14198.0,2011-11-21 16:35:00,9,1569.73,17,1,3,3,133,Others,1
14199.0,2011-05-05 13:44:00,4,1091.7,217,3,2,3,323,Others,1
14200.0,2010-04-01 13:01:00,1,379.2,616,4,1,2,412,Recent Customers,0
14201.0,2011-10-10 13:27:00,10,1193.54,59,2,3,3,233,Others,1
14202.0,2010-11-23 17:13:00,3,847.76,380,4,1,2,412,Recent Customers,0
14203.0,2010-11-07 13:35:00,1,339.34,396,4,1,1,411,Recent Customers,0
14204.0,2011-12-07 13:38:00,4,1062.96,1,1,2,3,123,Others,1
14205.0,2011-11-23 10:55:00,9,2414.2,16,1,3,4,134,Big Spenders,1
14206.0,2011-04-14 16:38:00,3,1185.01,238,3,1,3,313,Others,1
14207.0,2010-01-21 09:33:00,1,157.8,687,4,1,1,411,Recent Customers,0
14208.0,2011-09-06 12:48:00,2,567.05,94,2,1,2,212,Others,1
14209.0,2011-11-29 10:18:00,15,4993.27,10,1,3,4,134,Big Spenders,1
14210.0,2011-08-26 12:36:00,16,5861.52,105,3,3,4,334,Big Spenders,1
14211.0,2011-10-17 13:23:00,18,4402.29,52,2,3,4,234,Big Spenders,1
14212.0,2011-09-11 12:45:00,2,2190.14,89,2,1,3,213,Others,1
14213.0,2010-10-31 10:37:00,1,1192.2,404,4,1,3,413,Recent Customers,0
14214.0,2011-11-09 10:31:00,5,1004.38,30,2,2,3,223,Others,1
14215.0,2011-11-28 12:19:00,9,3416.33,11,1,3,4,134,Big Spenders,1
14216.0,2011-12-06 14:56:00,5,2150.04,2,1,2,3,123,Others,1
14217.0,2011-12-08 11:53:00,23,3416.89,1,1,3,4,134,Big Spenders,1
14218.0,2011-10-28 10:00:00,1,169.48000000000002,42,2,1,1,211,Others,1
14219.0,2011-12-05 16:23:00,3,633.83,3,1,1,2,112,Others,1
14220.0,2011-04-06 13:23:00,4,1515.0,246,3,2,3,323,Others,1
14221.0,2011-10-28 13:42:00,17,6517.49,41,2,3,4,234,Big Spenders,1
14222.0,2011-06-15 16:42:00,1,683.17,176,3,1,2,312,Others,1
14223.0,2011-09-08 13:38:00,3,991.13,91,2,1,3,213,Others,1
14224.0,2011-08-21 13:24:00,9,1897.9,109,3,3,3,333,Others,1
14225.0,2010-10-01 10:32:00,4,2037.02,434,4,2,3,423,Recent Customers,0
14226.0,2011-11-11 11:34:00,6,3002.53,28,2,2,4,224,Big Spenders,1
14227.0,2011-11-13 15:48:00,15,6368.71,25,1,3,4,134,Big Spenders,1
14228.0,2010-09-28 09:45:00,3,745.5,437,4,1,2,412,Recent Customers,0
14229.0,2011-10-19 10:04:00,7,2594.04,51,2,2,4,224,Big Spenders,1
14230.0,2010-09-30 09:07:00,3,979.8000000000001,435,4,1,3,413,Recent Customers,0
14231.0,2011-06-09 11:05:00,4,1235.6200000000001,183,3,2,3,323,Others,1
14232.0,2011-10-28 11:09:00,5,2048.07,42,2,2,3,223,Others,1
14233.0,2011-10-21 15:54:00,7,2904.27,48,2,2,4,224,Big Spenders,1
14234.0,2011-11-17 17:53:00,4,775.46,21,1,2,2,122,Others,1
14235.0,2011-09-25 14:37:00,9,4717.99,74,2,3,4,234,Big Spenders,1
14236.0,2011-09-20 09:13:00,5,1744.64,80,2,2,3,223,Others,1
14237.0,2010-12-01 13:20:00,2,632.14,372,3,1,2,312,Others,0
14238.0,2011-01-17 14:40:00,3,434.22999999999996,325,3,1,2,312,Others,0
14239.0,2011-10-27 14:40:00,21,4263.17,42,2,3,4,234,Big Spenders,1
14240.0,2011-11-09 13:45:00,3,1247.49,29,2,1,3,213,Others,1
14241.0,2011-06-09 11:46:00,2,333.7,183,3,1,1,311,Others,1
14242.0,2011-04-19 11:46:00,2,280.55,234,3,1,1,311,Others,1
14243.0,2011-12-01 11:12:00,17,7431.05,8,1,3,4,134,Big Spenders,1
14244.0,2010-02-17 11:40:00,1,366.41999999999996,660,4,1,2,412,Recent Customers,0
14245.0,2011-05-04 08:40:00,2,1693.45,219,3,1,3,313,Others,1
14246.0,2011-08-21 11:50:00,3,1474.06,110,3,1,3,313,Others,1
14247.0,2011-03-06 15:21:00,5,772.66,277,3,2,2,322,Others,0
14248.0,2011-01-25 14:45:00,3,1032.95,317,3,1,3,313,Others,0
14249.0,2010-10-25 12:34:00,12,5625.461,410,4,3,4,434,Recent Customers,0
14250.0,2011-12-02 14:30:00,3,1904.05,6,1,1,3,113,Others,1
14251.0,2011-12-08 08:32:00,5,2879.7000000000003,1,1,2,4,124,Big Spenders,1
14252.0,2010-11-23 13:36:00,1,350.99,380,4,1,2,412,Recent Customers,0
14253.0,2010-08-03 14:55:00,2,363.40000000000003,492,4,1,2,412,Recent Customers,0
14254.0,2010-10-03 11:52:00,1,601.03,432,4,1,2,412,Recent Customers,0
14255.0,2010-06-11 15:54:00,1,1000.63,545,4,1,3,413,Recent Customers,0
14256.0,2011-03-24 13:17:00,5,2473.9900000000002,259,3,2,4,324,Big Spenders,1
14257.0,2011-10-06 16:54:00,9,5954.45,63,2,3,4,234,Big Spenders,1
14258.0,2011-11-30 15:27:00,25,32051.34,8,1,3,4,134,Big Spenders,1
14259.0,2011-07-21 10:44:00,1,120.0,141,3,1,1,311,Others,1
14260.0,2010-08-25 14:55:00,3,824.28,470,4,1,2,412,Recent Customers,0
14261.0,2011-10-20 10:04:00,2,1163.45,50,2,1,3,213,Others,1
14262.0,2011-12-01 14:17:00,8,2618.23,7,1,3,4,134,Big Spenders,1
14263.0,2010-10-12 14:09:00,1,322.93,422,4,1,1,411,Recent Customers,0
14264.0,2011-07-08 10:20:00,6,1517.3600000000001,154,3,2,3,323,Others,1
14265.0,2011-08-22 13:32:00,4,1373.35,108,3,2,3,323,Others,1
14266.0,2010-10-07 13:32:00,1,40.56,427,4,1,1,411,Recent Customers,0
14267.0,2011-06-30 10:09:00,3,1516.24,162,3,1,3,313,Others,1
14268.0,2010-08-26 10:45:00,1,354.85,470,4,1,2,412,Recent Customers,0
14269.0,2010-09-26 12:53:00,1,295.73,438,4,1,1,411,Recent Customers,0
14270.0,2011-01-12 09:33:00,1,492.65000000000003,331,3,1,2,312,Others,0
14271.0,2011-04-28 12:47:00,2,219.13,225,3,1,1,311,Others,1
14272.0,2011-09-27 10:08:00,4,920.81,73,2,2,3,223,Others,1
14273.0,2011-10-19 13:20:00,4,559.97,50,2,2,2,222,Others,1
14274.0,2010-01-22 12:51:00,1,256.6,685,4,1,1,411,Recent Customers,0
14275.0,2010-11-09 09:06:00,6,1189.3799999999999,395,4,2,3,423,Recent Customers,0
14276.0,2011-09-02 09:45:00,7,2102.68,98,3,2,3,323,Others,1
14277.0,2011-11-24 15:01:00,9,17225.81,14,1,3,4,134,Big Spenders,1
14278.0,2010-10-26 12:07:00,1,205.83,409,4,1,1,411,Recent Customers,0
14279.0,2010-07-07 08:42:00,2,191.86,520,4,1,1,411,Recent Customers,0
14280.0,2011-05-27 10:37:00,1,134.04,196,3,1,1,311,Others,1
14281.0,2010-10-27 14:45:00,1,245.15,407,4,1,1,411,Recent Customers,0
14282.0,2011-12-06 17:04:00,25,7849.66,2,1,3,4,134,Big Spenders,1
14283.0,2010-09-02 14:46:00,4,628.4399999999999,462,4,2,2,422,Recent Customers,0
14284.0,2011-11-09 08:11:00,3,1299.65,30,2,1,3,213,Others,1
14285.0,2011-11-18 14:50:00,8,3284.42,20,1,3,4,134,Big Spenders,1
14286.0,2011-11-16 10:34:00,7,8479.76,23,1,2,4,124,Big Spenders,1
14287.0,2011-12-01 13:25:00,3,176.63,7,1,1,1,111,Others,1
14288.0,2011-05-10 13:22:00,1,426.6,212,3,1,2,312,Others,1
14289.0,2011-12-01 11:44:00,6,911.26,8,1,2,3,123,Others,1
14290.0,2011-11-28 14:02:00,8,4516.56,10,1,3,4,134,Big Spenders,1
14291.0,2011-12-08 10:26:00,23,7904.1,1,1,3,4,134,Big Spenders,1
14292.0,2011-12-02 11:50:00,16,9226.25,7,1,3,4,134,Big Spenders,1
14293.0,2011-12-06 15:17:00,9,3267.9300000000003,2,1,3,4,134,Big Spenders,1
14294.0,2010-10-28 16:25:00,1,375.34,406,4,1,2,412,Recent Customers,0
14295.0,2011-10-30 15:50:00,5,2362.91,39,2,2,4,224,Big Spenders,1
14296.0,2010-10-14 14:14:00,2,456.4,420,4,1,2,412,Recent Customers,0
14297.0,2011-11-22 09:06:00,4,1305.33,17,1,2,3,123,Others,1
14298.0,2011-12-01 13:12:00,82,91194.49,7,1,3,4,134,Big Spenders,2
14299.0,2011-12-01 16:05:00,27,14499.49,7,1,3,4,134,Big Spenders,1
14300.0,2011-11-21 08:57:00,1,43.2,18,1,1,1,111,Others,1
14301.0,2011-08-14 15:33:00,4,1992.18,116,3,2,3,323,Others,1
14302.0,2010-10-05 08:10:00,3,742.9000000000001,430,4,1,2,412,Recent Customers,0
14303.0,2010-10-28 15:37:00,2,277.94,406,4,1,1,411,Recent Customers,0
14304.0,2011-05-01 11:50:00,3,1725.01,222,3,1,3,313,Others,1
14305.0,2011-09-29 15:29:00,3,1858.96,70,2,1,3,213,Others,1
14306.0,2011-10-19 13:23:00,6,3151.4,50,2,2,4,224,Big Spenders,1
14307.0,2011-09-12 09:38:00,10,5071.03,88,2,3,4,234,Big Spenders,1
14308.0,2010-06-08 16:48:00,2,1147.02,548,4,1,3,413,Recent Customers,0
14309.0,2011-12-01 13:33:00,11,3780.81,7,1,3,4,134,Big Spenders,1
14310.0,2010-10-03 12:34:00,1,492.1,432,4,1,2,412,Recent Customers,0
14311.0,2011-04-11 10:14:00,2,516.45,242,3,1,2,312,Others,1
14312.0,2011-10-24 09:46:00,11,3090.29,46,2,3,4,234,Big Spenders,1
14314.0,2011-08-25 10:39:00,2,229.8,106,3,1,1,311,Others,1
14315.0,2011-10-26 12:06:00,8,3197.82,44,2,3,4,234,Big Spenders,1
14316.0,2010-10-13 16:31:00,5,1370.34,421,4,2,3,423,Recent Customers,0
14317.0,2011-10-06 10:44:00,1,508.58,64,2,1,2,212,Others,1
14318.0,2010-09-05 15:32:00,1,158.02,459,4,1,1,411,Recent Customers,0
14319.0,2010-10-11 13:38:00,1,494.85,423,4,1,2,412,Recent Customers,0
14320.0,2011-05-17 09:24:00,5,1346.75,206,3,2,3,323,Others,1
14321.0,2011-11-29 09:47:00,7,2218.06,10,1,2,3,123,Others,1
14322.0,2010-10-06 15:17:00,4,474.1,428,4,2,2,422,Recent Customers,0
14323.0,2011-08-17 11:37:00,2,605.0600000000001,114,3,1,2,312,Others,1
14324.0,2010-10-26 11:44:00,2,701.61,409,4,1,2,412,Recent Customers,0
14325.0,2010-05-19 09:20:00,1,245.48000000000002,569,4,1,1,411,Recent Customers,0
14326.0,2011-04-11 15:04:00,3,940.98,241,3,1,3,313,Others,1
14327.0,2011-06-29 13:58:00,6,1894.93,162,3,2,3,323,Others,1
14328.0,2010-09-27 16:01:00,1,445.05,437,4,1,2,412,Recent Customers,0
14329.0,2011-11-22 15:50:00,15,9927.22,16,1,3,4,134,Big Spenders,1
14330.0,2010-03-26 09:10:00,1,200.63,623,4,1,1,411,Recent Customers,0
14331.0,2011-08-07 13:17:00,2,462.66,123,3,1,2,312,Others,1
14332.0,2011-11-17 11:54:00,5,1943.51,22,1,2,3,123,Others,1
14333.0,2011-10-03 10:38:00,1,415.2,67,2,1,2,212,Others,1
14334.0,2011-11-23 10:01:00,12,4318.48,16,1,3,4,134,Big Spenders,1
14335.0,2011-11-23 13:41:00,2,468.26,15,1,1,2,112,Others,1
14336.0,2011-11-23 11:40:00,4,1614.91,16,1,2,3,123,Others,1
14338.0,2011-07-01 14:08:00,3,928.1,160,3,1,3,313,Others,1
14339.0,2011-04-11 11:06:00,2,620.27,242,3,1,2,312,Others,1
14340.0,2011-05-05 09:44:00,1,134.7,218,3,1,1,311,Others,1
14341.0,2011-10-25 15:48:00,18,4467.32,44,2,3,4,234,Big Spenders,1
14342.0,2011-11-18 13:21:00,6,918.44,20,1,2,3,123,Others,1
14343.0,2010-10-14 13:05:00,4,1088.91,420,4,2,3,423,Recent Customers,0
14344.0,2011-08-04 13:51:00,20,3333.7000000000003,126,3,3,4,334,Big Spenders,1
14345.0,2011-11-01 09:51:00,1,108.97999999999999,38,2,1,1,211,Others,1
14346.0,2011-08-11 09:47:00,5,2315.75,120,3,2,4,324,Big Spenders,1
14347.0,2009-12-03 10:49:00,1,82.6,736,4,1,1,411,Recent Customers,0
14348.0,2011-03-24 16:23:00,1,409.57,259,3,1,2,312,Others,0
14349.0,2011-11-29 15:39:00,1,133.5,9,1,1,1,111,Others,1
14350.0,2011-03-10 14:14:00,3,972.03,273,3,1,3,313,Others,0
14351.0,2011-06-28 11:56:00,1,51.0,164,3,1,1,311,Others,1
14352.0,2011-07-05 15:41:00,4,1078.96,156,3,2,3,323,Others,1
14353.0,2011-05-08 16:06:00,3,376.5,214,3,1,2,312,Others,1
14354.0,2011-12-04 11:32:00,2,163.62,5,1,1,1,111,Others,1
14355.0,2010-12-09 12:16:00,3,1014.45,365,3,1,3,313,Others,0
14356.0,2011-09-21 09:18:00,2,701.23,79,2,1,2,212,Others,1
14357.0,2011-10-27 16:23:00,1,225.77,42,2,1,1,211,Others,1
14358.0,2010-11-15 15:51:00,2,400.06,388,4,1,2,412,Recent Customers,0
14359.0,2011-11-20 13:17:00,3,912.18,18,1,1,3,113,Others,1
14360.0,2011-11-08 09:12:00,4,2128.23,31,2,2,3,223,Others,1
14361.0,2010-05-10 12:29:00,1,214.71,578,4,1,1,411,Recent Customers,0
14362.0,2011-11-17 15:08:00,1,161.2,21,1,1,1,111,Others,1
14363.0,2010-11-02 17:01:00,2,227.47000000000003,401,4,1,1,411,Recent Customers,0
14364.0,2011-08-23 11:01:00,8,3717.35,108,3,3,4,334,Big Spenders,1
14365.0,2010-11-10 09:52:00,2,634.68,394,4,1,2,412,Recent Customers,0
14366.0,2010-07-02 17:23:00,1,136.0,524,4,1,1,411,Recent Customers,0
14367.0,2011-12-01 13:19:00,16,9261.52,7,1,3,4,134,Big Spenders,1
14368.0,2011-01-24 09:52:00,1,155.0,319,3,1,1,311,Others,0
14369.0,2010-03-07 15:47:00,2,469.13,641,4,1,2,412,Recent Customers,0
14370.0,2010-09-15 10:53:00,6,1175.78,450,4,2,3,423,Recent Customers,0
14371.0,2011-02-17 16:35:00,1,100.5,294,3,1,1,311,Others,0
14372.0,2010-09-22 16:17:00,2,860.08,442,4,1,2,412,Recent Customers,0
14373.0,2010-12-16 15:40:00,1,76.55,357,3,1,1,311,Others,0
14374.0,2010-06-16 14:25:00,1,108.0,540,4,1,1,411,Recent Customers,0
14375.0,2011-06-07 13:44:00,3,1132.99,184,3,1,3,313,Others,1
14376.0,2010-01-25 15:36:00,1,215.46,682,4,1,1,411,Recent Customers,0
14377.0,2011-06-01 13:32:00,2,617.05,190,3,1,2,312,Others,1
14378.0,2010-03-28 12:22:00,1,131.25,621,4,1,1,411,Recent Customers,0
14379.0,2011-10-26 16:43:00,4,1268.91,43,2,2,3,223,Others,1
14380.0,2010-01-26 17:11:00,1,48.96,681,4,1,1,411,Recent Customers,0
14381.0,2011-10-18 17:10:00,2,631.34,51,2,1,2,212,Others,1
14382.0,2011-11-13 16:18:00,2,1246.8,25,1,1,3,113,Others,1
14383.0,2011-11-01 15:53:00,3,1247.69,37,2,1,3,213,Others,1
14384.0,2010-07-27 09:53:00,1,58.5,500,4,1,1,411,Recent Customers,0
14385.0,2011-11-30 15:36:00,3,202.11,8,1,1,1,111,Others,1
14386.0,2011-02-16 09:45:00,1,142.4,296,3,1,1,311,Others,0
14387.0,2011-11-07 12:29:00,3,1770.56,32,2,1,3,213,Others,1
14388.0,2011-11-29 13:32:00,16,6701.0,9,1,3,4,134,Big Spenders,1
14389.0,2011-10-05 15:17:00,5,1898.01,64,2,2,3,223,Others,1
14390.0,2011-11-29 13:49:00,13,6399.83,9,1,3,4,134,Big Spenders,1
14391.0,2010-05-12 09:42:00,1,135.6,576,4,1,1,411,Recent Customers,0
14392.0,2010-10-03 12:56:00,1,266.4,431,4,1,1,411,Recent Customers,0
14393.0,2011-05-05 18:16:00,1,67.95,217,3,1,1,311,Others,1
14394.0,2010-05-24 10:43:00,1,93.8,564,4,1,1,411,Recent Customers,0
14395.0,2011-12-07 14:34:00,20,8208.01,1,1,3,4,134,Big Spenders,1
14396.0,2011-10-05 16:09:00,7,2121.93,64,2,2,3,223,Others,1
14397.0,2011-12-07 09:22:00,19,2612.96,2,1,3,4,134,Big Spenders,1
14398.0,2010-11-03 13:46:00,2,707.79,400,4,1,2,412,Recent Customers,0
14399.0,2010-11-10 13:23:00,8,2113.16,393,4,3,3,433,Recent Customers,0
14400.0,2011-07-13 15:50:00,3,1732.47,148,3,1,3,313,Others,1
14401.0,2011-12-05 13:30:00,22,6795.9,3,1,3,4,134,Big Spenders,1
14402.0,2010-02-25 13:20:00,1,285.6,651,4,1,1,411,Recent Customers,0
14403.0,2011-08-01 12:57:00,6,1880.51,129,3,2,3,323,Others,1
14404.0,2011-11-06 12:30:00,13,2899.11,33,2,3,4,234,Big Spenders,1
14405.0,2010-11-18 11:40:00,1,195.0,386,4,1,1,411,Recent Customers,0
14406.0,2011-08-12 16:54:00,1,156.75,118,3,1,1,311,Others,1
14407.0,2011-08-24 14:02:00,6,2157.73,106,3,2,3,323,Others,1
14408.0,2011-11-29 11:41:00,11,4109.77,10,1,3,4,134,Big Spenders,1
14409.0,2011-09-29 18:18:00,9,3756.09,70,2,3,4,234,Big Spenders,1
14410.0,2011-09-08 15:08:00,11,2651.14,91,2,3,4,234,Big Spenders,1
14411.0,2011-02-02 10:56:00,1,1063.0,310,3,1,3,313,Others,0
14412.0,2011-10-28 10:45:00,3,1426.19,42,2,1,3,213,Others,1
14413.0,2010-12-12 13:37:00,4,770.37,361,3,2,2,322,Others,0
14414.0,2011-09-09 12:09:00,8,2399.33,91,2,3,4,234,Big Spenders,1
14415.0,2011-12-08 14:38:00,23,12091.6,0,1,3,4,134,Big Spenders,1
14416.0,2011-11-17 15:22:00,2,490.22,21,1,1,2,112,Others,1
14417.0,2010-11-17 10:55:00,1,604.2,387,4,1,2,412,Recent Customers,0
14418.0,2011-12-06 11:39:00,3,1937.25,3,1,1,3,113,Others,1
14419.0,2011-11-29 11:22:00,7,1260.91,10,1,2,3,123,Others,1
14420.0,2011-09-01 18:07:00,4,1639.17,98,3,2,3,323,Others,1
14421.0,2011-10-13 13:24:00,6,2469.37,56,2,2,4,224,Big Spenders,1
14422.0,2011-12-09 11:26:00,19,10271.52,0,1,3,4,134,Big Spenders,1
14423.0,2011-05-05 15:12:00,3,916.6099999999999,217,3,1,3,313,Others,1
14424.0,2011-11-22 11:48:00,1,322.08,17,1,1,1,111,Others,1
14425.0,2010-10-01 10:24:00,3,661.39,434,4,1,2,412,Recent Customers,0
14426.0,2011-11-16 12:25:00,17,11727.94,23,1,3,4,134,Big Spenders,1
14427.0,2011-10-20 14:23:00,4,1263.52,49,2,2,3,223,Others,1
14428.0,2011-12-02 13:17:00,5,1244.83,6,1,2,3,123,Others,1
14429.0,2010-11-01 10:08:00,1,516.28,403,4,1,2,412,Recent Customers,0
14430.0,2010-07-16 11:35:00,3,1220.9,511,4,1,3,413,Recent Customers,0
14431.0,2011-02-10 10:40:00,4,2614.2,302,3,2,4,324,Big Spenders,0
14432.0,2011-11-30 08:04:00,6,2255.51,9,1,2,3,123,Others,1
14433.0,2010-08-31 12:35:00,1,289.6,465,4,1,1,411,Recent Customers,0
14434.0,2011-11-18 08:56:00,6,1372.8,21,1,2,3,123,Others,1
14435.0,2010-07-26 12:33:00,1,90.42,501,4,1,1,411,Recent Customers,0
14436.0,2011-09-02 10:13:00,2,271.7,98,3,1,1,311,Others,1
14437.0,2010-12-09 09:27:00,5,958.84,365,3,2,3,323,Others,0
14438.0,2011-02-06 14:56:00,1,131.9,305,3,1,1,311,Others,0
14439.0,2011-01-24 11:39:00,5,9443.04,319,3,2,4,324,Big Spenders,0
14440.0,2011-12-01 15:42:00,13,6638.7300000000005,7,1,3,4,134,Big Spenders,1
14441.0,2011-12-09 09:07:00,11,4611.6900000000005,0,1,3,4,134,Big Spenders,1
14442.0,2011-05-19 11:36:00,7,5367.0199999999995,204,3,2,4,324,Big Spenders,1
14443.0,2011-10-17 10:10:00,5,2386.4700000000003,53,2,2,4,224,Big Spenders,1
14444.0,2010-09-09 18:56:00,1,132.04,455,4,1,1,411,Recent Customers,0
14445.0,2010-09-10 11:09:00,1,221.65,455,4,1,1,411,Recent Customers,0
14446.0,2011-12-09 11:34:00,5,1241.31,0,1,2,3,123,Others,1
14447.0,2011-11-21 08:28:00,6,1711.73,18,1,2,3,123,Others,1
14448.0,2011-11-30 13:50:00,2,375.35,8,1,1,2,112,Others,1
14449.0,2011-11-21 12:06:00,8,2482.8,18,1,3,4,134,Big Spenders,1
14450.0,2011-06-12 10:46:00,7,1128.44,180,3,2,3,323,Others,1
14451.0,2011-10-10 13:38:00,12,3308.77,59,2,3,4,234,Big Spenders,1
14452.0,2011-11-29 12:06:00,4,665.59,10,1,2,2,122,Others,1
14453.0,2011-06-02 14:15:00,1,119.93,189,3,1,1,311,Others,1
14454.0,2010-11-28 13:26:00,5,977.3,375,3,2,3,323,Others,0
14455.0,2010-10-03 15:48:00,4,628.21,431,4,2,2,422,Recent Customers,0
14456.0,2011-12-04 13:59:00,9,3062.4,4,1,3,4,134,Big Spenders,1
14457.0,2011-02-02 09:39:00,1,113.64,310,3,1,1,311,Others,0
14458.0,2010-11-24 12:43:00,1,237.42,380,4,1,1,411,Recent Customers,0
14459.0,2011-07-07 13:35:00,2,5375.741,154,3,1,4,314,Big Spenders,1
14460.0,2011-08-21 14:19:00,9,1093.5,109,3,3,3,333,Others,1
14461.0,2011-07-14 17:11:00,13,6713.5,147,3,3,4,334,Big Spenders,1
14462.0,2011-10-04 15:55:00,12,2270.01,65,2,3,3,233,Others,1
14463.0,2011-09-02 15:20:00,4,786.5699999999999,97,3,2,2,322,Others,1
14464.0,2010-05-20 18:00:00,2,111.0,567,4,1,1,411,Recent Customers,0
14465.0,2011-04-07 12:38:00,11,3946.03,246,3,3,4,334,Big Spenders,1
14466.0,2011-11-10 14:07:00,13,4646.9,28,2,3,4,234,Big Spenders,1
14467.0,2011-11-22 12:48:00,12,2220.9900000000002,17,1,3,3,133,Others,1
14468.0,2009-12-06 12:21:00,1,204.24,733,4,1,1,411,Recent Customers,0
14469.0,2010-10-19 14:30:00,4,2112.21,415,4,2,3,423,Recent Customers,0
14470.0,2011-11-28 10:31:00,3,712.04,11,1,1,2,112,Others,1
14471.0,2010-04-27 17:12:00,2,400.95,590,4,1,2,412,Recent Customers,0
14472.0,2011-08-28 11:01:00,9,2228.22,103,3,3,3,333,Others,1
14473.0,2011-09-26 15:10:00,2,234.34,73,2,1,1,211,Others,1
14474.0,2011-10-24 13:26:00,2,1278.08,45,2,1,3,213,Others,1
14475.0,2011-09-29 10:46:00,4,1151.15,71,2,2,3,223,Others,1
14476.0,2011-03-27 15:39:00,1,215.7,256,3,1,1,311,Others,0
14477.0,2011-11-20 11:11:00,7,1969.6,19,1,2,3,123,Others,1
14478.0,2010-11-22 15:29:00,4,1276.66,381,4,2,3,423,Recent Customers,0
14479.0,2011-03-31 09:07:00,4,1299.1100000000001,253,3,2,3,323,Others,1
14480.0,2011-11-28 16:35:00,4,1299.52,10,1,2,3,123,Others,1
14481.0,2011-06-28 10:38:00,5,2311.4900000000002,164,3,2,4,324,Big Spenders,1
14482.0,2011-11-21 13:14:00,12,4357.91,17,1,3,4,134,Big Spenders,1
14483.0,2011-03-03 10:26:00,2,257.1,281,3,1,1,311,Others,0
14484.0,2011-10-20 14:11:00,4,1070.98,49,2,2,3,223,Others,1
14485.0,2011-11-01 12:25:00,1,165.75,38,2,1,1,211,Others,1
14486.0,2010-07-16 09:42:00,2,175.5,511,4,1,1,411,Recent Customers,0
14487.0,2011-11-13 12:17:00,7,1453.61,26,2,2,3,223,Others,1
14488.0,2011-10-03 09:30:00,1,1064.28,67,2,1,3,213,Others,1
14489.0,2011-05-16 14:51:00,4,1574.93,206,3,2,3,323,Others,1
14490.0,2010-10-29 15:04:00,2,1273.47,405,4,1,3,413,Recent Customers,0
14491.0,2011-06-17 15:22:00,2,468.13,174,3,1,2,312,Others,1
14492.0,2010-10-05 13:21:00,7,1921.91,429,4,2,3,423,Recent Customers,0
14493.0,2011-12-02 16:14:00,10,5130.15,6,1,3,4,134,Big Spenders,1
14494.0,2011-11-14 09:21:00,3,401.46,25,1,1,2,112,Others,1
14495.0,2011-10-20 12:28:00,3,174.8,50,2,1,1,211,Others,1
14496.0,2011-02-01 09:01:00,7,2668.23,311,3,2,4,324,Big Spenders,0
14497.0,2011-02-03 17:01:00,2,697.0600000000001,308,3,1,2,312,Others,0
14498.0,2011-10-28 12:09:00,10,3911.27,42,2,3,4,234,Big Spenders,1
14499.0,2011-11-13 13:01:00,7,2138.9700000000003,25,1,2,3,123,Others,1
14500.0,2011-09-12 16:45:00,3,356.85,87,2,1,2,212,Others,1
14501.0,2011-06-09 12:02:00,2,251.21,183,3,1,1,311,Others,1
14502.0,2011-11-20 11:50:00,11,2470.67,19,1,3,4,134,Big Spenders,1
14503.0,2011-12-06 13:30:00,6,3543.26,2,1,2,4,124,Big Spenders,1
14504.0,2011-10-23 16:00:00,4,673.26,46,2,2,2,222,Others,1
14505.0,2011-11-22 15:45:00,19,12001.84,16,1,3,4,134,Big Spenders,1
14506.0,2011-11-22 13:02:00,7,3290.67,16,1,2,4,124,Big Spenders,1
14507.0,2011-11-16 12:21:00,11,3284.43,23,1,3,4,134,Big Spenders,1
14508.0,2011-11-17 19:48:00,5,874.94,21,1,2,2,122,Others,1
14509.0,2010-06-23 13:21:00,1,110.95,533,4,1,1,411,Recent Customers,0
14510.0,2010-11-29 12:46:00,3,1007.28,375,3,1,3,313,Others,0
14511.0,2011-11-28 17:05:00,5,1314.81,10,1,2,3,123,Others,1
14512.0,2011-06-05 12:39:00,7,1223.47,187,3,2,3,323,Others,1
14513.0,2011-08-31 11:25:00,6,788.01,100,3,2,2,322,Others,1
14514.0,2011-10-09 16:05:00,9,4598.9800000000005,60,2,3,4,234,Big Spenders,1
14515.0,2011-11-22 11:37:00,12,3749.26,17,1,3,4,134,Big Spenders,1
14516.0,2010-07-11 14:07:00,1,163.92,515,4,1,1,411,Recent Customers,0
14517.0,2011-11-06 14:20:00,2,330.45,32,2,1,1,211,Others,1
14518.0,2011-10-06 14:43:00,1,174.37,63,2,1,1,211,Others,1
14519.0,2010-01-25 11:18:00,2,206.09,683,4,1,1,411,Recent Customers,0
14520.0,2011-12-08 09:46:00,2,270.6,1,1,1,1,111,Others,1
14521.0,2010-08-05 16:35:00,1,199.45000000000002,490,4,1,1,411,Recent Customers,0
14522.0,2011-11-15 13:24:00,8,1758.6200000000001,23,1,3,3,133,Others,1
14523.0,2011-08-23 13:13:00,1,241.09,107,3,1,1,311,Others,1
14524.0,2011-11-08 12:29:00,13,2933.71,31,2,3,4,234,Big Spenders,1
14525.0,2011-11-20 11:37:00,17,8240.64,19,1,3,4,134,Big Spenders,1
14526.0,2010-11-15 13:32:00,1,262.4,388,4,1,1,411,Recent Customers,0
14527.0,2011-12-07 12:19:00,122,27792.3,2,1,3,4,134,Big Spenders,2
14528.0,2011-11-02 17:09:00,1,364.21999999999997,36,2,1,2,212,Others,1
14529.0,2011-10-10 15:27:00,3,620.04,59,2,1,2,212,Others,1
14530.0,2011-11-14 10:38:00,16,6197.4,25,1,3,4,134,Big Spenders,1
14531.0,2010-08-17 10:16:00,1,376.34,479,4,1,2,412,Recent Customers,0
14532.0,2011-04-17 13:05:00,11,3859.18,235,3,3,4,334,Big Spenders,1
14533.0,2011-11-15 12:05:00,11,3466.37,24,1,3,4,134,Big Spenders,1
14534.0,2011-12-07 12:19:00,26,6271.11,2,1,3,4,134,Big Spenders,1
14535.0,2011-10-10 15:39:00,9,6030.7300000000005,59,2,3,4,234,Big Spenders,1
14536.0,2011-03-25 12:21:00,1,171.8,259,3,1,1,311,Others,0
14537.0,2011-10-13 10:54:00,2,641.4,57,2,1,2,212,Others,1
14538.0,2011-10-06 10:31:00,5,1370.8400000000001,64,2,2,3,223,Others,1
14539.0,2011-11-24 09:50:00,2,537.48,15,1,1,2,112,Others,1
14540.0,2011-11-30 10:15:00,11,3795.34,9,1,3,4,134,Big Spenders,1
14541.0,2011-10-12 10:08:00,14,2499.68,58,2,3,4,234,Big Spenders,1
14542.0,2011-06-07 08:19:00,1,103.25,185,3,1,1,311,Others,1
14543.0,2011-11-11 12:45:00,39,14906.77,28,2,3,4,234,Big Spenders,1
14544.0,2011-11-15 15:06:00,3,2982.43,23,1,1,4,114,Big Spenders,1
14545.0,2010-02-03 15:23:00,1,349.25,673,4,1,2,412,Recent Customers,0
14546.0,2011-12-04 13:00:00,11,5197.9,4,1,3,4,134,Big Spenders,1
14547.0,2011-12-06 11:06:00,8,4007.54,3,1,3,4,134,Big Spenders,1
14548.0,2011-07-12 12:19:00,9,2627.49,150,3,3,4,334,Big Spenders,1
14549.0,2011-02-01 13:47:00,4,916.5500000000001,310,3,2,3,323,Others,0
14550.0,2011-11-29 12:12:00,4,1353.31,10,1,2,3,123,Others,1
14551.0,2011-11-21 13:36:00,7,880.04,17,1,2,2,122,Others,1
14552.0,2011-07-11 12:49:00,3,511.28,151,3,1,2,312,Others,1
14553.0,2011-11-20 13:20:00,9,1841.54,18,1,3,3,133,Others,1
14554.0,2011-11-29 16:44:00,4,2381.04,9,1,2,4,124,Big Spenders,1
14555.0,2011-10-13 16:24:00,6,2315.63,56,2,2,4,224,Big Spenders,1
14556.0,2010-04-22 14:57:00,3,835.34,595,4,1,2,412,Recent Customers,0
14557.0,2011-09-15 15:48:00,1,788.38,84,2,1,2,212,Others,1
14558.0,2010-02-23 12:51:00,3,655.5,653,4,1,2,412,Recent Customers,0
14559.0,2010-11-14 16:05:00,1,75.6,389,4,1,1,411,Recent Customers,0
14560.0,2011-12-02 15:22:00,44,6114.03,6,1,3,4,134,Big Spenders,1
14561.0,2011-09-25 12:39:00,3,1080.76,75,2,1,3,213,Others,1
14562.0,2011-12-06 11:05:00,26,6729.400000000001,3,1,3,4,134,Big Spenders,1
14563.0,2010-07-18 12:01:00,2,679.4399999999999,509,4,1,2,412,Recent Customers,0
14564.0,2010-10-01 09:02:00,2,2605.62,434,4,1,4,414,Recent Customers,0
14565.0,2011-09-05 09:07:00,5,3859.2200000000003,95,2,2,4,224,Big Spenders,1
14566.0,2011-08-21 11:05:00,4,4092.0,110,3,2,4,324,Big Spenders,1
14567.0,2011-10-14 10:21:00,2,1530.3600000000001,56,2,1,3,213,Others,1
14568.0,2010-09-30 17:15:00,1,919.6999999999999,434,4,1,3,413,Recent Customers,0
14569.0,2011-12-08 14:58:00,4,598.98,0,1,2,2,122,Others,1
14570.0,2011-03-04 10:58:00,3,613.75,280,3,1,2,312,Others,0
14571.0,2010-10-10 15:06:00,1,161.65,424,4,1,1,411,Recent Customers,0
14572.0,2011-12-06 14:40:00,11,5615.18,2,1,3,4,134,Big Spenders,1
14573.0,2011-06-13 11:15:00,13,2621.42,179,3,3,4,334,Big Spenders,1
14574.0,2009-12-07 12:42:00,1,143.70000000000002,732,4,1,1,411,Recent Customers,0
14575.0,2010-08-08 14:51:00,1,460.71,487,4,1,2,412,Recent Customers,0
14576.0,2010-12-02 17:51:00,1,70.80000000000001,371,3,1,1,311,Others,0
14577.0,2011-11-27 12:47:00,7,1374.25,12,1,2,3,123,Others,1
14578.0,2011-12-06 17:18:00,1,168.63,2,1,1,1,111,Others,1
14579.0,2010-10-03 14:36:00,1,105.56,431,4,1,1,411,Recent Customers,0
14580.0,2010-07-09 15:20:00,1,14.850000000000001,517,4,1,1,411,Recent Customers,0
14581.0,2011-11-23 12:39:00,2,433.8,16,1,1,2,112,Others,1
14582.0,2011-10-30 11:56:00,1,114.11000000000001,40,2,1,1,211,Others,1
14583.0,2011-12-04 12:32:00,8,1781.03,5,1,3,3,133,Others,1
14584.0,2011-06-23 18:33:00,8,1747.91,168,3,3,3,333,Others,1
14585.0,2011-10-20 14:33:00,5,1143.27,49,2,2,3,223,Others,1
14586.0,2011-03-08 10:04:00,1,237.36,276,3,1,1,311,Others,0
14587.0,2011-11-21 11:34:00,9,1601.14,18,1,3,3,133,Others,1
14588.0,2010-05-10 15:08:00,1,135.39,577,4,1,1,411,Recent Customers,0
14589.0,2010-12-03 11:42:00,1,79.5,371,3,1,1,311,Others,0
14590.0,2010-10-11 12:06:00,20,3006.62,424,4,3,4,434,Recent Customers,0
14591.0,2011-11-24 13:57:00,4,1447.14,14,1,2,3,123,Others,1
14592.0,2011-11-04 16:35:00,3,570.46,34,2,1,2,212,Others,1
14593.0,2011-11-18 12:48:00,12,3712.0099999999998,21,1,3,4,134,Big Spenders,1
14594.0,2011-12-02 13:28:00,2,634.83,6,1,1,2,112,Others,1
14595.0,2011-11-20 12:12:00,8,2164.45,19,1,3,3,133,Others,1
14596.0,2010-03-23 12:13:00,1,229.47,626,4,1,1,411,Recent Customers,0
14597.0,2011-11-28 13:13:00,6,2201.54,10,1,2,3,123,Others,1
14598.0,2011-10-26 13:19:00,2,384.04,43,2,1,2,212,Others,1
14599.0,2010-11-14 14:49:00,2,474.54,389,4,1,2,412,Recent Customers,0
14600.0,2011-02-07 09:48:00,2,865.1700000000001,305,3,1,2,312,Others,0
14601.0,2011-11-29 09:48:00,1,213.96,10,1,1,1,111,Others,1
14602.0,2010-02-21 15:47:00,1,205.35999999999999,655,4,1,1,411,Recent Customers,0
14603.0,2011-03-10 10:27:00,1,660.0,274,3,1,2,312,Others,0
14604.0,2010-03-16 13:00:00,1,143.85999999999999,632,4,1,1,411,Recent Customers,0
14605.0,2010-11-30 14:07:00,4,937.16,373,3,2,3,323,Others,0
14606.0,2011-12-08 19:28:00,192,30861.06,0,1,3,4,134,Big Spenders,2
14607.0,2011-11-24 10:35:00,22,24137.63,15,1,3,4,134,Big Spenders,1
14608.0,2011-12-05 16:52:00,11,3352.94,3,1,3,4,134,Big Spenders,1
14609.0,2011-09-28 12:54:00,10,1486.2,71,2,3,3,233,Others,1
14610.0,2010-11-09 10:58:00,2,24.35,395,4,1,1,411,Recent Customers,0
14611.0,2010-09-22 09:19:00,2,604.3299999999999,443,4,1,2,412,Recent Customers,0
14612.0,2010-10-20 16:01:00,1,877.7,414,4,1,2,412,Recent Customers,0
14613.0,2010-01-28 13:02:00,1,76.32000000000001,679,4,1,1,411,Recent Customers,0
14614.0,2010-11-18 13:04:00,1,295.13,385,4,1,1,411,Recent Customers,0
14615.0,2010-11-10 13:36:00,5,951.76,393,4,2,3,423,Recent Customers,0
14616.0,2011-04-11 09:54:00,5,527.7800000000001,242,3,2,2,322,Others,1
14617.0,2010-11-02 11:41:00,2,190.47,402,4,1,1,411,Recent Customers,0
14618.0,2011-11-30 13:45:00,7,1342.32,8,1,2,3,123,Others,1
14619.0,2011-04-08 07:37:00,2,1291.24,245,3,1,3,313,Others,1
14620.0,2011-05-18 11:58:00,2,412.78000000000003,205,3,1,2,312,Others,1
14621.0,2011-12-08 16:22:00,9,3000.57,0,1,3,4,134,Big Spenders,1
14622.0,2011-06-08 12:42:00,1,320.58000000000004,184,3,1,1,311,Others,1
14623.0,2011-11-07 13:56:00,10,2059.58,31,2,3,3,233,Others,1
14624.0,2011-10-13 13:44:00,6,814.07,56,2,2,2,222,Others,1
14625.0,2011-05-27 15:32:00,11,4497.88,195,3,3,4,334,Big Spenders,1
14626.0,2011-11-16 10:37:00,11,5410.92,23,1,3,4,134,Big Spenders,1
14627.0,2010-11-25 16:32:00,1,462.75,378,3,1,2,312,Others,0
14628.0,2011-09-09 14:58:00,5,1998.0,90,2,2,3,223,Others,1
14629.0,2011-12-05 16:55:00,2,959.01,3,1,1,3,113,Others,1
14630.0,2010-08-12 16:38:00,1,338.65,483,4,1,1,411,Recent Customers,0
14631.0,2011-10-20 11:17:00,6,2025.69,50,2,2,3,223,Others,1
14632.0,2011-03-22 08:49:00,1,114.56,262,3,1,1,311,Others,0
14633.0,2011-03-18 17:07:00,1,344.90000000000003,265,3,1,1,311,Others,0
14634.0,2010-09-28 10:40:00,4,2124.46,437,4,2,3,423,Recent Customers,0
14635.0,2010-09-12 10:47:00,1,215.22,453,4,1,1,411,Recent Customers,0
14636.0,2011-11-03 16:12:00,2,609.85,35,2,1,2,212,Others,1
14637.0,2010-01-31 15:52:00,1,106.67999999999999,676,4,1,1,411,Recent Customers,0
14638.0,2011-10-20 10:10:00,1,443.6,50,2,1,2,212,Others,1
14639.0,2011-10-18 15:06:00,9,4978.96,51,2,3,4,234,Big Spenders,1
14640.0,2011-11-15 13:07:00,10,3667.06,23,1,3,4,134,Big Spenders,1
14641.0,2011-11-18 10:42:00,1,110.46,21,1,1,1,111,Others,1
14642.0,2011-10-12 11:08:00,1,96.12,58,2,1,1,211,Others,1
14643.0,2011-06-22 14:41:00,5,1679.89,169,3,2,3,323,Others,1
14644.0,2011-10-03 08:30:00,7,2247.72,67,2,2,3,223,Others,1
14645.0,2011-07-06 09:15:00,3,876.89,156,3,1,2,312,Others,1
14646.0,2011-12-08 12:12:00,151,528602.52,1,1,3,4,134,Big Spenders,3
14647.0,2011-05-22 13:40:00,2,519.97,200,3,1,2,312,Others,1
14648.0,2010-10-19 13:12:00,15,4546.86,415,4,3,4,434,Recent Customers,0
14649.0,2011-12-05 12:30:00,9,3775.31,4,1,3,4,134,Big Spenders,1
14650.0,2010-04-29 20:27:00,1,62.5,588,4,1,1,411,Recent Customers,0
14651.0,2011-10-03 15:52:00,9,2034.1200000000001,66,2,3,3,233,Others,1
14652.0,2011-09-23 14:21:00,1,114.17999999999999,76,2,1,1,211,Others,1
14653.0,2011-12-08 13:45:00,12,3614.54,0,1,3,4,134,Big Spenders,1
14654.0,2009-12-01 12:57:00,1,246.85999999999999,737,4,1,1,411,Recent Customers,0
14655.0,2011-12-01 16:28:00,7,3878.51,7,1,2,4,124,Big Spenders,1
14656.0,2011-06-23 13:51:00,5,814.65,168,3,2,2,322,Others,1
14657.0,2011-11-22 12:47:00,6,1460.8700000000001,17,1,2,3,123,Others,1
14658.0,2011-12-04 15:35:00,2,247.15,4,1,1,1,111,Others,1
14659.0,2011-12-01 12:17:00,9,2529.93,8,1,3,4,134,Big Spenders,1
14660.0,2011-09-14 11:34:00,2,285.74,86,2,1,1,211,Others,1
14661.0,2011-11-13 11:51:00,1,107.95,26,2,1,1,211,Others,1
14662.0,2011-11-11 12:13:00,7,1416.33,28,2,2,3,223,Others,1
14663.0,2010-10-05 13:21:00,2,490.6,429,4,1,2,412,Recent Customers,0
14664.0,2011-11-20 10:59:00,2,637.89,19,1,1,2,112,Others,1
14665.0,2011-10-10 09:14:00,7,2749.65,60,2,2,4,224,Big Spenders,1
14666.0,2011-11-15 12:57:00,1,195.25,23,1,1,1,111,Others,1
14667.0,2011-11-29 11:30:00,54,21927.14,10,1,3,4,134,Big Spenders,1
14668.0,2010-09-20 15:03:00,1,111.63,444,4,1,1,411,Recent Customers,0
14669.0,2011-04-12 11:43:00,7,3243.93,241,3,2,4,324,Big Spenders,1
14670.0,2011-03-04 14:13:00,3,602.0,279,3,1,2,312,Others,0
14671.0,2010-06-08 13:39:00,2,1127.45,548,4,1,3,413,Recent Customers,0
14672.0,2011-04-19 10:19:00,4,1113.14,234,3,2,3,323,Others,1
14673.0,2011-12-06 14:31:00,7,3410.81,2,1,2,4,124,Big Spenders,1
14674.0,2010-07-18 14:25:00,1,173.66,508,4,1,1,411,Recent Customers,0
14675.0,2011-11-23 12:58:00,2,1066.9,15,1,1,3,113,Others,1
14676.0,2011-11-08 13:29:00,12,8356.79,30,2,3,4,234,Big Spenders,1
14677.0,2010-04-26 09:48:00,1,184.91,592,4,1,1,411,Recent Customers,0
14678.0,2010-05-09 14:32:00,1,403.39,578,4,1,2,412,Recent Customers,0
14679.0,2010-11-23 11:51:00,3,1289.44,381,4,1,3,413,Recent Customers,0
14680.0,2011-11-14 16:59:00,58,57412.77,24,1,3,4,134,Big Spenders,2
14681.0,2011-09-29 15:52:00,6,875.15,70,2,2,2,222,Others,1
14682.0,2011-06-05 12:12:00,6,1514.81,187,3,2,3,323,Others,1
14683.0,2010-04-30 17:18:00,1,146.56,587,4,1,1,411,Recent Customers,0
14684.0,2011-11-14 11:33:00,6,1468.55,25,1,2,3,123,Others,1
14685.0,2010-05-12 13:08:00,8,4619.79,575,4,3,4,434,Recent Customers,0
14686.0,2010-10-21 18:31:00,5,885.83,413,4,2,2,422,Recent Customers,0
14687.0,2011-08-25 11:59:00,3,1402.06,106,3,1,3,313,Others,1
14688.0,2011-12-02 12:26:00,28,7713.57,7,1,3,4,134,Big Spenders,1
14689.0,2011-05-15 11:22:00,1,112.8,208,3,1,1,311,Others,1
14690.0,2011-10-26 15:39:00,4,794.33,43,2,2,2,222,Others,1
14691.0,2011-11-09 12:30:00,5,2114.33,30,2,2,3,223,Others,1
14692.0,2011-07-25 15:08:00,12,1745.09,136,3,3,3,333,Others,1
14693.0,2011-03-20 12:50:00,7,1165.36,264,3,2,3,323,Others,1
14694.0,2010-04-01 19:46:00,1,244.31,616,4,1,1,411,Recent Customers,0
14695.0,2010-07-08 14:18:00,3,1620.07,518,4,1,3,413,Recent Customers,0
14696.0,2011-12-05 13:43:00,8,2767.9,3,1,3,4,134,Big Spenders,1
14697.0,2011-05-05 15:39:00,2,188.60999999999999,217,3,1,1,311,Others,1
14698.0,2011-12-08 12:26:00,5,1250.76,1,1,2,3,123,Others,1
14699.0,2011-05-09 14:54:00,4,702.6,213,3,2,2,322,Others,1
14700.0,2011-11-07 14:40:00,5,3116.26,31,2,2,4,224,Big Spenders,1
14701.0,2011-11-29 12:38:00,15,4562.09,10,1,3,4,134,Big Spenders,1
14702.0,2011-12-08 19:29:00,29,6754.22,0,1,3,4,134,Big Spenders,1
14703.0,2011-11-25 09:23:00,1,318.17,14,1,1,1,111,Others,1
14704.0,2011-11-28 12:51:00,11,1813.57,10,1,3,3,133,Others,1
14705.0,2011-05-25 12:39:00,1,179.0,198,3,1,1,311,Others,1
14706.0,2010-03-31 11:09:00,1,390.69,618,4,1,2,412,Recent Customers,0
14707.0,2010-09-30 11:37:00,2,139.2,435,4,1,1,411,Recent Customers,0
14708.0,2011-12-07 08:21:00,5,2212.28,2,1,2,3,123,Others,1
14709.0,2011-11-24 15:41:00,25,8886.33,14,1,3,4,134,Big Spenders,1
14710.0,2011-11-25 14:53:00,13,1922.59,13,1,3,3,133,Others,1
14711.0,2011-11-29 14:58:00,11,2868.8,9,1,3,4,134,Big Spenders,1
14712.0,2011-11-10 12:59:00,4,1328.0700000000002,28,2,2,3,223,Others,1
14713.0,2011-11-30 16:26:00,21,5418.87,8,1,3,4,134,Big Spenders,1
14714.0,2011-11-15 13:07:00,4,906.24,23,1,2,3,123,Others,1
14715.0,2011-11-15 12:10:00,8,1840.45,24,1,3,3,133,Others,1
14716.0,2011-10-27 17:29:00,3,565.45,42,2,1,2,212,Others,1
14717.0,2009-12-06 13:05:00,1,81.3,732,4,1,1,411,Recent Customers,0
14718.0,2010-10-25 13:07:00,1,226.42,409,4,1,1,411,Recent Customers,0
14719.0,2011-12-08 12:43:00,5,1602.13,1,1,2,3,123,Others,1
14720.0,2011-12-04 12:02:00,3,663.8100000000001,5,1,1,2,112,Others,1
14721.0,2010-11-25 13:08:00,1,115.77,378,3,1,1,311,Others,0
14722.0,2011-07-15 14:58:00,3,513.37,146,3,1,2,312,Others,1
14723.0,2011-11-29 15:23:00,11,2093.06,9,1,3,3,133,Others,1
14724.0,2010-04-28 13:26:00,1,345.25,589,4,1,1,411,Recent Customers,0
14725.0,2011-11-15 12:42:00,4,1315.24,24,1,2,3,123,Others,1
14726.0,2010-02-23 12:35:00,1,124.75,654,4,1,1,411,Recent Customers,0
14727.0,2011-03-10 14:45:00,3,467.93,273,3,1,2,312,Others,0
14728.0,2010-10-22 15:57:00,1,190.58,412,4,1,1,411,Recent Customers,0
14729.0,2010-12-01 12:43:00,3,907.38,373,3,1,3,313,Others,0
14730.0,2011-12-08 14:39:00,8,2005.06,0,1,3,3,133,Others,1
14731.0,2011-10-23 15:54:00,3,380.02,46,2,1,2,212,Others,1
14732.0,2011-12-01 14:34:00,19,5517.07,7,1,3,4,134,Big Spenders,1
14733.0,2011-11-23 15:39:00,15,16184.97,15,1,3,4,134,Big Spenders,1
14734.0,2010-10-10 12:04:00,4,1056.42,425,4,2,3,423,Recent Customers,0
14735.0,2011-12-06 12:09:00,56,12240.16,3,1,3,4,134,Big Spenders,1
14736.0,2010-08-11 15:21:00,2,401.08,484,4,1,2,412,Recent Customers,0
14737.0,2011-12-06 10:16:00,4,3554.17,3,1,2,4,124,Big Spenders,1
14738.0,2011-10-28 08:56:00,9,1821.9,42,2,3,3,233,Others,1
14739.0,2011-12-05 16:54:00,25,12287.5,3,1,3,4,134,Big Spenders,1
14740.0,2011-05-26 18:17:00,11,4161.06,196,3,3,4,334,Big Spenders,1
14741.0,2011-11-28 08:48:00,7,1897.5900000000001,11,1,2,3,123,Others,1
14742.0,2010-09-30 14:07:00,1,579.85,434,4,1,2,412,Recent Customers,0
14743.0,2010-04-26 10:26:00,1,50.48,592,4,1,1,411,Recent Customers,0
14744.0,2011-11-23 12:51:00,14,3885.08,15,1,3,4,134,Big Spenders,1
14745.0,2011-08-19 10:05:00,12,2571.81,112,3,3,4,334,Big Spenders,1
14746.0,2010-10-29 14:44:00,4,593.5,405,4,2,2,422,Recent Customers,0
14747.0,2011-04-04 14:09:00,1,328.2,248,3,1,1,311,Others,1
14748.0,2011-11-10 18:33:00,10,3152.32,28,2,3,4,234,Big Spenders,1
14749.0,2010-08-17 12:36:00,1,310.15,479,4,1,1,411,Recent Customers,0
14750.0,2009-12-03 17:57:00,1,112.03,735,4,1,1,411,Recent Customers,0
14751.0,2010-01-24 13:37:00,2,126.45,683,4,1,1,411,Recent Customers,0
14752.0,2011-10-27 11:55:00,1,389.64,43,2,1,2,212,Others,1
14753.0,2011-09-13 14:50:00,2,869.51,86,2,1,2,212,Others,1
14754.0,2011-10-26 12:01:00,6,1550.48,44,2,2,3,223,Others,1
14755.0,2011-11-30 11:24:00,25,9972.550000000001,9,1,3,4,134,Big Spenders,1
14756.0,2011-11-24 18:13:00,3,2653.76,14,1,1,4,114,Big Spenders,1
14757.0,2011-09-25 14:36:00,1,420.5,74,2,1,2,212,Others,1
14758.0,2011-07-18 08:21:00,7,2864.97,144,3,2,4,324,Big Spenders,1
14759.0,2011-12-05 12:03:00,3,1625.97,4,1,1,3,113,Others,1
14760.0,2011-02-15 16:27:00,1,89.2,296,3,1,1,311,Others,0
14761.0,2011-10-12 12:10:00,3,447.92,58,2,1,2,212,Others,1
14762.0,2011-03-21 08:20:00,2,417.57,263,3,1,2,312,Others,0
14764.0,2011-10-24 11:54:00,1,278.3,46,2,1,1,211,Others,1
14765.0,2011-11-10 19:53:00,3,254.11,28,2,1,1,211,Others,1
14766.0,2011-12-01 16:05:00,11,6556.13,7,1,3,4,134,Big Spenders,1
14767.0,2010-08-22 14:54:00,1,382.81,473,4,1,2,412,Recent Customers,0
14768.0,2011-11-22 12:54:00,2,192.60000000000002,16,1,1,1,111,Others,1
14769.0,2011-12-07 10:24:00,17,15771.88,2,1,3,4,134,Big Spenders,1
14770.0,2011-04-21 14:21:00,8,3637.64,231,3,3,4,334,Big Spenders,1
14771.0,2010-03-28 12:52:00,2,594.62,620,4,1,2,412,Recent Customers,0
14772.0,2011-08-19 15:04:00,1,139.26,111,3,1,1,311,Others,1
14773.0,2010-04-26 10:29:00,1,140.55,592,4,1,1,411,Recent Customers,0
14774.0,2010-06-29 12:26:00,1,241.45,528,4,1,1,411,Recent Customers,0
14775.0,2011-10-12 15:27:00,3,1418.46,57,2,1,3,213,Others,1
14776.0,2011-10-19 15:34:00,15,3708.3,50,2,3,4,234,Big Spenders,1
14777.0,2010-11-01 12:50:00,1,307.56,403,4,1,1,411,Recent Customers,0
14778.0,2011-08-04 15:23:00,2,730.86,126,3,1,2,312,Others,1
14779.0,2011-03-04 12:42:00,3,386.15,280,3,1,2,312,Others,0
14780.0,2011-10-16 12:46:00,2,447.68,54,2,1,2,212,Others,1
14782.0,2011-01-24 11:12:00,1,200.10000000000002,319,3,1,1,311,Others,0
14783.0,2010-02-18 16:16:00,1,307.3,658,4,1,1,411,Recent Customers,0
14784.0,2011-11-13 13:30:00,3,449.93,25,1,1,2,112,Others,1
14785.0,2011-11-29 13:21:00,2,77.4,9,1,1,1,111,Others,1
14786.0,2010-06-07 13:42:00,1,90.96,549,4,1,1,411,Recent Customers,0
14787.0,2010-08-25 14:38:00,1,110.65,470,4,1,1,411,Recent Customers,0
14788.0,2011-12-02 17:06:00,3,1156.32,6,1,1,3,113,Others,1
14789.0,2011-11-11 08:59:00,1,197.64000000000001,28,2,1,1,211,Others,1
14790.0,2011-11-23 09:28:00,10,2526.62,16,1,3,4,134,Big Spenders,1
14791.0,2010-04-12 10:24:00,1,303.63,606,4,1,1,411,Recent Customers,0
14792.0,2011-10-07 09:19:00,1,6.2,63,2,1,1,211,Others,1
14793.0,2011-11-18 14:50:00,2,625.9,20,1,1,2,112,Others,1
14794.0,2011-12-07 10:11:00,10,1953.9,2,1,3,3,133,Others,1
14795.0,2011-06-26 13:04:00,1,131.45000000000002,165,3,1,1,311,Others,1
14796.0,2011-12-08 15:31:00,27,10889.64,0,1,3,4,134,Big Spenders,1
14797.0,2010-07-20 14:07:00,1,300.31,506,4,1,1,411,Recent Customers,0
14798.0,2011-10-18 10:58:00,8,724.31,52,2,3,2,232,Others,1
14799.0,2011-10-19 16:16:00,2,338.15,50,2,1,1,211,Others,1
14800.0,2011-10-23 12:46:00,17,7774.32,47,2,3,4,234,Big Spenders,1
14801.0,2011-10-09 15:24:00,1,193.14,60,2,1,1,211,Others,1
14802.0,2010-09-27 16:34:00,2,1502.98,437,4,1,3,413,Recent Customers,0
14803.0,2011-06-30 13:58:00,3,845.55,161,3,1,2,312,Others,1
14804.0,2011-12-01 11:20:00,1,353.27,8,1,1,2,112,Others,1
14805.0,2011-11-24 16:20:00,7,1104.64,14,1,2,3,123,Others,1
14806.0,2011-09-25 15:32:00,2,303.43,74,2,1,1,211,Others,1
14807.0,2010-11-14 12:47:00,2,519.29,390,4,1,2,412,Recent Customers,0
14808.0,2011-10-31 12:21:00,8,2741.17,39,2,3,4,234,Big Spenders,1
14809.0,2010-03-28 15:44:00,2,686.76,620,4,1,2,412,Recent Customers,0
14810.0,2011-10-30 11:19:00,13,2537.02,40,2,3,4,234,Big Spenders,1
14811.0,2010-11-17 13:09:00,1,170.5,386,4,1,1,411,Recent Customers,0
14812.0,2010-04-20 12:13:00,1,185.8,598,4,1,1,411,Recent Customers,0
14813.0,2010-12-05 11:57:00,4,1090.8700000000001,369,3,2,3,323,Others,0
14814.0,2010-05-07 14:10:00,1,160.46,580,4,1,1,411,Recent Customers,0
14815.0,2011-11-03 11:36:00,2,778.5,36,2,1,2,212,Others,1
14816.0,2011-05-26 13:16:00,1,271.85,196,3,1,1,311,Others,1
14817.0,2011-05-23 13:35:00,7,3959.86,199,3,2,4,324,Big Spenders,1
14818.0,2011-09-27 11:01:00,6,1170.41,73,2,2,3,223,Others,1
14819.0,2011-10-06 13:41:00,4,470.16,63,2,2,2,222,Others,1
14820.0,2011-11-18 15:41:00,9,1274.76,20,1,3,3,133,Others,1
14821.0,2010-12-08 08:43:00,7,1286.45,366,3,2,3,323,Others,0
14822.0,2010-08-11 12:52:00,1,157.70000000000002,484,4,1,1,411,Recent Customers,0
14823.0,2011-06-12 13:12:00,3,321.43,179,3,1,1,311,Others,1
14824.0,2011-11-29 14:20:00,10,4022.9100000000003,9,1,3,4,134,Big Spenders,1
14825.0,2011-12-06 11:38:00,24,4925.08,3,1,3,4,134,Big Spenders,1
14826.0,2010-05-07 09:00:00,2,385.2,581,4,1,2,412,Recent Customers,0
14828.0,2011-05-27 10:16:00,13,9839.460000000001,196,3,3,4,334,Big Spenders,1
14829.0,2011-11-10 16:16:00,7,1692.84,28,2,2,3,223,Others,1
14830.0,2011-10-17 14:29:00,1,197.13,52,2,1,1,211,Others,1
14831.0,2010-01-28 14:31:00,3,1676.57,679,4,1,3,413,Recent Customers,0
14832.0,2010-03-19 15:14:00,1,322.69,629,4,1,1,411,Recent Customers,0
14833.0,2010-07-29 10:06:00,1,94.8,498,4,1,1,411,Recent Customers,0
14834.0,2011-11-22 10:30:00,7,2206.16,17,1,2,3,123,Others,1
14835.0,2010-06-29 10:08:00,2,297.0,528,4,1,1,411,Recent Customers,0
14836.0,2011-11-29 16:45:00,3,102.44999999999999,9,1,1,1,111,Others,1
14837.0,2011-09-11 10:58:00,9,3460.32,89,2,3,4,234,Big Spenders,1
14838.0,2010-10-12 15:46:00,2,773.6700000000001,422,4,1,2,412,Recent Customers,0
14839.0,2010-10-17 13:01:00,3,915.28,417,4,1,3,413,Recent Customers,0
14840.0,2011-03-17 12:00:00,2,362.71,267,3,1,2,312,Others,0
14841.0,2011-10-17 15:03:00,14,7163.0,52,2,3,4,234,Big Spenders,1
14842.0,2011-10-27 12:37:00,4,2824.69,43,2,2,4,224,Big Spenders,1
14843.0,2010-09-29 12:39:00,1,211.79999999999998,436,4,1,1,411,Recent Customers,0
14844.0,2011-10-07 10:41:00,10,6702.43,63,2,3,4,234,Big Spenders,1
14845.0,2010-04-19 10:19:00,1,150.0,599,4,1,1,411,Recent Customers,0
14846.0,2010-10-08 17:07:00,1,437.4,426,4,1,2,412,Recent Customers,0
14847.0,2011-07-14 10:52:00,3,1348.95,148,3,1,3,313,Others,1
14848.0,2010-10-31 12:22:00,1,310.56,404,4,1,1,411,Recent Customers,0
14849.0,2011-11-18 10:58:00,43,15763.45,21,1,3,4,134,Big Spenders,1
14850.0,2011-02-01 11:21:00,7,1794.01,311,3,2,3,323,Others,0
14851.0,2011-11-16 14:20:00,3,829.41,22,1,1,2,112,Others,1
14852.0,2011-10-12 13:20:00,18,6147.18,57,2,3,4,234,Big Spenders,1
14853.0,2011-11-15 16:56:00,5,1376.87,23,1,2,3,123,Others,1
14854.0,2011-09-22 17:00:00,11,4322.86,77,2,3,4,234,Big Spenders,1
14855.0,2011-08-12 14:02:00,7,6520.3,118,3,2,4,324,Big Spenders,1
14856.0,2011-11-03 14:53:00,3,1311.3799999999999,35,2,1,3,213,Others,1
14857.0,2011-10-11 09:23:00,7,3651.851,59,2,2,4,224,Big Spenders,1
14858.0,2010-07-22 10:51:00,1,180.75,505,4,1,1,411,Recent Customers,0
14859.0,2011-11-27 11:18:00,5,1705.64,12,1,2,3,123,Others,1
14860.0,2011-11-20 14:17:00,1,170.32,18,1,1,1,111,Others,1
14861.0,2011-10-18 12:54:00,10,1380.73,51,2,3,3,233,Others,1
14862.0,2011-11-14 10:01:00,2,841.1999999999999,25,1,1,2,112,Others,1
14863.0,2011-11-10 15:04:00,1,266.76,28,2,1,1,211,Others,1
14865.0,2011-12-02 16:25:00,4,129.72,6,1,2,1,121,Others,1
14866.0,2011-11-29 11:45:00,19,20850.22,10,1,3,4,134,Big Spenders,1
14867.0,2011-06-07 11:39:00,16,2952.06,185,3,3,4,334,Big Spenders,1
14868.0,2011-12-06 14:49:00,12,4184.01,2,1,3,4,134,Big Spenders,1
14869.0,2011-12-01 12:36:00,6,2804.24,8,1,2,4,124,Big Spenders,1
14870.0,2011-03-23 10:51:00,6,1838.95,261,3,2,3,323,Others,1
14871.0,2011-12-06 13:42:00,9,1258.97,2,1,3,3,133,Others,1
14872.0,2010-08-13 12:34:00,3,816.6,483,4,1,2,412,Recent Customers,0
14873.0,2011-05-13 13:52:00,2,854.13,209,3,1,2,312,Others,1
14874.0,2010-06-22 14:58:00,1,116.18,534,4,1,1,411,Recent Customers,0
14875.0,2011-08-24 12:20:00,3,2862.4,107,3,1,4,314,Big Spenders,1
14876.0,2010-07-06 14:57:00,2,256.7,520,4,1,1,411,Recent Customers,0
14877.0,2010-10-17 13:09:00,2,437.0,417,4,1,2,412,Recent Customers,0
14878.0,2011-11-27 11:15:00,25,4105.24,12,1,3,4,134,Big Spenders,1
14879.0,2010-01-24 11:35:00,1,185.06,684,4,1,1,411,Recent Customers,0
14880.0,2011-09-23 13:42:00,3,706.19,76,2,1,2,212,Others,1
14881.0,2011-11-20 11:06:00,1,255.4,19,1,1,1,111,Others,1
14882.0,2011-11-13 12:47:00,14,3628.15,26,2,3,4,234,Big Spenders,1
14883.0,2011-11-21 10:23:00,6,761.59,18,1,2,2,122,Others,1
14884.0,2010-02-08 12:56:00,1,120.6,668,4,1,1,411,Recent Customers,0
14885.0,2011-07-31 12:05:00,3,1598.12,131,3,1,3,313,Others,1
14886.0,2011-04-01 08:56:00,1,364.8,252,3,1,2,312,Others,0
14887.0,2011-09-21 15:32:00,1,1862.0,78,2,1,3,213,Others,1
14888.0,2011-05-16 14:58:00,1,369.2,206,3,1,2,312,Others,1
14889.0,2011-01-07 15:19:00,1,135.9,335,3,1,1,311,Others,0
14890.0,2011-03-31 11:57:00,3,817.25,253,3,1,2,312,Others,1
14891.0,2011-07-14 18:08:00,4,1106.73,147,3,2,3,323,Others,1
14892.0,2010-01-18 08:58:00,1,202.35000000000002,690,4,1,1,411,Recent Customers,0
14893.0,2011-11-30 12:31:00,3,1809.6100000000001,9,1,1,3,113,Others,1
14894.0,2011-09-15 13:51:00,3,1492.81,84,2,1,3,213,Others,1
14895.0,2011-12-02 09:23:00,38,25119.54,7,1,3,4,134,Big Spenders,1
14896.0,2011-05-19 10:20:00,8,2092.42,204,3,3,3,333,Others,1
14897.0,2011-12-02 10:32:00,8,3140.54,7,1,3,4,134,Big Spenders,1
14898.0,2011-11-16 14:54:00,14,3507.81,22,1,3,4,134,Big Spenders,1
14899.0,2010-11-09 15:20:00,1,1384.88,394,4,1,3,413,Recent Customers,0
14900.0,2010-07-05 15:09:00,1,13.919999999999998,521,4,1,1,411,Recent Customers,0
14901.0,2011-11-28 17:09:00,12,2289.65,10,1,3,3,133,Others,1
14902.0,2011-11-14 10:34:00,3,1035.6200000000001,25,1,1,3,113,Others,1
14903.0,2011-11-18 16:07:00,5,2810.63,20,1,2,4,124,Big Spenders,1
14904.0,2011-12-07 12:55:00,4,1640.64,1,1,2,3,123,Others,1
14905.0,2011-07-05 12:41:00,8,1971.39,157,3,3,3,333,Others,1
14906.0,2010-09-20 16:30:00,1,68.44,444,4,1,1,411,Recent Customers,0
14907.0,2011-12-06 14:14:00,16,6165.79,2,1,3,4,134,Big Spenders,1
14908.0,2011-09-26 12:56:00,2,381.9,73,2,1,2,212,Others,1
14909.0,2010-09-28 16:56:00,3,1404.68,436,4,1,3,413,Recent Customers,0
14910.0,2011-12-07 10:06:00,4,434.35,2,1,2,2,122,Others,1
14911.0,2011-12-08 15:54:00,398,295972.63,0,1,3,4,134,Big Spenders,3
14912.0,2011-11-23 09:20:00,6,1889.25,16,1,2,3,123,Others,1
14913.0,2011-11-04 08:29:00,8,4073.13,35,2,3,4,234,Big Spenders,1
14915.0,2011-09-09 13:34:00,11,1811.25,90,2,3,3,233,Others,1
14916.0,2011-09-30 09:20:00,8,3042.95,70,2,3,4,234,Big Spenders,1
14917.0,2010-04-22 11:28:00,2,1123.75,596,4,1,3,413,Recent Customers,0
14918.0,2011-08-16 11:50:00,9,5955.81,115,3,3,4,334,Big Spenders,1
14919.0,2010-06-18 13:06:00,1,359.35,538,4,1,2,412,Recent Customers,0
14920.0,2011-05-11 10:32:00,3,1607.17,212,3,1,3,313,Others,1
14921.0,2011-11-09 13:17:00,2,1316.07,29,2,1,3,213,Others,1
14922.0,2010-11-11 11:14:00,2,843.74,393,4,1,2,412,Recent Customers,0
14923.0,2011-10-20 11:51:00,1,749.1,50,2,1,2,212,Others,1
14924.0,2011-04-08 09:25:00,3,931.01,245,3,1,3,313,Others,1
14926.0,2010-11-23 07:13:00,2,359.4,381,4,1,2,412,Recent Customers,0
14927.0,2010-11-08 12:30:00,1,308.2,396,4,1,1,411,Recent Customers,0
14928.0,2010-03-22 09:14:00,1,223.91000000000003,627,4,1,1,411,Recent Customers,0
14929.0,2011-11-07 17:21:00,2,836.69,31,2,1,2,212,Others,1
14930.0,2011-08-23 10:31:00,6,5246.63,108,3,2,4,324,Big Spenders,1
14931.0,2011-12-05 10:19:00,5,1257.68,4,1,2,3,123,Others,1
14932.0,2010-12-09 11:48:00,2,1029.66,365,3,1,3,313,Others,0
14933.0,2010-09-22 10:47:00,4,1770.0,443,4,2,3,423,Recent Customers,0
14934.0,2011-09-19 10:10:00,5,3503.5,81,2,2,4,224,Big Spenders,1
14935.0,2011-02-15 14:44:00,2,2849.83,296,3,1,4,314,Big Spenders,0
14936.0,2011-11-06 10:30:00,12,12410.81,33,2,3,4,234,Big Spenders,1
14937.0,2011-10-14 12:29:00,3,1621.88,56,2,1,3,213,Others,1
14938.0,2010-05-26 13:38:00,2,2322.43,561,4,1,4,414,Recent Customers,0
14940.0,2010-10-18 10:47:00,2,531.49,417,4,1,2,412,Recent Customers,0
14941.0,2010-05-10 11:30:00,1,182.1,578,4,1,1,411,Recent Customers,0
14942.0,2010-11-03 10:51:00,4,746.56,401,4,2,2,422,Recent Customers,0
14943.0,2010-02-14 16:04:00,1,107.62,662,4,1,1,411,Recent Customers,0
14944.0,2011-11-10 09:10:00,19,9784.67,29,2,3,4,234,Big Spenders,1
14945.0,2010-10-22 11:26:00,1,179.4,413,4,1,1,411,Recent Customers,0
14946.0,2011-11-25 13:33:00,1,100.9,13,1,1,1,111,Others,1
14947.0,2011-09-28 15:48:00,6,1049.79,71,2,2,3,223,Others,1
14948.0,2011-11-16 17:16:00,6,1101.97,22,1,2,3,123,Others,1
14949.0,2010-08-27 15:38:00,4,515.0,468,4,2,2,422,Recent Customers,0
14950.0,2011-11-20 13:48:00,1,371.2,18,1,1,2,112,Others,1
14951.0,2011-09-21 15:15:00,1,311.69,78,2,1,1,211,Others,1
14952.0,2011-10-11 10:33:00,32,17629.35,59,2,3,4,234,Big Spenders,1
14953.0,2011-11-14 14:59:00,4,1013.77,24,1,2,3,123,Others,1
14954.0,2011-11-27 14:30:00,2,503.44,11,1,1,2,112,Others,1
14955.0,2009-12-07 11:35:00,1,163.77,732,4,1,1,411,Recent Customers,0
14956.0,2010-10-14 16:40:00,1,1325.0,420,4,1,3,413,Recent Customers,0
14957.0,2011-03-31 17:59:00,2,333.29,252,3,1,1,311,Others,1
14958.0,2011-07-15 14:20:00,6,957.9399999999999,146,3,2,3,323,Others,1
14959.0,2011-10-06 18:23:00,4,695.42,63,2,2,2,222,Others,1
14960.0,2011-12-01 12:54:00,2,221.27,7,1,1,1,111,Others,1
14961.0,2011-11-29 09:42:00,22,16410.15,10,1,3,4,134,Big Spenders,1
14962.0,2011-03-14 09:42:00,4,366.91,270,3,2,2,322,Others,0
14963.0,2011-11-30 12:16:00,12,3164.48,9,1,3,4,134,Big Spenders,1
14964.0,2011-04-06 14:13:00,1,206.21,246,3,1,1,311,Others,1
14965.0,2011-09-04 13:20:00,2,599.0,95,2,1,2,212,Others,1
14966.0,2011-11-25 12:20:00,6,1115.8400000000001,14,1,2,3,123,Others,1
14967.0,2011-10-21 11:06:00,6,1982.6100000000001,49,2,2,3,223,Others,1
14968.0,2011-11-09 13:58:00,2,504.99,29,2,1,2,212,Others,1
14969.0,2010-01-05 12:43:00,1,906.23,703,4,1,3,413,Recent Customers,0
14970.0,2011-10-02 13:44:00,12,4919.35,67,2,3,4,234,Big Spenders,1
14971.0,2011-11-04 17:07:00,3,1116.57,34,2,1,3,213,Others,1
14972.0,2011-08-03 14:54:00,2,145.07,127,3,1,1,311,Others,1
14973.0,2011-08-24 15:51:00,3,1314.45,106,3,1,3,313,Others,1
14974.0,2011-11-02 13:01:00,1,114.39,36,2,1,1,211,Others,1
14975.0,2011-10-13 14:08:00,2,472.39,56,2,1,2,212,Others,1
14976.0,2011-10-13 16:37:00,7,790.86,56,2,2,2,222,Others,1
14977.0,2009-12-14 10:37:00,1,31.929999999999996,725,4,1,1,411,Recent Customers,0
14978.0,2011-09-28 13:07:00,10,3142.14,71,2,3,4,234,Big Spenders,1
14979.0,2009-12-04 12:54:00,1,439.46,734,4,1,2,412,Recent Customers,0
14980.0,2009-12-02 14:09:00,1,150.68,736,4,1,1,411,Recent Customers,0
14981.0,2011-04-07 13:45:00,2,372.92,245,3,1,2,312,Others,1
14982.0,2010-05-16 15:52:00,1,237.78,571,4,1,1,411,Recent Customers,0
14983.0,2010-01-19 17:32:00,1,183.20000000000002,688,4,1,1,411,Recent Customers,0
14984.0,2011-11-20 14:28:00,6,1271.41,18,1,2,3,123,Others,1
14985.0,2011-05-25 14:29:00,2,296.75,197,3,1,1,311,Others,1
14986.0,2010-11-28 15:25:00,2,566.9,375,3,1,2,312,Others,0
14987.0,2011-11-24 09:59:00,8,1713.85,15,1,3,3,133,Others,1
14988.0,2011-05-12 12:05:00,7,2066.6,211,3,2,3,323,Others,1
14989.0,2010-02-16 10:40:00,1,342.4,661,4,1,1,411,Recent Customers,0
14990.0,2010-04-06 13:54:00,2,305.42,611,4,1,1,411,Recent Customers,0
14991.0,2010-10-05 13:01:00,1,314.67,429,4,1,1,411,Recent Customers,0
14992.0,2010-09-23 17:48:00,1,210.5,441,4,1,1,411,Recent Customers,0
14993.0,2010-05-25 12:47:00,1,36.13,563,4,1,1,411,Recent Customers,0
14994.0,2010-11-22 12:59:00,5,960.63,381,4,2,3,423,Recent Customers,0
14995.0,2011-11-01 11:39:00,2,233.23000000000002,38,2,1,1,211,Others,1
14996.0,2010-08-15 13:44:00,2,442.28999999999996,480,4,1,2,412,Recent Customers,0
14997.0,2011-10-24 13:28:00,4,776.6,45,2,2,2,222,Others,1
14998.0,2011-06-22 17:30:00,4,770.73,169,3,2,2,322,Others,1
14999.0,2010-04-26 10:47:00,1,129.48,592,4,1,1,411,Recent Customers,0
15000.0,2011-10-23 11:42:00,1,490.52,47,2,1,2,212,Others,1
15001.0,2010-11-10 13:51:00,2,230.85999999999999,393,4,1,1,411,Recent Customers,0
15002.0,2011-08-16 10:44:00,9,4817.28,115,3,3,4,334,Big Spenders,1
15003.0,2010-08-23 15:44:00,6,1060.7,472,4,2,3,423,Recent Customers,0
15004.0,2011-07-15 14:05:00,1,1246.32,146,3,1,3,313,Others,1
15005.0,2011-11-24 12:25:00,56,14106.2,15,1,3,4,134,Big Spenders,1
15006.0,2011-10-19 15:08:00,2,825.14,50,2,1,2,212,Others,1
15007.0,2011-07-03 16:00:00,1,156.91,158,3,1,1,311,Others,1
15008.0,2010-08-16 13:09:00,2,360.0,479,4,1,2,412,Recent Customers,0
15009.0,2011-11-27 13:35:00,3,1261.78,11,1,1,3,113,Others,1
15010.0,2011-11-04 12:42:00,1,308.94,35,2,1,1,211,Others,1
15011.0,2010-11-09 11:10:00,2,416.6,395,4,1,2,412,Recent Customers,0
15012.0,2011-10-17 12:22:00,3,860.62,53,2,1,2,212,Others,1
15013.0,2010-08-09 12:05:00,10,1641.3,487,4,3,3,433,Recent Customers,0
15014.0,2011-10-27 20:07:00,2,260.17,42,2,1,1,211,Others,1
15015.0,2010-07-26 13:50:00,13,2365.02,500,4,3,4,434,Recent Customers,0
15016.0,2011-06-20 12:06:00,5,630.3,172,3,2,2,322,Others,1
15017.0,2011-11-06 10:33:00,1,125.58,33,2,1,1,211,Others,1
15018.0,2011-11-01 12:47:00,3,607.46,38,2,1,2,212,Others,1
15019.0,2011-03-18 12:35:00,1,266.0,266,3,1,1,311,Others,0
15020.0,2010-11-25 13:29:00,1,203.42000000000002,378,3,1,1,311,Others,0
15021.0,2011-12-01 11:53:00,12,2783.83,8,1,3,4,134,Big Spenders,1
15022.0,2011-11-28 12:35:00,5,1186.09,11,1,2,3,123,Others,1
15023.0,2011-12-06 17:23:00,20,12170.68,2,1,3,4,134,Big Spenders,1
15024.0,2011-11-30 12:06:00,16,4075.5099999999998,9,1,3,4,134,Big Spenders,1
15025.0,2011-11-06 15:20:00,2,1013.09,32,2,1,3,213,Others,1
15026.0,2011-09-20 13:52:00,5,1061.61,79,2,2,3,223,Others,1
15027.0,2011-11-09 10:16:00,10,3195.6,30,2,3,4,234,Big Spenders,1
15028.0,2011-12-01 14:06:00,6,1157.71,7,1,2,3,123,Others,1
15029.0,2010-03-30 12:16:00,1,365.1,619,4,1,2,412,Recent Customers,0
15030.0,2011-09-29 10:50:00,8,1979.91,71,2,3,3,233,Others,1
15031.0,2011-12-05 14:19:00,14,3156.58,3,1,3,4,134,Big Spenders,1
15032.0,2011-03-28 15:03:00,8,13780.65,255,3,3,4,334,Big Spenders,1
15033.0,2011-12-05 12:40:00,10,2586.67,4,1,3,4,134,Big Spenders,1
15034.0,2011-11-24 12:11:00,14,8313.4,15,1,3,4,134,Big Spenders,1
15035.0,2011-09-11 11:08:00,1,252.73000000000002,89,2,1,1,211,Others,1
15036.0,2011-09-28 15:42:00,3,465.55,71,2,1,2,212,Others,1
15037.0,2010-11-28 13:05:00,2,402.51,375,3,1,2,312,Others,0
15038.0,2011-10-12 11:33:00,9,1309.86,58,2,3,3,233,Others,1
15039.0,2011-11-30 11:31:00,93,40031.43,9,1,3,4,134,Big Spenders,2
15040.0,2010-06-16 11:40:00,1,7.49,541,4,1,1,411,Recent Customers,0
15041.0,2011-06-22 16:16:00,2,294.02,169,3,1,1,311,Others,1
15042.0,2011-05-24 16:25:00,2,315.45,198,3,1,1,311,Others,1
15043.0,2011-11-08 14:26:00,6,2873.7999999999997,30,2,2,4,224,Big Spenders,1
15044.0,2011-11-20 13:20:00,35,16204.33,18,1,3,4,134,Big Spenders,1
15045.0,2011-07-11 11:33:00,2,735.66,151,3,1,2,312,Others,1
15046.0,2011-11-30 15:50:00,25,7812.389999999999,8,1,3,4,134,Big Spenders,1
15047.0,2011-03-15 10:49:00,1,343.62,269,3,1,1,311,Others,0
15048.0,2011-10-05 14:55:00,4,482.75,64,2,2,2,222,Others,1
15049.0,2011-03-11 12:13:00,1,121.17,273,3,1,1,311,Others,0
15050.0,2011-11-14 16:17:00,5,4193.79,24,1,2,4,124,Big Spenders,1
15051.0,2011-11-16 15:38:00,9,3935.16,22,1,3,4,134,Big Spenders,1
15052.0,2011-01-24 15:52:00,1,215.78,318,3,1,1,311,Others,0
15053.0,2011-12-05 12:08:00,3,697.79,4,1,1,2,112,Others,1
15054.0,2011-11-27 15:02:00,2,302.1,11,1,1,1,111,Others,1
15055.0,2010-08-22 11:06:00,3,560.07,474,4,1,2,412,Recent Customers,0
15056.0,2010-07-07 15:58:00,1,133.45,519,4,1,1,411,Recent Customers,0
15057.0,2011-03-09 15:17:00,5,3255.96,274,3,2,4,324,Big Spenders,0
15058.0,2011-11-14 14:57:00,16,3410.03,24,1,3,4,134,Big Spenders,1
15059.0,2011-10-30 11:35:00,19,3523.57,40,2,3,4,234,Big Spenders,1
15060.0,2011-12-01 13:47:00,4,303.09,7,1,2,1,121,Others,1
15061.0,2011-12-06 12:06:00,127,137818.52,3,1,3,4,134,Big Spenders,2
15062.0,2011-09-29 16:51:00,8,2585.62,70,2,3,4,234,Big Spenders,1
15063.0,2011-05-10 13:25:00,1,370.79999999999995,212,3,1,2,312,Others,1
15064.0,2010-10-25 14:32:00,4,1254.41,409,4,2,3,423,Recent Customers,0
15065.0,2011-11-02 09:45:00,5,3326.86,37,2,2,4,224,Big Spenders,1
15066.0,2011-10-17 13:25:00,1,893.59,52,2,1,2,212,Others,1
15067.0,2011-09-22 13:20:00,5,3877.88,77,2,2,4,224,Big Spenders,1
15068.0,2011-10-24 14:47:00,4,1176.85,45,2,2,3,223,Others,1
15069.0,2011-06-13 14:16:00,1,1109.53,178,3,1,3,313,Others,1
15070.0,2010-12-02 11:23:00,3,843.25,372,3,1,2,312,Others,0
15071.0,2011-09-07 11:43:00,4,1455.56,93,2,2,3,223,Others,1
15072.0,2010-08-17 15:46:00,1,187.51999999999998,478,4,1,1,411,Recent Customers,0
15073.0,2011-11-30 10:44:00,8,2788.02,9,1,3,4,134,Big Spenders,1
15074.0,2011-08-26 14:45:00,3,1566.33,104,3,1,3,313,Others,1
15075.0,2011-09-23 12:27:00,1,773.03,77,2,1,2,212,Others,1
15076.0,2011-06-20 08:23:00,3,1447.74,172,3,1,3,313,Others,1
15077.0,2010-08-02 11:13:00,2,2428.08,494,4,1,4,414,Recent Customers,0
15078.0,2011-12-02 15:41:00,53,17761.88,6,1,3,4,134,Big Spenders,1
15079.0,2011-05-11 12:45:00,11,3767.35,212,3,3,4,334,Big Spenders,1
15080.0,2010-10-08 11:52:00,2,546.25,427,4,1,2,412,Recent Customers,0
15081.0,2011-11-17 17:08:00,12,1965.72,21,1,3,3,133,Others,1
15082.0,2010-02-09 10:23:00,1,93.35000000000001,668,4,1,1,411,Recent Customers,0
15083.0,2011-03-28 12:18:00,1,88.2,256,3,1,1,311,Others,0
15084.0,2010-11-25 11:58:00,2,965.2,379,3,1,3,313,Others,0
15085.0,2009-12-10 11:47:00,1,347.54,729,4,1,1,411,Recent Customers,0
15086.0,2010-05-24 12:27:00,2,218.53,564,4,1,1,411,Recent Customers,0
15087.0,2011-03-03 10:34:00,1,306.94,281,3,1,1,311,Others,0
15088.0,2011-11-18 13:14:00,2,1160.07,20,1,1,3,113,Others,1
15089.0,2011-11-29 16:31:00,6,2420.84,9,1,2,4,124,Big Spenders,1
15090.0,2011-02-04 14:03:00,1,381.32,307,3,1,2,312,Others,0
15091.0,2011-10-03 12:47:00,3,1046.61,67,2,1,3,213,Others,1
15092.0,2011-05-08 14:10:00,3,776.46,214,3,1,2,312,Others,1
15093.0,2011-11-21 13:09:00,23,14326.11,17,1,3,4,134,Big Spenders,1
15094.0,2010-09-02 16:55:00,2,83.0,462,4,1,1,411,Recent Customers,0
15095.0,2011-08-28 12:01:00,10,3141.64,103,3,3,4,334,Big Spenders,1
15096.0,2011-10-28 10:27:00,1,219.39000000000001,42,2,1,1,211,Others,1
15097.0,2011-12-05 14:03:00,3,908.3499999999999,3,1,1,3,113,Others,1
15098.0,2011-06-10 15:33:00,3,39916.5,181,3,1,4,314,Big Spenders,1
15099.0,2011-09-16 13:13:00,1,410.48,83,2,1,2,212,Others,1
15100.0,2011-01-10 10:35:00,7,2894.7,333,3,2,4,324,Big Spenders,0
15101.0,2011-12-01 10:18:00,6,1477.94,8,1,2,3,123,Others,1
15102.0,2010-06-27 12:16:00,2,554.67,530,4,1,2,412,Recent Customers,0
15103.0,2011-11-08 14:53:00,2,703.36,30,2,1,2,212,Others,1
15104.0,2011-05-27 12:29:00,2,1027.44,196,3,1,3,313,Others,1
15105.0,2011-11-21 16:54:00,9,3094.91,17,1,3,4,134,Big Spenders,1
15106.0,2011-11-22 09:16:00,5,1422.52,17,1,2,3,123,Others,1
15107.0,2011-02-01 14:46:00,9,940.35,310,3,3,3,333,Others,0
15108.0,2011-07-21 10:24:00,4,1300.25,141,3,2,3,323,Others,1
15109.0,2011-04-08 09:58:00,3,983.1,245,3,1,3,313,Others,1
15110.0,2011-11-16 11:16:00,6,1505.8500000000001,23,1,2,3,123,Others,1
15111.0,2011-11-10 16:58:00,5,2730.87,28,2,2,4,224,Big Spenders,1
15112.0,2010-04-07 14:17:00,1,209.4,610,4,1,1,411,Recent Customers,0
15113.0,2011-11-30 08:23:00,3,3609.33,9,1,1,4,114,Big Spenders,1
15114.0,2011-11-09 15:05:00,12,3400.12,29,2,3,4,234,Big Spenders,1
15115.0,2011-11-21 14:59:00,2,531.85,17,1,1,2,112,Others,1
15116.0,2011-11-22 12:25:00,4,1352.75,17,1,2,3,123,Others,1
15117.0,2011-11-25 08:12:00,8,2485.9700000000003,14,1,3,4,134,Big Spenders,1
15118.0,2011-07-28 14:54:00,1,244.8,133,3,1,1,311,Others,1
15119.0,2011-04-08 09:08:00,1,266.40000000000003,245,3,1,1,311,Others,1
15120.0,2011-07-29 09:48:00,1,358.82,133,3,1,2,312,Others,1
15121.0,2011-10-20 14:51:00,2,457.72,49,2,1,2,212,Others,1
15122.0,2011-08-17 16:48:00,11,4497.47,113,3,3,4,334,Big Spenders,1
15123.0,2011-12-02 13:12:00,5,4656.17,6,1,2,4,124,Big Spenders,1
15124.0,2011-11-17 10:09:00,4,450.82,22,1,2,2,122,Others,1
15125.0,2011-11-14 13:57:00,24,17024.87,24,1,3,4,134,Big Spenders,1
15126.0,2010-06-21 12:31:00,2,449.49,536,4,1,2,412,Recent Customers,0
15127.0,2011-10-05 10:30:00,2,711.5,65,2,1,2,212,Others,1
15128.0,2011-10-10 13:54:00,5,1783.68,59,2,2,3,223,Others,1
15129.0,2011-10-20 14:40:00,23,6860.18,49,2,3,4,234,Big Spenders,1
15130.0,2011-06-23 10:15:00,1,330.11,169,3,1,1,311,Others,1
15131.0,2010-11-10 12:07:00,1,80.28,394,4,1,1,411,Recent Customers,0
15132.0,2011-11-21 17:10:00,5,977.9300000000001,17,1,2,3,123,Others,1
15133.0,2011-08-04 10:44:00,5,1806.9,127,3,2,3,323,Others,1
15134.0,2011-11-25 08:55:00,10,1596.29,14,1,3,3,133,Others,1
15135.0,2011-04-14 19:16:00,2,305.68,238,3,1,1,311,Others,1
15136.0,2011-12-07 12:26:00,4,1286.7,2,1,2,3,123,Others,1
15137.0,2010-07-07 09:41:00,2,823.4,520,4,1,2,412,Recent Customers,0
15138.0,2010-11-11 09:16:00,1,502.52,393,4,1,2,412,Recent Customers,0
15139.0,2011-04-14 11:39:00,2,178.96,239,3,1,1,311,Others,1
15140.0,2011-10-18 14:07:00,8,3243.69,51,2,3,4,234,Big Spenders,1
15141.0,2010-09-08 11:33:00,7,1388.47,457,4,2,3,423,Recent Customers,0
15142.0,2011-10-24 12:51:00,6,2619.92,45,2,2,4,224,Big Spenders,1
15143.0,2011-04-28 12:03:00,2,563.63,225,3,1,2,312,Others,1
15144.0,2011-12-01 15:12:00,29,12160.31,7,1,3,4,134,Big Spenders,1
15145.0,2011-12-05 17:21:00,4,1194.73,3,1,2,3,123,Others,1
15146.0,2011-06-28 12:09:00,2,1327.16,164,3,1,3,313,Others,1
15147.0,2011-04-13 15:57:00,1,623.5,239,3,1,2,312,Others,1
15148.0,2011-11-29 08:21:00,1,301.29,10,1,1,1,111,Others,1
15149.0,2011-07-29 10:58:00,5,1554.6100000000001,133,3,2,3,323,Others,1
15150.0,2011-11-22 12:52:00,13,9001.08,16,1,3,4,134,Big Spenders,1
15151.0,2010-10-12 16:37:00,2,2085.61,422,4,1,3,413,Recent Customers,0
15152.0,2011-11-30 12:32:00,14,5263.83,9,1,3,4,134,Big Spenders,1
15153.0,2011-11-08 17:09:00,1,329.25,30,2,1,1,211,Others,1
15154.0,2011-09-25 16:05:00,3,1388.41,74,2,1,3,213,Others,1
15155.0,2010-11-21 12:59:00,1,383.96999999999997,382,4,1,2,412,Recent Customers,0
15156.0,2011-12-08 18:22:00,3,961.49,0,1,1,3,113,Others,1
15157.0,2011-12-06 11:28:00,5,2654.11,3,1,2,4,124,Big Spenders,1
15158.0,2011-10-25 13:53:00,2,606.02,44,2,1,2,212,Others,1
15159.0,2011-12-08 12:05:00,34,22116.73,1,1,3,4,134,Big Spenders,1
15160.0,2010-12-17 14:15:00,4,589.27,356,3,2,2,322,Others,0
15161.0,2010-11-16 16:08:00,1,119.92,387,4,1,1,411,Recent Customers,0
15162.0,2009-12-08 13:14:00,1,312.9,730,4,1,1,411,Recent Customers,0
15163.0,2011-11-21 13:10:00,2,304.47,17,1,1,1,111,Others,1
15164.0,2011-10-02 12:05:00,9,2068.92,68,2,3,3,233,Others,1
15165.0,2010-12-01 14:03:00,1,975.5,372,3,1,3,313,Others,0
15166.0,2010-08-29 12:31:00,1,167.16,467,4,1,1,411,Recent Customers,0
15167.0,2011-01-23 12:41:00,5,1659.67,320,3,2,3,323,Others,0
15168.0,2011-11-14 11:26:00,1,106.56,25,1,1,1,111,Others,1
15169.0,2010-11-22 13:04:00,2,569.22,381,4,1,2,412,Recent Customers,0
15170.0,2010-10-29 10:34:00,1,81.15,406,4,1,1,411,Recent Customers,0
15171.0,2011-01-12 15:36:00,1,1289.5,330,3,1,3,313,Others,0
15172.0,2011-12-01 11:51:00,5,1624.05,8,1,2,3,123,Others,1
15173.0,2010-11-24 10:21:00,7,1494.6,380,4,2,3,423,Recent Customers,0
15174.0,2011-01-21 09:06:00,2,481.46,322,3,1,2,312,Others,0
15175.0,2011-09-29 11:31:00,1,224.14,71,2,1,1,211,Others,1
15176.0,2010-02-10 10:36:00,1,988.0400000000001,667,4,1,3,413,Recent Customers,0
15177.0,2010-10-10 12:48:00,1,948.9300000000001,425,4,1,3,413,Recent Customers,0
15178.0,2011-03-24 15:12:00,1,40.5,259,3,1,1,311,Others,0
15179.0,2011-11-21 12:53:00,13,7491.92,17,1,3,4,134,Big Spenders,1
15180.0,2010-12-07 14:57:00,3,904.4300000000001,366,3,1,3,313,Others,0
15181.0,2011-10-04 13:58:00,5,1200.2,65,2,2,3,223,Others,1
15182.0,2011-07-08 13:37:00,11,2998.952,153,3,3,4,334,Big Spenders,1
15183.0,2010-06-10 10:43:00,3,639.93,547,4,1,2,412,Recent Customers,0
15184.0,2011-11-10 13:41:00,4,689.95,28,2,2,2,222,Others,1
15185.0,2011-09-30 14:06:00,1,310.62,69,2,1,1,211,Others,1
15186.0,2011-11-25 14:58:00,5,1403.2,13,1,2,3,123,Others,1
15187.0,2011-12-08 11:56:00,16,4777.18,1,1,3,4,134,Big Spenders,1
15188.0,2009-12-14 13:30:00,1,310.43,724,4,1,1,411,Recent Customers,0
15189.0,2011-12-08 13:22:00,46,17524.38,0,1,3,4,134,Big Spenders,1
15190.0,2010-10-01 13:09:00,1,834.4399999999999,433,4,1,2,412,Recent Customers,0
15191.0,2010-09-02 15:37:00,3,588.05,462,4,1,2,412,Recent Customers,0
15192.0,2011-08-12 11:41:00,5,1981.39,119,3,2,3,323,Others,1
15193.0,2011-10-10 08:23:00,1,499.32,60,2,1,2,212,Others,1
15194.0,2011-12-06 15:10:00,28,12427.69,2,1,3,4,134,Big Spenders,1
15195.0,2011-12-07 12:20:00,1,3861.0,2,1,1,4,114,Big Spenders,1
15196.0,2010-10-03 10:50:00,2,316.25,432,4,1,1,411,Recent Customers,0
15197.0,2011-11-29 10:00:00,6,1877.51,10,1,2,3,123,Others,1
15198.0,2011-09-08 14:42:00,5,571.35,91,2,2,2,222,Others,1
15199.0,2011-10-11 15:12:00,10,3122.4,58,2,3,4,234,Big Spenders,1
15200.0,2010-08-02 09:38:00,1,549.05,494,4,1,2,412,Recent Customers,0
15201.0,2011-09-13 14:53:00,7,1842.95,86,2,2,3,223,Others,1
15202.0,2010-10-15 13:05:00,3,6001.49,419,4,1,4,414,Recent Customers,0
15203.0,2011-11-14 08:16:00,15,4400.18,25,1,3,4,134,Big Spenders,1
15204.0,2010-12-17 13:49:00,1,316.58,356,3,1,1,311,Others,0
15205.0,2011-09-15 19:36:00,2,653.24,84,2,1,2,212,Others,1
15206.0,2011-11-29 13:41:00,4,420.29999999999995,9,1,2,2,122,Others,1
15207.0,2010-10-19 13:29:00,3,683.9200000000001,415,4,1,2,412,Recent Customers,0
15208.0,2011-12-08 17:24:00,6,970.52,0,1,2,3,123,Others,1
15209.0,2009-12-09 17:26:00,1,178.98000000000002,729,4,1,1,411,Recent Customers,0
15210.0,2011-04-28 16:11:00,3,1176.19,224,3,1,3,313,Others,1
15211.0,2011-10-10 13:31:00,2,1277.48,59,2,1,3,213,Others,1
15212.0,2011-04-12 13:45:00,2,208.27999999999997,240,3,1,1,311,Others,1
15213.0,2011-01-25 12:21:00,2,328.35,318,3,1,1,311,Others,0
15214.0,2011-12-08 12:07:00,8,1661.44,1,1,3,3,133,Others,1
15215.0,2011-10-24 11:41:00,7,2422.43,46,2,2,4,224,Big Spenders,1
15216.0,2011-09-13 11:41:00,2,486.09,87,2,1,2,212,Others,1
15217.0,2010-05-25 13:51:00,1,426.24,562,4,1,2,412,Recent Customers,0
15218.0,2011-11-29 11:48:00,22,11516.57,10,1,3,4,134,Big Spenders,1
15219.0,2011-06-16 16:57:00,2,685.45,175,3,1,2,312,Others,1
15220.0,2011-10-19 12:39:00,6,1778.96,51,2,2,3,223,Others,1
15221.0,2010-12-08 13:08:00,4,2465.45,365,3,2,4,324,Big Spenders,0
15222.0,2011-01-25 08:03:00,11,3550.91,318,3,3,4,334,Big Spenders,0
15223.0,2011-04-28 11:31:00,5,1417.95,225,3,2,3,323,Others,1
15224.0,2010-12-16 15:02:00,5,871.36,357,3,2,2,322,Others,0
15225.0,2011-04-19 14:51:00,1,409.40000000000003,233,3,1,2,312,Others,1
15226.0,2011-02-02 11:41:00,1,154.41,310,3,1,1,311,Others,0
15227.0,2011-11-03 11:59:00,9,2488.4900000000002,36,2,3,4,234,Big Spenders,1
15228.0,2011-10-04 13:56:00,6,5580.2699999999995,65,2,2,4,224,Big Spenders,1
15229.0,2010-05-02 13:50:00,1,160.5,585,4,1,1,411,Recent Customers,0
15230.0,2011-04-14 14:39:00,2,429.6,238,3,1,2,312,Others,1
15231.0,2010-03-28 15:12:00,1,250.26,620,4,1,1,411,Recent Customers,0
15232.0,2011-08-18 16:27:00,2,612.06,112,3,1,2,312,Others,1
15233.0,2010-11-03 13:36:00,1,59.400000000000006,400,4,1,1,411,Recent Customers,0
15234.0,2011-03-08 08:53:00,1,197.0,276,3,1,1,311,Others,0
15235.0,2011-05-06 09:44:00,16,2937.81,217,3,3,4,334,Big Spenders,1
15236.0,2011-02-14 10:52:00,1,321.05,298,3,1,1,311,Others,0
15237.0,2011-12-08 09:46:00,4,1412.32,1,1,2,3,123,Others,1
15238.0,2011-11-10 14:28:00,3,1071.99,28,2,1,3,213,Others,1
15239.0,2011-11-29 14:14:00,2,780.59,9,1,1,2,112,Others,1
15240.0,2011-10-26 09:50:00,12,4459.98,44,2,3,4,234,Big Spenders,1
15241.0,2011-10-04 09:05:00,11,3050.16,66,2,3,4,234,Big Spenders,1
15242.0,2010-10-13 15:33:00,1,302.04,421,4,1,1,411,Recent Customers,0
15243.0,2011-09-26 14:12:00,2,927.2800000000001,73,2,1,3,213,Others,1
15244.0,2011-10-05 13:19:00,3,912.08,64,2,1,3,213,Others,1
15245.0,2011-07-28 18:56:00,8,4610.84,133,3,3,4,334,Big Spenders,1
15246.0,2011-04-15 14:45:00,3,780.4,237,3,1,2,312,Others,1
15247.0,2011-08-09 12:52:00,3,976.06,121,3,1,3,313,Others,1
15248.0,2010-10-24 13:09:00,3,1893.93,410,4,1,3,413,Recent Customers,0
15249.0,2011-11-08 11:45:00,18,9266.0,31,2,3,4,234,Big Spenders,1
15250.0,2010-03-09 07:35:00,1,60.0,640,4,1,1,411,Recent Customers,0
15251.0,2011-11-30 15:02:00,21,20324.54,8,1,3,4,134,Big Spenders,1
15252.0,2011-11-03 13:30:00,5,2103.41,35,2,2,3,223,Others,1
15253.0,2011-11-23 16:22:00,8,2055.09,15,1,3,3,133,Others,1
15254.0,2011-08-04 15:04:00,3,1088.35,126,3,1,3,313,Others,1
15255.0,2011-10-04 12:43:00,9,3729.42,66,2,3,4,234,Big Spenders,1
15256.0,2011-07-14 11:47:00,2,170.4,148,3,1,1,311,Others,1
15257.0,2011-03-01 12:58:00,2,685.9,282,3,1,2,312,Others,0
15258.0,2011-06-24 12:30:00,2,623.16,168,3,1,2,312,Others,1
15259.0,2010-07-15 08:47:00,4,1182.3799999999999,512,4,2,3,423,Recent Customers,0
15260.0,2011-08-31 13:55:00,25,9188.23,99,3,3,4,334,Big Spenders,1
15261.0,2011-07-27 15:20:00,4,1508.0,134,3,2,3,323,Others,1
15262.0,2011-01-20 12:16:00,3,418.82,323,3,1,2,312,Others,0
15263.0,2011-08-25 10:26:00,1,156.51,106,3,1,1,311,Others,1
15264.0,2011-10-06 13:49:00,2,848.4,63,2,1,2,212,Others,1
15265.0,2011-07-11 14:46:00,4,3345.64,150,3,2,4,324,Big Spenders,1
15266.0,2011-01-05 13:40:00,5,852.21,337,3,2,2,322,Others,0
15267.0,2011-11-17 15:59:00,5,1717.36,21,1,2,3,123,Others,1
15268.0,2010-08-18 10:33:00,3,961.9000000000001,478,4,1,3,413,Recent Customers,0
15269.0,2011-11-16 09:32:00,3,1225.36,23,1,1,3,113,Others,1
15270.0,2011-11-24 09:24:00,21,8524.86,15,1,3,4,134,Big Spenders,1
15271.0,2011-12-02 14:11:00,24,4709.54,6,1,3,4,134,Big Spenders,1
15272.0,2011-10-13 12:59:00,6,2085.48,56,2,2,3,223,Others,1
15273.0,2010-04-19 11:31:00,1,228.96,599,4,1,1,411,Recent Customers,0
15274.0,2011-12-05 16:57:00,2,716.57,3,1,1,2,112,Others,1
15275.0,2011-11-02 11:20:00,1,615.14,37,2,1,2,212,Others,1
15276.0,2011-10-04 16:39:00,4,649.53,65,2,2,2,222,Others,1
15277.0,2011-10-24 10:08:00,2,476.34,46,2,1,2,212,Others,1
15278.0,2010-05-27 10:03:00,4,496.15999999999997,561,4,2,2,422,Recent Customers,0
15279.0,2010-12-20 10:48:00,5,1580.54,354,3,2,3,323,Others,0
15280.0,2011-06-20 17:14:00,3,406.21999999999997,171,3,1,2,312,Others,1
15281.0,2011-10-12 09:10:00,16,8543.57,58,2,3,4,234,Big Spenders,1
15282.0,2010-05-18 16:27:00,1,348.59,569,4,1,1,411,Recent Customers,0
15283.0,2010-11-14 14:54:00,3,148.33,389,4,1,1,411,Recent Customers,0
15284.0,2010-07-27 13:25:00,1,24.75,499,4,1,1,411,Recent Customers,0
15285.0,2010-10-28 09:46:00,1,94.92,407,4,1,1,411,Recent Customers,0
15286.0,2011-10-21 11:08:00,1,240.55,49,2,1,1,211,Others,1
15287.0,2011-11-17 15:34:00,5,856.03,21,1,2,2,122,Others,1
15288.0,2011-10-27 16:58:00,10,3883.13,42,2,3,4,234,Big Spenders,1
15289.0,2011-11-10 13:49:00,5,1593.0900000000001,28,2,2,3,223,Others,1
15290.0,2011-12-05 11:39:00,26,10496.28,4,1,3,4,134,Big Spenders,1
15291.0,2011-11-14 11:02:00,40,13846.56,25,1,3,4,134,Big Spenders,1
15292.0,2011-05-22 15:00:00,1,180.94,200,3,1,1,311,Others,1
15293.0,2010-02-12 11:54:00,1,247.5,665,4,1,1,411,Recent Customers,0
15294.0,2010-10-25 11:45:00,1,233.35,410,4,1,1,411,Recent Customers,0
15295.0,2010-02-23 13:03:00,1,217.23999999999998,653,4,1,1,411,Recent Customers,0
15296.0,2011-10-20 11:47:00,12,10342.83,50,2,3,4,234,Big Spenders,1
15297.0,2011-11-29 16:32:00,3,641.94,9,1,1,2,112,Others,1
15298.0,2011-12-07 17:17:00,23,9459.37,1,1,3,4,134,Big Spenders,1
15299.0,2011-10-03 14:19:00,10,7991.54,66,2,3,4,234,Big Spenders,1
15300.0,2011-10-06 17:08:00,1,496.44,63,2,1,2,212,Others,1
15301.0,2011-10-20 09:57:00,17,7603.4400000000005,50,2,3,4,234,Big Spenders,1
15302.0,2009-12-09 13:11:00,1,308.0,729,4,1,1,411,Recent Customers,0
15303.0,2011-02-22 13:59:00,3,1224.18,289,3,1,3,313,Others,0
15304.0,2011-10-10 10:23:00,9,919.5500000000001,60,2,3,3,233,Others,1
15305.0,2010-06-02 13:50:00,1,93.60000000000001,554,4,1,1,411,Recent Customers,0
15306.0,2011-10-06 12:56:00,9,3484.73,63,2,3,4,234,Big Spenders,1
15307.0,2011-09-05 11:38:00,1,205.3,95,2,1,1,211,Others,1
15308.0,2011-03-10 13:08:00,1,310.47,273,3,1,1,311,Others,0
15309.0,2010-04-08 11:11:00,4,797.96,610,4,2,2,422,Recent Customers,0
15310.0,2010-08-18 11:38:00,1,1634.64,478,4,1,3,413,Recent Customers,0
15311.0,2011-12-09 12:00:00,208,116771.16,0,1,3,4,134,Big Spenders,2
15312.0,2011-09-25 13:10:00,12,2930.19,74,2,3,4,234,Big Spenders,1
15313.0,2011-08-21 16:02:00,1,52.0,109,3,1,1,311,Others,1
15314.0,2011-05-24 14:39:00,3,820.4499999999999,198,3,1,2,312,Others,1
15315.0,2011-10-06 12:51:00,2,570.5,63,2,1,2,212,Others,1
15316.0,2011-01-17 11:34:00,1,165.0,326,3,1,1,311,Others,0
15317.0,2010-01-31 15:55:00,1,129.75,676,4,1,1,411,Recent Customers,0
15318.0,2011-12-06 11:30:00,1,312.62,3,1,1,1,111,Others,1
15319.0,2011-03-01 12:48:00,1,204.5,283,3,1,1,311,Others,0
15320.0,2011-10-26 13:27:00,1,267.13,43,2,1,1,211,Others,1
15321.0,2011-09-30 09:40:00,12,6709.7300000000005,70,2,3,4,234,Big Spenders,1
15322.0,2011-09-15 09:34:00,2,1390.86,85,2,1,3,213,Others,1
15323.0,2010-05-26 10:01:00,3,434.6,562,4,1,2,412,Recent Customers,0
15324.0,2010-01-07 14:37:00,1,140.22000000000003,700,4,1,1,411,Recent Customers,0
15325.0,2011-08-28 11:55:00,8,1602.01,103,3,3,3,333,Others,1
15326.0,2011-01-10 11:38:00,5,1700.52,333,3,2,3,323,Others,0
15327.0,2011-10-18 11:55:00,1,208.75,52,2,1,1,211,Others,1
15328.0,2010-10-28 09:05:00,1,107.24,407,4,1,1,411,Recent Customers,0
15329.0,2011-10-31 15:36:00,11,2984.33,38,2,3,4,234,Big Spenders,1
15330.0,2011-11-07 17:50:00,2,714.96,31,2,1,2,212,Others,1
15331.0,2010-07-28 09:42:00,3,767.91,499,4,1,2,412,Recent Customers,0
15332.0,2010-12-08 14:43:00,6,6553.74,365,3,2,4,324,Big Spenders,0
15333.0,2011-05-15 13:27:00,1,1028.56,207,3,1,3,313,Others,1
15334.0,2011-07-06 11:22:00,3,351.67,156,3,1,2,312,Others,1
15335.0,2011-10-17 12:50:00,1,173.97,53,2,1,1,211,Others,1
15336.0,2010-11-03 12:39:00,1,240.5,401,4,1,1,411,Recent Customers,0
15337.0,2010-10-24 15:29:00,1,373.02,410,4,1,2,412,Recent Customers,0
15338.0,2010-01-31 14:25:00,1,283.43,676,4,1,1,411,Recent Customers,0
15339.0,2011-10-04 12:51:00,7,1827.84,65,2,2,3,223,Others,1
15340.0,2010-05-27 10:27:00,1,105.5,561,4,1,1,411,Recent Customers,0
15341.0,2011-09-20 09:40:00,2,2402.72,80,2,1,4,214,Big Spenders,1
15342.0,2011-08-02 10:19:00,1,406.09,129,3,1,2,312,Others,1
15343.0,2011-09-13 13:55:00,1,364.5,86,2,1,2,212,Others,1
15344.0,2011-12-09 10:45:00,3,563.94,0,1,1,2,112,Others,1
15345.0,2011-10-25 11:28:00,1,393.54,45,2,1,2,212,Others,1
15346.0,2011-01-11 11:18:00,3,596.12,332,3,1,2,312,Others,0
15347.0,2010-12-08 15:25:00,4,1363.6,365,3,2,3,323,Others,0
15348.0,2011-09-28 13:17:00,1,158.04,71,2,1,1,211,Others,1
15349.0,2011-07-04 16:06:00,2,473.81,157,3,1,2,312,Others,1
15350.0,2010-12-01 13:33:00,2,663.25,372,3,1,2,312,Others,0
15351.0,2011-11-27 12:52:00,10,3738.29,11,1,3,4,134,Big Spenders,1
15352.0,2010-06-09 11:28:00,1,114.95,548,4,1,1,411,Recent Customers,0
15353.0,2011-03-30 12:15:00,7,3175.95,254,3,2,4,324,Big Spenders,1
15354.0,2010-04-15 16:24:00,3,284.4,602,4,1,1,411,Recent Customers,0
15355.0,2011-11-10 13:44:00,2,277.05,28,2,1,1,211,Others,1
15356.0,2011-11-08 13:11:00,13,3464.95,30,2,3,4,234,Big Spenders,1
15358.0,2011-12-05 09:04:00,42,17050.41,4,1,3,4,134,Big Spenders,1
15359.0,2010-02-15 10:47:00,8,181.35,662,4,3,1,431,Recent Customers,0
15360.0,2011-10-31 09:35:00,1,427.93,39,2,1,2,212,Others,1
15361.0,2010-12-13 09:52:00,4,689.07,361,3,2,2,322,Others,0
15362.0,2010-09-17 10:37:00,2,613.08,448,4,1,2,412,Recent Customers,0
15363.0,2010-12-02 12:28:00,2,1004.11,372,3,1,3,313,Others,0
15364.0,2011-09-05 09:46:00,2,913.19,95,2,1,3,213,Others,1
15365.0,2011-11-14 08:29:00,13,4557.13,25,1,3,4,134,Big Spenders,1
15366.0,2011-09-25 15:01:00,7,2389.08,74,2,2,4,224,Big Spenders,1
15367.0,2011-10-13 14:13:00,11,5081.33,56,2,3,4,234,Big Spenders,1
15368.0,2011-11-18 14:42:00,2,722.74,20,1,1,2,112,Others,1
15369.0,2010-08-04 13:54:00,11,6251.26,491,4,3,4,434,Recent Customers,0
15370.0,2011-10-30 10:58:00,8,3739.0099999999998,40,2,3,4,234,Big Spenders,1
15371.0,2010-02-15 13:14:00,1,59.400000000000006,661,4,1,1,411,Recent Customers,0
15372.0,2011-07-25 16:39:00,8,6017.06,136,3,3,4,334,Big Spenders,1
15373.0,2011-12-01 15:05:00,17,3421.39,7,1,3,4,134,Big Spenders,1
15374.0,2011-08-03 09:59:00,2,307.32,128,3,1,1,311,Others,1
15375.0,2010-01-18 15:38:00,1,60.96,689,4,1,1,411,Recent Customers,0
15376.0,2011-10-30 15:04:00,3,1233.36,39,2,1,3,213,Others,1
15377.0,2010-11-22 08:55:00,4,1211.75,382,4,2,3,423,Recent Customers,0
15378.0,2010-09-03 11:30:00,2,246.5,462,4,1,1,411,Recent Customers,0
15379.0,2011-06-23 13:13:00,8,4877.84,168,3,3,4,334,Big Spenders,1
15380.0,2011-12-01 12:13:00,11,3479.0600000000004,8,1,3,4,134,Big Spenders,1
15381.0,2011-05-10 11:55:00,5,1890.57,213,3,2,3,323,Others,1
15382.0,2011-11-25 10:58:00,12,13733.550000000001,14,1,3,4,134,Big Spenders,1
15384.0,2011-06-23 10:57:00,4,2027.79,169,3,2,3,323,Others,1
15385.0,2011-10-30 15:11:00,3,942.08,39,2,1,3,213,Others,1
15386.0,2011-06-06 13:47:00,1,394.14,185,3,1,2,312,Others,1
15387.0,2010-08-04 16:05:00,1,468.65,491,4,1,2,412,Recent Customers,0
15388.0,2011-03-14 13:53:00,1,140.54,269,3,1,1,311,Others,0
15389.0,2011-06-20 16:18:00,5,2733.8,171,3,2,4,324,Big Spenders,1
15390.0,2010-11-08 15:19:00,2,1216.66,395,4,1,3,413,Recent Customers,0
15391.0,2010-05-04 15:04:00,1,289.87,583,4,1,1,411,Recent Customers,0
15392.0,2011-12-05 11:01:00,7,2911.62,4,1,2,4,124,Big Spenders,1
15393.0,2011-11-23 16:48:00,5,891.34,15,1,2,2,122,Others,1
15394.0,2011-11-30 11:49:00,11,5286.8,9,1,3,4,134,Big Spenders,1
15395.0,2011-01-18 12:40:00,1,107.45,325,3,1,1,311,Others,0
15396.0,2011-08-19 10:56:00,2,796.38,112,3,1,2,312,Others,1
15397.0,2011-02-23 09:25:00,1,94.0,289,3,1,1,311,Others,0
15398.0,2011-11-23 16:47:00,2,1345.53,15,1,1,3,113,Others,1
15399.0,2011-12-08 13:04:00,3,815.77,0,1,1,2,112,Others,1
15400.0,2011-09-08 13:57:00,8,1302.3,91,2,3,3,233,Others,1
15401.0,2010-09-13 13:42:00,2,216.95000000000002,451,4,1,1,411,Recent Customers,0
15402.0,2011-07-14 12:17:00,6,1830.54,148,3,2,3,323,Others,1
15403.0,2010-08-05 12:21:00,2,170.88,491,4,1,1,411,Recent Customers,0
15404.0,2010-11-29 11:03:00,1,257.06,375,3,1,1,311,Others,0
15405.0,2011-06-03 14:44:00,2,659.84,188,3,1,2,312,Others,1
15406.0,2011-11-08 13:22:00,4,975.87,30,2,2,3,223,Others,1
15407.0,2011-11-06 11:55:00,4,1056.44,33,2,2,3,223,Others,1
15408.0,2011-03-20 15:02:00,1,267.18,263,3,1,1,311,Others,0
15409.0,2009-12-18 15:35:00,1,131.25,720,4,1,1,411,Recent Customers,0
15410.0,2011-09-16 14:47:00,10,4685.72,83,2,3,4,234,Big Spenders,1
15411.0,2011-11-13 15:19:00,4,1358.88,25,1,2,3,123,Others,1
15412.0,2011-06-21 15:24:00,1,190.53,170,3,1,1,311,Others,1
15413.0,2010-01-17 11:33:00,5,6798.72,691,4,2,4,424,Recent Customers,0
15414.0,2011-11-30 09:50:00,3,774.9000000000001,9,1,1,2,112,Others,1
15415.0,2011-01-30 14:13:00,1,572.8100000000001,312,3,1,2,312,Others,0
15416.0,2011-10-06 09:38:00,7,4572.82,64,2,2,4,224,Big Spenders,1
15417.0,2011-09-15 15:26:00,1,508.8,84,2,1,2,212,Others,1
15418.0,2010-10-10 13:38:00,2,452.32,424,4,1,2,412,Recent Customers,0
15419.0,2011-11-15 09:23:00,1,135.85999999999999,24,1,1,1,111,Others,1
15420.0,2010-10-01 15:46:00,6,743.0,433,4,2,2,422,Recent Customers,0
15421.0,2011-10-12 09:20:00,10,3805.34,58,2,3,4,234,Big Spenders,1
15422.0,2011-01-20 16:17:00,7,1619.97,322,3,2,3,323,Others,0
15423.0,2011-11-01 14:01:00,3,266.89,37,2,1,1,211,Others,1
15424.0,2011-03-30 13:02:00,3,597.78,253,3,1,2,312,Others,1
15425.0,2010-11-04 18:13:00,4,1944.57,399,4,2,3,423,Recent Customers,0
15426.0,2011-11-20 15:36:00,9,2615.39,18,1,3,4,134,Big Spenders,1
15427.0,2011-11-06 14:29:00,3,1483.14,32,2,1,3,213,Others,1
15428.0,2011-11-24 16:54:00,4,762.75,14,1,2,2,122,Others,1
15429.0,2011-11-13 12:28:00,2,397.35,26,2,1,2,212,Others,1
15430.0,2010-08-29 10:42:00,2,954.75,467,4,1,3,413,Recent Customers,0
15431.0,2010-07-25 12:44:00,1,153.24,502,4,1,1,411,Recent Customers,0
15432.0,2011-11-16 16:30:00,2,320.76,22,1,1,1,111,Others,1
15433.0,2011-05-10 10:45:00,2,533.3,213,3,1,2,312,Others,1
15434.0,2011-12-01 13:33:00,11,2567.06,7,1,3,4,134,Big Spenders,1
15435.0,2011-11-17 16:39:00,1,149.29,21,1,1,1,111,Others,1
15436.0,2011-11-27 16:05:00,3,1122.53,11,1,1,3,113,Others,1
15437.0,2011-03-22 13:11:00,2,393.45,261,3,1,2,312,Others,0
15438.0,2011-07-31 14:19:00,1,156.58,130,3,1,1,311,Others,1
15439.0,2010-10-31 10:38:00,4,1269.05,404,4,2,3,423,Recent Customers,0
15440.0,2011-10-16 12:16:00,3,383.68,54,2,1,2,212,Others,1
15441.0,2010-11-08 15:50:00,3,1254.21,395,4,1,3,413,Recent Customers,0
15442.0,2011-04-05 12:24:00,1,594.0,248,3,1,2,312,Others,1
15443.0,2011-12-08 10:40:00,14,5175.93,1,1,3,4,134,Big Spenders,1
15444.0,2011-11-30 17:37:00,2,1418.26,8,1,1,3,113,Others,1
15445.0,2011-03-20 15:06:00,2,284.5,263,3,1,1,311,Others,0
15446.0,2010-11-28 11:59:00,3,406.95,376,3,1,2,312,Others,0
15447.0,2011-01-13 11:26:00,5,492.88,330,3,2,2,322,Others,0
15448.0,2011-01-31 10:42:00,2,788.81,312,3,1,2,312,Others,0
15449.0,2011-11-13 15:02:00,3,974.52,25,1,1,3,113,Others,1
15450.0,2011-11-09 17:11:00,1,429.84,29,2,1,2,212,Others,1
15451.0,2010-10-01 13:40:00,2,233.21,433,4,1,1,411,Recent Customers,0
15452.0,2011-11-10 12:13:00,6,1799.1100000000001,29,2,2,3,223,Others,1
15453.0,2011-12-08 10:59:00,7,1388.37,1,1,2,3,123,Others,1
15454.0,2010-12-12 14:21:00,2,307.69,361,3,1,1,311,Others,0
15455.0,2010-04-21 12:43:00,1,38.25,597,4,1,1,411,Recent Customers,0
15456.0,2011-03-01 13:51:00,10,2119.27,282,3,3,3,333,Others,0
15457.0,2011-03-22 15:31:00,1,237.07,261,3,1,1,311,Others,0
15458.0,2011-11-14 13:08:00,2,370.44,24,1,1,2,112,Others,1
15459.0,2010-10-18 15:25:00,2,202.83,416,4,1,1,411,Recent Customers,0
15460.0,2010-12-20 16:08:00,1,216.76,353,3,1,1,311,Others,0
15461.0,2010-09-05 12:31:00,2,429.7,460,4,1,2,412,Recent Customers,0
15462.0,2011-09-06 13:11:00,4,737.05,93,2,2,2,222,Others,1
15463.0,2011-11-10 12:57:00,1,126.14,28,2,1,1,211,Others,1
15464.0,2011-01-05 15:56:00,1,1048.85,337,3,1,3,313,Others,0
15465.0,2011-11-20 10:11:00,32,12655.65,19,1,3,4,134,Big Spenders,1
15466.0,2011-09-15 14:08:00,4,1571.01,84,2,2,3,223,Others,1
15467.0,2011-11-30 14:17:00,3,524.88,8,1,1,2,112,Others,1
15468.0,2011-10-19 13:49:00,3,1430.48,50,2,1,3,213,Others,1
15469.0,2011-10-20 16:21:00,3,874.25,49,2,1,2,212,Others,1
15470.0,2010-05-13 09:35:00,1,63.42,575,4,1,1,411,Recent Customers,0
15471.0,2011-12-07 14:12:00,3,1316.56,1,1,1,3,113,Others,1
15472.0,2011-08-18 15:17:00,1,371.56,112,3,1,2,312,Others,1
15473.0,2011-11-25 15:15:00,8,2046.0,13,1,3,3,133,Others,1
15474.0,2010-04-23 11:14:00,1,163.1,595,4,1,1,411,Recent Customers,0
15475.0,2011-09-23 15:20:00,1,454.11,76,2,1,2,212,Others,1
15476.0,2010-11-24 15:17:00,4,2209.98,379,3,2,3,323,Others,0
15477.0,2010-02-28 10:37:00,1,368.4,649,4,1,2,412,Recent Customers,0
15478.0,2011-10-30 14:19:00,3,2024.98,39,2,1,3,213,Others,1
15479.0,2009-12-06 15:08:00,1,147.4,732,4,1,1,411,Recent Customers,0
15480.0,2011-08-15 14:32:00,5,6279.0,115,3,2,4,324,Big Spenders,1
15481.0,2010-11-03 14:52:00,1,1993.34,400,4,1,3,413,Recent Customers,0
15482.0,2011-11-24 10:46:00,19,14592.56,15,1,3,4,134,Big Spenders,1
15483.0,2011-07-01 13:07:00,10,862.2,160,3,3,2,332,Others,1
15484.0,2011-12-08 15:03:00,6,4656.0,0,1,2,4,124,Big Spenders,1
15485.0,2011-11-09 14:31:00,7,5771.51,29,2,2,4,224,Big Spenders,1
15486.0,2010-06-30 13:15:00,1,102.0,526,4,1,1,411,Recent Customers,0
15487.0,2010-01-29 12:07:00,1,231.32,679,4,1,1,411,Recent Customers,0
15488.0,2011-09-08 10:11:00,5,431.92,92,2,2,2,222,Others,1
15489.0,2011-11-17 08:53:00,8,2419.61,22,1,3,4,134,Big Spenders,1
15490.0,2010-10-05 13:11:00,1,217.6,429,4,1,1,411,Recent Customers,0
15491.0,2011-09-05 15:56:00,6,3100.09,94,2,2,4,224,Big Spenders,1
15492.0,2011-11-11 14:53:00,2,659.4599999999999,27,2,1,2,212,Others,1
15493.0,2011-11-07 12:04:00,9,4314.9800000000005,32,2,3,4,234,Big Spenders,1
15494.0,2011-11-18 14:51:00,5,3780.05,20,1,2,4,124,Big Spenders,1
15495.0,2010-11-25 13:46:00,1,246.5,378,3,1,1,311,Others,0
15496.0,2010-03-18 13:16:00,1,146.14000000000001,630,4,1,1,411,Recent Customers,0
15497.0,2011-11-22 11:51:00,9,8657.39,17,1,3,4,134,Big Spenders,1
15498.0,2011-12-07 12:48:00,44,26039.58,2,1,3,4,134,Big Spenders,1
15499.0,2009-12-16 12:17:00,1,161.6,723,4,1,1,411,Recent Customers,0
15500.0,2011-12-01 13:47:00,4,1131.56,7,1,2,3,123,Others,1
15501.0,2010-10-31 11:15:00,2,402.5,404,4,1,2,412,Recent Customers,0
15502.0,2011-11-24 12:48:00,14,13993.47,15,1,3,4,134,Big Spenders,1
15503.0,2010-12-12 10:57:00,2,267.15,362,3,1,1,311,Others,0
15504.0,2011-09-19 13:45:00,4,423.85,80,2,2,2,222,Others,1
15505.0,2011-10-18 07:56:00,5,3610.96,52,2,2,4,224,Big Spenders,1
15506.0,2011-11-17 12:11:00,6,2040.03,22,1,2,3,123,Others,1
15507.0,2011-06-21 11:19:00,1,492.36,171,3,1,2,312,Others,1
15508.0,2011-06-03 15:43:00,6,1000.27,188,3,2,3,323,Others,1
15509.0,2010-11-24 14:48:00,1,166.51,379,3,1,1,311,Others,0
15510.0,2011-01-13 12:10:00,1,250.0,330,3,1,1,311,Others,0
15511.0,2011-11-28 09:43:00,5,909.23,11,1,2,3,123,Others,1
15512.0,2011-07-07 10:20:00,4,331.58,155,3,2,1,321,Others,1
15513.0,2011-11-06 14:36:00,35,27750.55,32,2,3,4,234,Big Spenders,1
15514.0,2011-11-27 14:40:00,18,6598.55,11,1,3,4,134,Big Spenders,1
15515.0,2010-11-17 13:39:00,1,171.81,386,4,1,1,411,Recent Customers,0
15516.0,2011-10-26 10:51:00,3,62.43,44,2,1,1,211,Others,1
15517.0,2011-04-20 14:02:00,1,267.03,232,3,1,1,311,Others,1
15518.0,2011-10-06 13:05:00,15,4218.94,63,2,3,4,234,Big Spenders,1
15519.0,2010-11-21 14:35:00,2,344.61,382,4,1,1,411,Recent Customers,0
15520.0,2011-12-08 10:58:00,1,343.5,1,1,1,1,111,Others,1
15521.0,2011-10-30 13:42:00,16,7106.69,39,2,3,4,234,Big Spenders,1
15522.0,2011-11-07 11:26:00,2,398.84,32,2,1,2,212,Others,1
15523.0,2011-09-16 16:29:00,16,17359.99,83,2,3,4,234,Big Spenders,1
15524.0,2011-11-15 12:09:00,2,591.4,24,1,1,2,112,Others,1
15525.0,2011-12-07 14:43:00,4,1295.7,1,1,2,3,123,Others,1
15526.0,2011-11-06 15:04:00,2,148.44,32,2,1,1,211,Others,1
15527.0,2011-11-21 12:17:00,23,5575.64,18,1,3,4,134,Big Spenders,1
15528.0,2011-03-30 16:14:00,1,229.33,253,3,1,1,311,Others,0
15529.0,2011-11-17 11:29:00,12,5111.95,22,1,3,4,134,Big Spenders,1
15530.0,2011-11-18 12:25:00,5,1813.72,21,1,2,3,123,Others,1
15531.0,2011-12-01 18:43:00,2,2007.44,7,1,1,3,113,Others,1
15532.0,2011-11-14 14:51:00,10,3771.9,24,1,3,4,134,Big Spenders,1
15533.0,2011-11-20 15:35:00,3,807.5699999999999,18,1,1,2,112,Others,1
15534.0,2009-12-14 12:48:00,1,162.25,725,4,1,1,411,Recent Customers,0
15535.0,2011-06-19 16:02:00,6,1087.82,172,3,2,3,323,Others,1
15536.0,2010-10-26 16:31:00,1,259.09,408,4,1,1,411,Recent Customers,0
15537.0,2011-06-29 13:10:00,1,110.92,162,3,1,1,311,Others,1
15538.0,2010-06-20 10:49:00,6,3358.4,537,4,2,4,424,Recent Customers,0
15539.0,2011-12-02 13:36:00,1,538.46,6,1,1,2,112,Others,1
15540.0,2011-11-28 13:51:00,2,460.68,10,1,1,2,112,Others,1
15541.0,2011-08-17 14:58:00,1,85.13000000000001,113,3,1,1,311,Others,1
15542.0,2010-07-15 13:32:00,3,918.45,511,4,1,3,413,Recent Customers,0
15543.0,2011-02-24 15:26:00,2,242.84,287,3,1,1,311,Others,0
15544.0,2011-11-30 16:43:00,20,8162.43,8,1,3,4,134,Big Spenders,1
15545.0,2011-10-16 13:24:00,2,428.05,53,2,1,2,212,Others,1
15546.0,2010-04-12 11:51:00,2,1079.1000000000001,606,4,1,3,413,Recent Customers,0
15547.0,2011-12-02 12:52:00,26,10154.39,6,1,3,4,134,Big Spenders,1
15548.0,2010-04-23 12:20:00,1,158.09,595,4,1,1,411,Recent Customers,0
15549.0,2011-09-23 16:22:00,8,2345.96,76,2,3,4,234,Big Spenders,1
15550.0,2011-12-05 15:38:00,12,2218.8,3,1,3,3,133,Others,1
15551.0,2011-11-03 12:37:00,7,1710.08,36,2,2,3,223,Others,1
15552.0,2011-05-06 14:47:00,2,252.52,216,3,1,1,311,Others,1
15553.0,2011-10-10 14:02:00,1,437.23,59,2,1,2,212,Others,1
15554.0,2011-03-07 09:00:00,1,217.2,277,3,1,1,311,Others,0
15555.0,2011-11-27 16:19:00,36,12112.35,11,1,3,4,134,Big Spenders,1
15556.0,2011-11-15 16:08:00,1,279.77,23,1,1,1,111,Others,1
15557.0,2011-11-11 12:46:00,1,473.65000000000003,28,2,1,2,212,Others,1
15558.0,2010-03-10 15:25:00,1,214.13,638,4,1,1,411,Recent Customers,0
15559.0,2010-05-20 14:06:00,1,1109.4,567,4,1,3,413,Recent Customers,0
15560.0,2010-11-07 10:15:00,2,153.52,397,4,1,1,411,Recent Customers,0
15561.0,2011-11-28 11:07:00,8,1934.3899999999999,11,1,3,3,133,Others,1
15562.0,2010-12-23 09:55:00,3,673.38,351,3,1,2,312,Others,0
15563.0,2011-11-17 14:50:00,7,2867.0,21,1,2,4,124,Big Spenders,1
15564.0,2010-09-02 15:52:00,2,70.74000000000001,462,4,1,1,411,Recent Customers,0
15565.0,2011-10-20 14:33:00,2,173.16,49,2,1,1,211,Others,1
15566.0,2010-11-12 12:11:00,2,227.87,392,4,1,1,411,Recent Customers,0
15567.0,2011-11-21 10:48:00,1,186.01,18,1,1,1,111,Others,1
15568.0,2011-12-07 11:27:00,3,758.29,2,1,1,2,112,Others,1
15569.0,2011-08-28 10:15:00,10,3586.35,103,3,3,4,334,Big Spenders,1
15570.0,2011-12-02 14:47:00,25,9311.04,6,1,3,4,134,Big Spenders,1
15571.0,2011-11-28 10:02:00,14,4051.63,11,1,3,4,134,Big Spenders,1
15572.0,2011-12-05 10:09:00,10,4068.67,4,1,3,4,134,Big Spenders,1
15573.0,2011-11-08 11:38:00,5,1207.18,31,2,2,3,223,Others,1
15574.0,2011-06-15 12:01:00,6,1518.7,177,3,2,3,323,Others,1
15575.0,2010-03-30 12:50:00,1,30.1,619,4,1,1,411,Recent Customers,0
15576.0,2011-11-02 12:03:00,1,940.6700000000001,37,2,1,3,213,Others,1
15577.0,2011-07-11 17:03:00,5,397.98,150,3,2,2,322,Others,1
15578.0,2011-06-30 13:03:00,1,127.10000000000001,161,3,1,1,311,Others,1
15579.0,2011-10-02 12:45:00,5,1302.5,68,2,2,3,223,Others,1
15580.0,2010-11-28 11:00:00,8,1381.19,376,3,3,3,333,Others,0
15581.0,2011-08-11 09:38:00,38,7794.59,120,3,3,4,334,Big Spenders,1
15582.0,2011-11-15 09:55:00,3,682.9100000000001,24,1,1,2,112,Others,1
15583.0,2010-11-28 15:04:00,1,107.86,375,3,1,1,311,Others,0
15584.0,2011-11-16 10:55:00,6,1277.5,23,1,2,3,123,Others,1
15585.0,2011-06-16 08:38:00,1,455.3,176,3,1,2,312,Others,1
15586.0,2010-04-26 11:00:00,3,1139.1,592,4,1,3,413,Recent Customers,0
15587.0,2011-10-20 13:37:00,7,1522.0800000000002,49,2,2,3,223,Others,1
15588.0,2010-01-31 12:19:00,1,579.6,677,4,1,2,412,Recent Customers,0
15589.0,2011-03-29 09:54:00,3,478.53000000000003,255,3,1,2,312,Others,1
15590.0,2010-11-22 14:49:00,5,1496.6,381,4,2,3,423,Recent Customers,0
15591.0,2010-05-06 09:23:00,3,217.9,582,4,1,1,411,Recent Customers,0
15592.0,2011-10-24 08:59:00,1,388.58,46,2,1,2,212,Others,1
15593.0,2011-09-30 11:46:00,1,199.8,70,2,1,1,211,Others,1
15594.0,2011-11-24 08:53:00,5,1771.78,15,1,2,3,123,Others,1
15595.0,2010-08-09 12:27:00,1,357.6,487,4,1,2,412,Recent Customers,0
15596.0,2011-08-31 10:55:00,9,3130.04,100,3,3,4,334,Big Spenders,1
15597.0,2011-11-04 13:26:00,2,563.37,34,2,1,2,212,Others,1
15598.0,2011-10-17 16:04:00,2,548.02,52,2,1,2,212,Others,1
15599.0,2011-11-13 11:44:00,3,1250.06,26,2,1,3,213,Others,1
15600.0,2010-10-07 14:30:00,4,1199.31,427,4,2,3,423,Recent Customers,0
15601.0,2011-11-28 15:15:00,30,14960.12,10,1,3,4,134,Big Spenders,1
15602.0,2011-12-01 14:14:00,16,3230.51,7,1,3,4,134,Big Spenders,1
15603.0,2011-09-22 10:04:00,2,88.48,78,2,1,1,211,Others,1
15604.0,2011-10-18 14:47:00,1,216.39,51,2,1,1,211,Others,1
15605.0,2011-11-03 14:17:00,9,1936.8,35,2,3,3,233,Others,1
15606.0,2011-10-09 15:47:00,17,5230.99,60,2,3,4,234,Big Spenders,1
15607.0,2011-01-07 12:44:00,9,1708.97,336,3,3,3,333,Others,0
15608.0,2011-11-11 13:20:00,5,1785.98,27,2,2,3,223,Others,1
15609.0,2011-06-08 13:00:00,1,298.48,183,3,1,1,311,Others,1
15610.0,2011-10-19 10:36:00,1,112.46000000000001,51,2,1,1,211,Others,1
15611.0,2011-11-30 12:36:00,26,2997.28,9,1,3,4,134,Big Spenders,1
15612.0,2011-11-03 14:52:00,2,195.15,35,2,1,1,211,Others,1
15613.0,2010-04-08 12:51:00,1,433.71999999999997,609,4,1,2,412,Recent Customers,0
15614.0,2010-09-28 10:46:00,4,3147.36,437,4,2,4,424,Recent Customers,0
15615.0,2011-11-29 14:42:00,47,21373.97,9,1,3,4,134,Big Spenders,1
15616.0,2010-09-27 13:10:00,1,317.11,437,4,1,1,411,Recent Customers,0
15617.0,2010-11-08 16:07:00,3,828.5500000000001,395,4,1,2,412,Recent Customers,0
15618.0,2011-11-07 08:34:00,4,776.851,32,2,2,2,222,Others,1
15619.0,2011-11-29 08:14:00,1,336.40000000000003,10,1,1,1,111,Others,1
15620.0,2011-10-14 12:41:00,4,1942.36,56,2,2,3,223,Others,1
15621.0,2011-12-05 14:01:00,4,1293.03,3,1,2,3,123,Others,1
15622.0,2011-10-27 16:44:00,17,7852.61,42,2,3,4,234,Big Spenders,1
15623.0,2011-07-21 17:26:00,8,2437.05,140,3,3,4,334,Big Spenders,1
15624.0,2011-08-15 11:38:00,4,588.13,116,3,2,2,322,Others,1
15625.0,2011-08-28 10:21:00,9,3236.4,103,3,3,4,334,Big Spenders,1
15626.0,2011-09-26 10:03:00,3,1067.52,74,2,1,3,213,Others,1
15627.0,2010-09-08 14:14:00,2,566.9,456,4,1,2,412,Recent Customers,0
15628.0,2011-12-05 10:24:00,17,5652.26,4,1,3,4,134,Big Spenders,1
15629.0,2010-09-15 13:46:00,4,2240.9,449,4,2,3,423,Recent Customers,0
15630.0,2011-10-25 15:36:00,3,1481.4,44,2,1,3,213,Others,1
15631.0,2010-03-07 14:52:00,1,596.67,641,4,1,2,412,Recent Customers,0
15632.0,2011-11-24 09:51:00,8,3285.31,15,1,3,4,134,Big Spenders,1
15633.0,2010-07-18 13:54:00,13,4352.46,508,4,3,4,434,Recent Customers,0
15634.0,2011-11-22 16:28:00,2,554.65,16,1,1,2,112,Others,1
15635.0,2010-11-09 08:58:00,1,100.35,395,4,1,1,411,Recent Customers,0
15636.0,2011-09-11 11:17:00,4,1444.58,89,2,2,3,223,Others,1
15637.0,2011-10-18 08:28:00,5,797.59,52,2,2,2,222,Others,1
15638.0,2010-11-26 11:52:00,6,2265.2,378,3,2,3,323,Others,0
15639.0,2011-07-28 14:30:00,3,1065.08,133,3,1,3,313,Others,1
15640.0,2011-12-05 14:35:00,29,23957.58,3,1,3,4,134,Big Spenders,1
15641.0,2011-08-26 14:04:00,12,5345.55,104,3,3,4,334,Big Spenders,1
15642.0,2009-12-10 11:51:00,1,105.78000000000002,729,4,1,1,411,Recent Customers,0
15643.0,2011-06-01 07:38:00,3,664.0,191,3,1,2,312,Others,1
15644.0,2011-06-26 14:54:00,4,813.0,165,3,2,2,322,Others,1
15645.0,2011-11-21 11:55:00,3,1055.17,18,1,1,3,113,Others,1
15646.0,2011-07-05 09:53:00,5,974.61,157,3,2,3,323,Others,1
15647.0,2010-10-20 15:09:00,1,169.0,414,4,1,1,411,Recent Customers,0
15648.0,2011-05-19 15:53:00,2,657.35,203,3,1,2,312,Others,1
15649.0,2011-01-07 13:34:00,4,2170.35,335,3,2,3,323,Others,0
15650.0,2010-07-06 10:41:00,2,553.88,521,4,1,2,412,Recent Customers,0
15651.0,2011-11-03 08:41:00,5,1259.06,36,2,2,3,223,Others,1
15652.0,2011-09-09 14:22:00,5,1420.34,90,2,2,3,223,Others,1
15653.0,2011-09-08 10:49:00,2,877.4399999999999,92,2,1,2,212,Others,1
15654.0,2011-11-30 13:08:00,2,922.5300000000001,8,1,1,3,113,Others,1
15655.0,2011-04-10 15:25:00,1,560.6700000000001,242,3,1,2,312,Others,1
15656.0,2011-10-25 14:56:00,4,748.5,44,2,2,2,222,Others,1
15657.0,2011-11-17 12:19:00,1,30.0,22,1,1,1,111,Others,1
15658.0,2011-06-02 15:22:00,8,2423.4700000000003,189,3,3,4,334,Big Spenders,1
15659.0,2011-10-27 09:23:00,3,532.49,43,2,1,2,212,Others,1
15660.0,2011-11-14 16:58:00,15,2812.99,24,1,3,4,134,Big Spenders,1
15661.0,2011-01-26 13:56:00,8,1215.95,316,3,3,3,333,Others,0
15662.0,2010-02-16 16:47:00,2,283.73,660,4,1,1,411,Recent Customers,0
15663.0,2011-08-25 15:50:00,1,138.14,105,3,1,1,311,Others,1
15664.0,2011-10-20 10:57:00,4,1254.03,50,2,2,3,223,Others,1
15665.0,2011-06-24 14:57:00,5,4015.12,167,3,2,4,324,Big Spenders,1
15666.0,2010-08-24 16:14:00,2,632.9399999999999,471,4,1,2,412,Recent Customers,0
15667.0,2011-10-31 10:56:00,1,301.32,39,2,1,1,211,Others,1
15668.0,2011-05-06 10:39:00,1,76.32000000000001,217,3,1,1,311,Others,1
15669.0,2011-10-30 16:03:00,4,684.34,39,2,2,2,222,Others,1
15670.0,2011-02-16 10:50:00,2,325.2,296,3,1,1,311,Others,0
15671.0,2011-11-21 12:43:00,7,2657.13,18,1,2,4,124,Big Spenders,1
15672.0,2009-12-14 16:52:00,1,45.300000000000004,724,4,1,1,411,Recent Customers,0
15673.0,2011-09-12 16:12:00,9,6414.79,87,2,3,4,234,Big Spenders,1
15674.0,2011-09-27 15:17:00,13,6948.2300000000005,72,2,3,4,234,Big Spenders,1
15675.0,2011-09-19 13:48:00,4,542.04,80,2,2,2,222,Others,1
15676.0,2011-11-21 12:40:00,3,3435.76,18,1,1,4,114,Big Spenders,1
15677.0,2011-10-21 15:36:00,3,1305.6299999999999,48,2,1,3,213,Others,1
15678.0,2011-10-18 09:25:00,3,1893.89,52,2,1,3,213,Others,1
15679.0,2011-11-15 16:19:00,4,781.28,23,1,2,2,122,Others,1
15680.0,2011-11-30 13:46:00,10,4507.58,8,1,3,4,134,Big Spenders,1
15681.0,2011-11-14 16:30:00,14,2989.7,24,1,3,4,134,Big Spenders,1
15682.0,2010-04-19 15:30:00,2,318.24,598,4,1,1,411,Recent Customers,0
15683.0,2011-08-14 12:56:00,2,524.54,116,3,1,2,312,Others,1
15684.0,2010-06-10 18:51:00,3,173.95,546,4,1,1,411,Recent Customers,0
15685.0,2010-09-15 13:43:00,1,55.98,449,4,1,1,411,Recent Customers,0
15686.0,2010-10-15 13:50:00,1,90.0,419,4,1,1,411,Recent Customers,0
15687.0,2011-12-01 08:33:00,9,2993.1,8,1,3,4,134,Big Spenders,1
15688.0,2010-10-17 12:06:00,1,190.57,418,4,1,1,411,Recent Customers,0
15689.0,2011-08-12 09:37:00,3,521.03,119,3,1,2,312,Others,1
15690.0,2011-12-05 15:59:00,2,239.76,3,1,1,1,111,Others,1
15691.0,2011-04-01 15:13:00,4,571.3,251,3,2,2,322,Others,1
15692.0,2011-11-11 14:12:00,1,191.04,27,2,1,1,211,Others,1
15693.0,2010-02-18 14:37:00,1,37.5,658,4,1,1,411,Recent Customers,0
15694.0,2011-12-09 09:44:00,24,10810.81,0,1,3,4,134,Big Spenders,1
15695.0,2011-03-18 08:32:00,4,1131.04,266,3,2,3,323,Others,0
15696.0,2011-11-06 14:02:00,13,3906.57,32,2,3,4,234,Big Spenders,1
15697.0,2010-01-19 09:10:00,1,246.75,689,4,1,1,411,Recent Customers,0
15698.0,2010-03-25 17:38:00,1,46.2,623,4,1,1,411,Recent Customers,0
15699.0,2011-11-22 08:26:00,1,309.65,17,1,1,1,111,Others,1
15700.0,2011-06-20 16:53:00,2,696.68,171,3,1,2,312,Others,1
15701.0,2011-12-07 14:39:00,4,1542.14,1,1,2,3,123,Others,1
15702.0,2010-08-20 14:50:00,2,140.39,475,4,1,1,411,Recent Customers,0
15703.0,2011-03-20 10:51:00,1,211.5,264,3,1,1,311,Others,0
15704.0,2011-07-22 13:35:00,6,3817.96,139,3,2,4,324,Big Spenders,1
15705.0,2011-05-22 15:37:00,1,143.1,200,3,1,1,311,Others,1
15706.0,2011-10-07 10:09:00,4,1060.56,63,2,2,3,223,Others,1
15707.0,2011-11-04 14:35:00,4,945.58,34,2,2,3,223,Others,1
15708.0,2011-10-30 10:54:00,9,4378.72,40,2,3,4,234,Big Spenders,1
15709.0,2011-03-01 10:38:00,2,327.85,283,3,1,1,311,Others,0
15710.0,2010-10-18 17:05:00,1,898.87,416,4,1,2,412,Recent Customers,0
15711.0,2010-06-01 12:14:00,2,420.25,556,4,1,2,412,Recent Customers,0
15712.0,2011-11-30 14:09:00,12,3472.4100000000003,8,1,3,4,134,Big Spenders,1
15713.0,2011-07-19 13:34:00,4,1010.79,142,3,2,3,323,Others,1
15714.0,2011-11-28 11:26:00,5,784.8100000000001,11,1,2,2,122,Others,1
15715.0,2010-06-02 09:56:00,5,658.02,555,4,2,2,422,Recent Customers,0
15716.0,2011-07-17 11:59:00,11,3056.81,145,3,3,4,334,Big Spenders,1
15717.0,2011-04-19 13:21:00,5,607.0,233,3,2,2,322,Others,1
15718.0,2010-06-17 16:20:00,1,293.79,539,4,1,1,411,Recent Customers,0
15719.0,2011-11-07 12:29:00,31,10223.06,32,2,3,4,234,Big Spenders,1
15720.0,2011-11-15 14:48:00,2,741.92,23,1,1,2,112,Others,1
15721.0,2011-11-28 12:14:00,1,507.08,11,1,1,2,112,Others,1
15722.0,2011-11-04 11:43:00,11,5258.1,35,2,3,4,234,Big Spenders,1
15723.0,2010-12-10 11:12:00,4,947.65,364,3,2,3,323,Others,0
15724.0,2011-05-22 14:40:00,3,310.85,200,3,1,1,311,Others,1
15725.0,2011-11-24 14:51:00,1,415.25,14,1,1,2,112,Others,1
15726.0,2010-11-14 16:12:00,1,321.91,389,4,1,1,411,Recent Customers,0
15727.0,2011-11-23 12:36:00,15,9445.51,16,1,3,4,134,Big Spenders,1
15728.0,2010-11-25 10:39:00,2,544.6,379,3,1,2,312,Others,0
15729.0,2011-05-11 12:36:00,3,192.55,212,3,1,1,311,Others,1
15730.0,2011-10-05 12:31:00,5,1726.58,65,2,2,3,223,Others,1
15731.0,2010-06-04 10:10:00,1,125.3,553,4,1,1,411,Recent Customers,0
15732.0,2011-05-11 14:24:00,10,1682.07,211,3,3,3,333,Others,1
15733.0,2011-03-02 09:05:00,1,162.3,282,3,1,1,311,Others,0
15734.0,2011-08-17 10:50:00,4,2263.3,114,3,2,3,323,Others,1
15735.0,2010-10-14 13:38:00,1,327.68,420,4,1,1,411,Recent Customers,0
15736.0,2010-09-30 14:20:00,2,1815.72,434,4,1,3,413,Recent Customers,0
15737.0,2011-11-25 11:21:00,8,1205.1200000000001,14,1,3,3,133,Others,1
15738.0,2011-11-21 08:26:00,41,13372.970000000001,18,1,3,4,134,Big Spenders,1
15739.0,2011-10-04 13:42:00,1,449.12,65,2,1,2,212,Others,1
15740.0,2011-10-21 14:29:00,1,154.88,48,2,1,1,211,Others,1
15741.0,2010-09-07 16:21:00,2,208.62,457,4,1,1,411,Recent Customers,0
15742.0,2010-03-30 15:25:00,1,156.87,618,4,1,1,411,Recent Customers,0
15743.0,2011-11-23 17:19:00,4,784.46,15,1,2,2,122,Others,1
15744.0,2011-09-23 09:52:00,1,34.8,77,2,1,1,211,Others,1
15745.0,2011-11-20 13:45:00,4,1094.59,18,1,2,3,123,Others,1
15746.0,2011-07-28 15:21:00,1,196.88,133,3,1,1,311,Others,1
15747.0,2011-11-27 12:26:00,9,2562.61,12,1,3,4,134,Big Spenders,1
15748.0,2011-10-30 12:51:00,3,614.76,39,2,1,2,212,Others,1
15749.0,2011-04-18 13:20:00,3,44534.3,234,3,1,4,314,Big Spenders,1
15750.0,2011-12-07 12:34:00,18,6797.191,2,1,3,4,134,Big Spenders,1
15751.0,2010-09-05 12:44:00,11,1380.44,460,4,3,3,433,Recent Customers,0
15752.0,2011-10-31 11:37:00,9,4207.54,39,2,3,4,234,Big Spenders,1
15753.0,2011-02-08 12:41:00,1,79.2,304,3,1,1,311,Others,0
15754.0,2011-10-19 14:40:00,9,3037.61,50,2,3,4,234,Big Spenders,1
15755.0,2011-11-29 14:57:00,17,5993.12,9,1,3,4,134,Big Spenders,1
15756.0,2011-10-09 13:30:00,4,532.96,60,2,2,2,222,Others,1
15757.0,2011-10-05 12:14:00,6,2940.36,65,2,2,4,224,Big Spenders,1
15758.0,2011-11-15 10:48:00,1,205.25,24,1,1,1,111,Others,1
15759.0,2011-05-05 15:13:00,7,830.9300000000001,217,3,2,2,322,Others,1
15760.0,2010-03-19 11:45:00,2,13916.34,630,4,1,4,414,Recent Customers,0
15761.0,2010-09-23 09:33:00,1,143.04999999999998,442,4,1,1,411,Recent Customers,0
15762.0,2011-10-05 16:15:00,2,583.75,64,2,1,2,212,Others,1
15763.0,2011-11-08 09:44:00,2,1086.92,31,2,1,3,213,Others,1
15764.0,2011-09-12 17:58:00,8,4503.08,87,2,3,4,234,Big Spenders,1
15765.0,2010-02-11 10:25:00,1,370.63,666,4,1,2,412,Recent Customers,0
15766.0,2011-10-06 17:03:00,3,831.0600000000001,63,2,1,2,212,Others,1
15768.0,2011-08-16 10:48:00,34,15601.09,115,3,3,4,334,Big Spenders,1
15769.0,2011-12-02 13:52:00,46,88704.32,6,1,3,4,134,Big Spenders,2
15770.0,2010-04-06 11:47:00,1,321.45,612,4,1,1,411,Recent Customers,0
15771.0,2010-04-14 13:56:00,3,1006.5400000000001,603,4,1,3,413,Recent Customers,0
15772.0,2010-10-17 13:33:00,1,280.88,417,4,1,1,411,Recent Customers,0
15773.0,2011-12-04 12:48:00,2,774.52,5,1,1,2,112,Others,1
15774.0,2011-10-02 12:04:00,6,1329.94,68,2,2,3,223,Others,1
15775.0,2011-04-08 12:56:00,2,150.5,244,3,1,1,311,Others,1
15776.0,2011-07-29 13:46:00,1,241.62,132,3,1,1,311,Others,1
15777.0,2011-04-12 16:43:00,7,1762.61,240,3,2,3,323,Others,1
15778.0,2010-10-04 15:10:00,1,307.95,430,4,1,1,411,Recent Customers,0
15779.0,2010-09-02 16:40:00,2,124.08000000000001,462,4,1,1,411,Recent Customers,0
15780.0,2011-06-09 12:01:00,3,475.28000000000003,183,3,1,2,312,Others,1
15781.0,2011-11-14 14:57:00,3,345.46,24,1,1,1,111,Others,1
15782.0,2011-11-30 10:49:00,4,4014.1,9,1,2,4,124,Big Spenders,1
15783.0,2011-11-29 09:50:00,1,246.3,10,1,1,1,111,Others,1
15784.0,2010-08-29 10:38:00,2,848.3299999999999,467,4,1,2,412,Recent Customers,0
15785.0,2011-11-07 11:33:00,16,5969.93,32,2,3,4,234,Big Spenders,1
15786.0,2011-10-24 14:13:00,5,8514.82,45,2,2,4,224,Big Spenders,1
15787.0,2011-11-13 14:55:00,3,948.05,25,1,1,3,113,Others,1
15788.0,2010-07-19 12:48:00,1,221.83,508,4,1,1,411,Recent Customers,0
15789.0,2010-12-16 14:35:00,6,1962.01,357,3,2,3,323,Others,0
15790.0,2011-11-29 14:53:00,1,220.85,9,1,1,1,111,Others,1
15791.0,2011-10-27 10:14:00,5,3608.34,43,2,2,4,224,Big Spenders,1
15792.0,2010-11-05 08:21:00,2,933.84,399,4,1,3,413,Recent Customers,0
15793.0,2011-11-25 09:31:00,8,2399.57,14,1,3,4,134,Big Spenders,1
15794.0,2009-12-03 13:04:00,2,777.0,735,4,1,2,412,Recent Customers,0
15795.0,2011-07-13 10:43:00,8,1979.8700000000001,149,3,3,3,333,Others,1
15796.0,2011-12-08 19:55:00,17,5175.83,0,1,3,4,134,Big Spenders,1
15797.0,2011-08-18 17:04:00,6,2821.08,112,3,2,4,324,Big Spenders,1
15798.0,2010-08-04 09:13:00,3,1535.37,492,4,1,3,413,Recent Customers,0
15799.0,2011-09-25 12:46:00,4,1424.29,75,2,2,3,223,Others,1
15800.0,2011-08-24 14:23:00,7,1242.58,106,3,2,3,323,Others,1
15801.0,2011-10-24 13:52:00,3,1063.95,45,2,1,3,213,Others,1
15802.0,2011-07-20 11:38:00,1,451.42,142,3,1,2,312,Others,1
15803.0,2011-10-19 14:56:00,4,1929.66,50,2,2,3,223,Others,1
15804.0,2011-12-09 12:31:00,13,4206.39,0,1,3,4,134,Big Spenders,1
15805.0,2011-11-16 16:32:00,30,10189.23,22,1,3,4,134,Big Spenders,1
15806.0,2011-10-24 14:35:00,3,784.58,45,2,1,2,212,Others,1
15807.0,2011-10-20 14:10:00,5,1817.52,49,2,2,3,223,Others,1
15808.0,2011-02-06 14:33:00,21,18409.93,305,3,3,4,334,Big Spenders,1
15809.0,2011-11-03 16:40:00,7,1274.44,35,2,2,3,223,Others,1
15810.0,2011-09-22 09:38:00,8,2999.04,78,2,3,4,234,Big Spenders,1
15811.0,2011-11-17 15:31:00,7,3890.52,21,1,2,4,124,Big Spenders,1
15812.0,2011-08-24 14:19:00,12,5201.47,106,3,3,4,334,Big Spenders,1
15813.0,2011-05-16 08:13:00,2,1303.91,207,3,1,3,313,Others,1
15814.0,2011-11-23 08:17:00,6,2634.44,16,1,2,4,124,Big Spenders,1
15815.0,2011-10-07 12:42:00,5,2100.6,63,2,2,3,223,Others,1
15816.0,2010-06-15 13:36:00,2,144.14999999999998,541,4,1,1,411,Recent Customers,0
15817.0,2010-10-15 11:07:00,3,2766.4,420,4,1,4,414,Recent Customers,0
15818.0,2010-04-30 12:58:00,1,340.5,587,4,1,1,411,Recent Customers,0
15819.0,2011-10-21 14:50:00,10,3934.79,48,2,3,4,234,Big Spenders,1
15820.0,2011-01-24 12:00:00,1,206.98,319,3,1,1,311,Others,0
15821.0,2011-10-26 15:48:00,2,570.96,43,2,1,2,212,Others,1
15822.0,2011-12-06 14:50:00,6,1840.06,2,1,2,3,123,Others,1
15823.0,2010-12-02 15:08:00,3,3897.17,371,3,1,4,314,Big Spenders,0
15824.0,2010-09-12 13:20:00,2,890.94,452,4,1,2,412,Recent Customers,0
15825.0,2011-06-20 13:27:00,1,532.94,171,3,1,2,312,Others,1
15826.0,2011-10-14 16:05:00,4,2598.28,55,2,2,4,224,Big Spenders,1
15827.0,2011-09-27 15:35:00,28,3794.07,72,2,3,4,234,Big Spenders,1
15828.0,2010-11-29 16:41:00,1,1108.82,374,3,1,3,313,Others,0
15829.0,2011-09-01 16:45:00,2,636.14,98,3,1,2,312,Others,1
15830.0,2011-11-02 10:40:00,1,576.0,37,2,1,2,212,Others,1
15831.0,2011-10-12 13:14:00,3,801.76,57,2,1,2,212,Others,1
15832.0,2011-03-30 15:29:00,1,836.79,253,3,1,2,312,Others,0
15833.0,2009-12-02 11:59:00,1,80.4,737,4,1,1,411,Recent Customers,0
15834.0,2011-09-30 14:41:00,7,3772.9900000000002,69,2,2,4,224,Big Spenders,1
15835.0,2011-10-26 15:47:00,4,954.09,43,2,2,3,223,Others,1
15836.0,2011-10-20 17:13:00,1,137.37,49,2,1,1,211,Others,1
15837.0,2011-10-06 09:01:00,2,777.01,64,2,1,2,212,Others,1
15838.0,2011-11-28 14:00:00,34,74163.0,10,1,3,4,134,Big Spenders,1
15839.0,2011-11-06 13:54:00,3,1048.49,32,2,1,3,213,Others,1
15840.0,2011-10-12 09:08:00,2,355.56,58,2,1,2,212,Others,1
15841.0,2011-09-28 12:15:00,9,2742.41,72,2,3,4,234,Big Spenders,1
15842.0,2010-11-11 14:08:00,2,548.8,392,4,1,2,412,Recent Customers,0
15843.0,2011-02-09 10:19:00,1,118.95000000000002,303,3,1,1,311,Others,0
15844.0,2011-10-24 15:19:00,1,130.73999999999998,45,2,1,1,211,Others,1
15845.0,2011-11-22 09:42:00,11,4426.28,17,1,3,4,134,Big Spenders,1
15846.0,2010-11-19 14:40:00,1,107.01,384,4,1,1,411,Recent Customers,0
15847.0,2011-11-01 14:41:00,5,822.57,37,2,2,2,222,Others,1
15848.0,2010-03-28 10:54:00,1,139.94,621,4,1,1,411,Recent Customers,0
15850.0,2011-11-20 14:14:00,6,1058.72,18,1,2,3,123,Others,1
15851.0,2010-07-01 12:34:00,1,109.72999999999999,526,4,1,1,411,Recent Customers,0
15852.0,2011-06-06 11:22:00,3,257.26,186,3,1,1,311,Others,1
15853.0,2011-10-19 10:38:00,1,110.8,51,2,1,1,211,Others,1
15854.0,2011-12-05 13:39:00,21,5583.81,3,1,3,4,134,Big Spenders,1
15855.0,2011-07-26 10:20:00,6,1052.72,136,3,2,3,323,Others,1
15856.0,2011-12-05 17:09:00,52,34220.340000000004,3,1,3,4,134,Big Spenders,1
15857.0,2011-11-21 12:18:00,2,570.48,18,1,1,2,112,Others,1
15858.0,2011-11-24 12:48:00,13,3960.37,15,1,3,4,134,Big Spenders,1
15859.0,2010-10-03 12:52:00,1,438.46,431,4,1,2,412,Recent Customers,0
15860.0,2011-10-30 11:25:00,17,2505.21,40,2,3,4,234,Big Spenders,1
15861.0,2011-11-27 15:59:00,12,4401.79,11,1,3,4,134,Big Spenders,1
15862.0,2011-12-01 13:28:00,13,2928.29,7,1,3,4,134,Big Spenders,1
15863.0,2011-11-14 12:49:00,5,358.7,25,1,2,2,122,Others,1
15864.0,2011-11-17 13:32:00,7,2180.76,21,1,2,3,123,Others,1
15865.0,2011-10-30 12:43:00,5,2248.92,40,2,2,3,223,Others,1
15866.0,2011-08-30 14:09:00,1,230.53,100,3,1,1,311,Others,1
15867.0,2011-12-04 13:32:00,31,9063.95,4,1,3,4,134,Big Spenders,1
15868.0,2010-05-05 14:11:00,1,94.53,582,4,1,1,411,Recent Customers,0
15869.0,2011-03-07 17:23:00,3,323.66,276,3,1,1,311,Others,0
15870.0,2011-11-07 10:58:00,4,862.61,32,2,2,2,222,Others,1
15871.0,2010-09-28 14:16:00,1,33.1,436,4,1,1,411,Recent Customers,0
15872.0,2011-11-25 11:55:00,4,795.68,14,1,2,2,122,Others,1
15873.0,2010-07-28 12:41:00,4,313.92,499,4,2,1,421,Recent Customers,0
15874.0,2011-10-07 12:31:00,21,11284.76,63,2,3,4,234,Big Spenders,1
15875.0,2010-03-03 16:51:00,1,111.72,645,4,1,1,411,Recent Customers,0
15876.0,2010-10-26 18:58:00,2,1449.1399999999999,408,4,1,3,413,Recent Customers,0
15877.0,2011-12-08 11:53:00,2,493.28000000000003,1,1,1,2,112,Others,1
15878.0,2010-05-27 12:17:00,2,330.77,561,4,1,1,411,Recent Customers,0
15879.0,2010-10-31 16:21:00,4,1157.3,403,4,2,3,423,Recent Customers,0
15880.0,2010-12-05 13:00:00,1,686.56,368,3,1,2,312,Others,0
15881.0,2011-01-31 16:59:00,5,501.39000000000004,311,3,2,2,322,Others,0
15882.0,2011-05-25 11:35:00,8,1495.98,198,3,3,3,333,Others,1
15883.0,2011-12-07 17:05:00,2,396.48,1,1,1,2,112,Others,1
15884.0,2010-10-03 15:55:00,2,249.70000000000002,431,4,1,1,411,Recent Customers,0
15885.0,2011-09-08 10:43:00,15,1951.82,92,2,3,3,233,Others,1
15886.0,2011-10-10 14:25:00,4,1052.8700000000001,59,2,2,3,223,Others,1
15887.0,2010-10-29 08:36:00,3,1027.15,406,4,1,3,413,Recent Customers,0
15888.0,2011-09-20 12:30:00,3,429.15999999999997,80,2,1,2,212,Others,1
15889.0,2011-07-06 11:10:00,8,1806.28,156,3,3,3,333,Others,1
15890.0,2010-11-10 12:46:00,5,535.65,394,4,2,2,422,Recent Customers,0
15891.0,2011-04-27 12:35:00,1,524.52,226,3,1,2,312,Others,1
15892.0,2010-02-08 16:23:00,1,128.2,668,4,1,1,411,Recent Customers,0
15893.0,2010-08-15 11:12:00,1,305.28000000000003,481,4,1,1,411,Recent Customers,0
15894.0,2011-03-31 13:50:00,2,420.29,252,3,1,2,312,Others,1
15895.0,2011-07-13 10:27:00,1,179.17,149,3,1,1,311,Others,1
15897.0,2011-05-29 13:50:00,2,222.05,193,3,1,1,311,Others,1
15898.0,2011-12-08 15:23:00,25,5596.31,0,1,3,4,134,Big Spenders,1
15899.0,2010-12-06 10:36:00,1,112.5,368,3,1,1,311,Others,0
15900.0,2011-11-16 12:19:00,4,900.4,23,1,2,3,123,Others,1
15901.0,2011-11-23 12:43:00,7,703.22,16,1,2,2,122,Others,1
15902.0,2010-11-24 16:57:00,1,145.01,379,3,1,1,311,Others,0
15903.0,2011-11-30 08:08:00,12,8939.84,9,1,3,4,134,Big Spenders,1
15904.0,2011-12-01 14:50:00,1,164.68,7,1,1,1,111,Others,1
15905.0,2010-06-14 16:00:00,1,114.69,542,4,1,1,411,Recent Customers,0
15906.0,2011-11-20 12:24:00,10,2555.64,19,1,3,4,134,Big Spenders,1
15907.0,2011-12-06 12:21:00,3,967.45,3,1,1,3,113,Others,1
15908.0,2010-08-06 11:56:00,2,764.57,490,4,1,2,412,Recent Customers,0
15909.0,2011-06-19 10:38:00,1,191.93999999999997,173,3,1,1,311,Others,1
15910.0,2011-12-09 10:51:00,15,2681.8,0,1,3,4,134,Big Spenders,1
15911.0,2010-03-26 12:06:00,8,1702.34,623,4,3,3,433,Recent Customers,0
15912.0,2011-06-14 14:29:00,9,1074.7,177,3,3,3,333,Others,1
15913.0,2010-06-23 16:31:00,1,6.300000000000001,533,4,1,1,411,Recent Customers,0
15914.0,2010-11-26 16:10:00,2,205.99,377,3,1,1,311,Others,0
15915.0,2010-11-03 11:13:00,1,429.21,401,4,1,2,412,Recent Customers,0
15916.0,2011-11-23 13:46:00,13,3427.17,15,1,3,4,134,Big Spenders,1
15917.0,2011-04-06 10:40:00,5,560.63,247,3,2,2,322,Others,1
15918.0,2011-06-02 11:42:00,3,582.88,190,3,1,2,312,Others,1
15919.0,2011-11-20 11:28:00,2,910.61,19,1,1,3,113,Others,1
15920.0,2011-07-08 15:31:00,9,571.64,153,3,3,2,332,Others,1
15921.0,2011-06-20 11:03:00,4,802.11,172,3,2,2,322,Others,1
15922.0,2010-12-01 13:51:00,1,739.0,372,3,1,2,312,Others,0
15923.0,2010-12-02 12:16:00,1,254.16,372,3,1,1,311,Others,0
15924.0,2009-12-08 15:00:00,1,102.82000000000001,730,4,1,1,411,Recent Customers,0
15925.0,2011-05-29 15:35:00,1,207.15,193,3,1,1,311,Others,1
15926.0,2010-06-15 15:23:00,1,134.44,541,4,1,1,411,Recent Customers,0
15927.0,2010-03-02 13:25:00,1,123.39,646,4,1,1,411,Recent Customers,0
15928.0,2010-02-21 15:16:00,1,293.53,655,4,1,1,411,Recent Customers,0
15929.0,2010-03-05 14:56:00,1,594.0,643,4,1,2,412,Recent Customers,0
15930.0,2011-10-03 14:52:00,1,426.63,66,2,1,2,212,Others,1
15931.0,2010-10-07 16:46:00,1,239.9,427,4,1,1,411,Recent Customers,0
15932.0,2011-12-05 17:13:00,8,2495.87,3,1,3,4,134,Big Spenders,1
15933.0,2011-11-18 13:14:00,3,1107.46,20,1,1,3,113,Others,1
15934.0,2010-10-18 10:13:00,2,2190.66,417,4,1,3,413,Recent Customers,0
15935.0,2011-04-14 13:27:00,2,416.86,238,3,1,2,312,Others,1
15936.0,2010-11-25 16:39:00,2,282.79,378,3,1,1,311,Others,0
15937.0,2011-10-06 15:48:00,1,145.35,63,2,1,1,211,Others,1
15938.0,2011-08-19 12:56:00,9,734.81,111,3,3,2,332,Others,1
15939.0,2011-09-11 11:30:00,16,9060.39,89,2,3,4,234,Big Spenders,1
15940.0,2011-02-01 16:18:00,1,35.8,310,3,1,1,311,Others,0
15941.0,2010-03-12 14:45:00,1,405.0,636,4,1,2,412,Recent Customers,0
15942.0,2011-07-29 09:01:00,1,337.44,133,3,1,1,311,Others,1
15943.0,2010-02-28 12:49:00,2,271.29,649,4,1,1,411,Recent Customers,0
15944.0,2011-03-08 10:33:00,4,2164.24,276,3,2,3,323,Others,0
15945.0,2010-12-09 13:14:00,4,827.27,364,3,2,2,322,Others,0
15946.0,2010-07-25 12:18:00,3,2304.18,502,4,1,3,413,Recent Customers,0
15947.0,2011-09-18 10:46:00,1,1708.24,82,2,1,3,213,Others,1
15948.0,2011-12-01 15:32:00,3,1509.0900000000001,7,1,1,3,113,Others,1
15949.0,2011-11-23 09:09:00,2,364.72,16,1,1,2,112,Others,1
15950.0,2011-11-08 11:09:00,10,7180.71,31,2,3,4,234,Big Spenders,1
15951.0,2011-12-01 08:34:00,3,1013.17,8,1,1,3,113,Others,1
15952.0,2011-11-06 11:18:00,4,806.57,33,2,2,2,222,Others,1
15953.0,2011-11-24 15:32:00,18,3669.5499999999997,14,1,3,4,134,Big Spenders,1
15954.0,2010-04-29 13:35:00,1,190.75,588,4,1,1,411,Recent Customers,0
15955.0,2011-11-15 14:15:00,22,8658.36,23,1,3,4,134,Big Spenders,1
15956.0,2010-06-06 13:06:00,2,617.6,550,4,1,2,412,Recent Customers,0
15957.0,2011-11-08 12:14:00,3,930.1,31,2,1,3,213,Others,1
15958.0,2011-09-26 13:41:00,4,492.99,73,2,2,2,222,Others,1
15959.0,2010-01-26 16:38:00,3,579.49,681,4,1,2,412,Recent Customers,0
15960.0,2010-11-30 15:57:00,4,410.95,373,3,2,2,322,Others,0
15961.0,2010-11-25 15:59:00,1,451.29,378,3,1,2,312,Others,0
15962.0,2010-09-16 13:48:00,1,295.83,448,4,1,1,411,Recent Customers,0
15963.0,2011-11-20 11:33:00,2,470.76,19,1,1,2,112,Others,1
15964.0,2010-02-14 15:30:00,1,272.96000000000004,662,4,1,1,411,Recent Customers,0
15965.0,2011-11-22 16:44:00,13,3013.09,16,1,3,4,134,Big Spenders,1
15966.0,2010-09-15 10:44:00,1,426.53000000000003,450,4,1,2,412,Recent Customers,0
15967.0,2011-11-16 15:41:00,12,3041.6,22,1,3,4,134,Big Spenders,1
15968.0,2010-11-16 13:04:00,1,418.05,387,4,1,2,412,Recent Customers,0
15969.0,2011-12-07 11:06:00,5,1127.05,2,1,2,3,123,Others,1
15970.0,2011-02-09 12:08:00,2,1017.32,303,3,1,3,313,Others,0
15971.0,2011-11-22 12:50:00,18,5902.83,17,1,3,4,134,Big Spenders,1
15972.0,2010-09-09 13:20:00,5,1810.27,455,4,2,3,423,Recent Customers,0
15973.0,2010-12-08 11:42:00,3,988.44,366,3,1,3,313,Others,0
15974.0,2011-10-31 13:13:00,7,3442.15,38,2,2,4,224,Big Spenders,1
15975.0,2011-09-16 13:33:00,1,371.01,83,2,1,2,212,Others,1
15976.0,2011-06-27 13:00:00,6,1746.6399999999999,164,3,2,3,323,Others,1
15977.0,2011-11-22 13:29:00,2,1054.73,16,1,1,3,113,Others,1
15978.0,2011-09-23 15:21:00,3,3279.42,76,2,1,4,214,Big Spenders,1
15979.0,2010-04-16 11:35:00,1,329.21999999999997,602,4,1,1,411,Recent Customers,0
15980.0,2011-09-12 09:41:00,7,6593.68,88,2,2,4,224,Big Spenders,1
15981.0,2011-11-15 08:00:00,21,9362.77,24,1,3,4,134,Big Spenders,1
15982.0,2010-04-13 15:47:00,1,324.51,604,4,1,1,411,Recent Customers,0
15983.0,2011-11-17 17:34:00,8,3958.82,21,1,3,4,134,Big Spenders,1
15984.0,2011-12-07 12:16:00,30,8759.32,2,1,3,4,134,Big Spenders,1
15985.0,2011-08-08 16:31:00,7,2715.28,122,3,2,4,324,Big Spenders,1
15986.0,2011-11-09 15:17:00,2,354.42,29,2,1,2,212,Others,1
15987.0,2011-11-27 15:38:00,8,1682.13,11,1,3,3,133,Others,1
15988.0,2011-11-20 13:23:00,3,770.09,18,1,1,2,112,Others,1
15989.0,2010-11-29 12:03:00,2,372.51,375,3,1,2,312,Others,0
15990.0,2011-10-26 15:58:00,7,2010.05,43,2,2,3,223,Others,1
15991.0,2010-06-23 15:50:00,1,150.54999999999998,533,4,1,1,411,Recent Customers,0
15992.0,2011-12-06 11:00:00,3,896.6,3,1,1,2,112,Others,1
15993.0,2011-12-01 10:45:00,7,2797.57,8,1,2,4,124,Big Spenders,1
15994.0,2011-10-16 12:28:00,3,1202.18,54,2,1,3,213,Others,1
15995.0,2010-10-21 13:57:00,1,696.19,413,4,1,2,412,Recent Customers,0
15996.0,2011-09-12 15:14:00,7,1686.9,87,2,2,3,223,Others,1
15998.0,2011-11-03 12:45:00,16,8308.34,36,2,3,4,234,Big Spenders,1
15999.0,2009-12-04 12:31:00,1,20.4,735,4,1,1,411,Recent Customers,0
16000.0,2011-12-07 12:17:00,3,12393.7,2,1,1,4,114,Big Spenders,1
16001.0,2010-11-23 17:10:00,1,583.39,380,4,1,2,412,Recent Customers,0
16002.0,2010-03-24 13:08:00,1,169.21,624,4,1,1,411,Recent Customers,0
16003.0,2011-11-10 09:57:00,10,5613.83,29,2,3,4,234,Big Spenders,1
16004.0,2010-08-22 11:48:00,5,2146.39,474,4,2,3,423,Recent Customers,0
16005.0,2011-11-27 13:47:00,10,2436.22,11,1,3,4,134,Big Spenders,1
16006.0,2011-05-12 13:12:00,2,347.17,210,3,1,1,311,Others,1
16007.0,2011-10-23 11:05:00,7,3075.14,47,2,2,4,224,Big Spenders,1
16008.0,2011-11-16 10:32:00,15,5384.13,23,1,3,4,134,Big Spenders,1
16009.0,2011-11-17 16:51:00,4,992.71,21,1,2,3,123,Others,1
16010.0,2011-04-08 10:14:00,11,1724.06,245,3,3,3,333,Others,1
16011.0,2011-12-01 16:31:00,29,5880.46,7,1,3,4,134,Big Spenders,1
16012.0,2011-11-04 13:25:00,5,2989.79,34,2,2,4,224,Big Spenders,1
16013.0,2011-12-06 10:36:00,84,57446.44,3,1,3,4,134,Big Spenders,2
16014.0,2011-11-02 12:04:00,5,1130.27,37,2,2,3,223,Others,1
16015.0,2011-12-06 10:58:00,3,705.39,3,1,1,2,112,Others,1
16016.0,2011-12-06 14:35:00,11,2533.94,2,1,3,4,134,Big Spenders,1
16017.0,2011-10-23 12:56:00,5,1553.83,46,2,2,3,223,Others,1
16018.0,2011-10-31 14:13:00,4,698.13,38,2,2,2,222,Others,1
16019.0,2011-10-24 11:51:00,27,17465.85,46,2,3,4,234,Big Spenders,1
16020.0,2011-11-23 11:18:00,3,851.01,16,1,1,2,112,Others,1
16021.0,2010-11-09 14:48:00,2,532.25,394,4,1,2,412,Recent Customers,0
16022.0,2011-03-24 13:16:00,1,628.28,259,3,1,2,312,Others,0
16023.0,2011-10-24 16:34:00,3,719.81,45,2,1,2,212,Others,1
16024.0,2011-11-27 13:26:00,3,484.2,11,1,1,2,112,Others,1
16025.0,2011-11-10 11:45:00,1,439.65999999999997,29,2,1,2,212,Others,1
16026.0,2011-10-27 13:53:00,1,236.09,42,2,1,1,211,Others,1
16027.0,2011-09-09 10:47:00,15,2048.36,91,2,3,3,233,Others,1
16028.0,2010-04-23 11:45:00,1,82.2,595,4,1,1,411,Recent Customers,0
16029.0,2011-11-01 10:27:00,107,122209.14,38,2,3,4,234,Big Spenders,2
16030.0,2011-02-03 11:28:00,1,331.24,309,3,1,1,311,Others,0
16031.0,2011-09-08 13:07:00,2,548.94,91,2,1,2,212,Others,1
16032.0,2010-09-09 18:00:00,6,1970.45,455,4,2,3,423,Recent Customers,0
16033.0,2011-12-04 12:44:00,27,10836.13,5,1,3,4,134,Big Spenders,1
16034.0,2011-05-27 16:17:00,6,928.72,195,3,2,3,323,Others,1
16035.0,2010-05-28 15:09:00,1,217.73,559,4,1,1,411,Recent Customers,0
16036.0,2011-09-13 14:53:00,4,2556.84,86,2,2,4,224,Big Spenders,1
16037.0,2011-03-15 09:13:00,5,1509.3400000000001,269,3,2,3,323,Others,0
16038.0,2011-12-02 12:40:00,3,471.78000000000003,7,1,1,2,112,Others,1
16039.0,2010-10-12 10:44:00,2,456.4,423,4,1,2,412,Recent Customers,0
16040.0,2011-10-05 13:47:00,7,2416.9,64,2,2,4,224,Big Spenders,1
16041.0,2011-11-09 12:25:00,3,3166.4,30,2,1,4,214,Big Spenders,1
16042.0,2011-11-17 17:50:00,8,2265.12,21,1,3,3,133,Others,1
16043.0,2011-11-02 12:50:00,8,1856.5900000000001,37,2,3,3,233,Others,1
16044.0,2010-09-30 18:12:00,1,340.84,434,4,1,1,411,Recent Customers,0
16045.0,2011-08-12 12:41:00,8,3434.93,119,3,3,4,334,Big Spenders,1
16046.0,2010-05-26 13:18:00,1,235.78,561,4,1,1,411,Recent Customers,0
16047.0,2010-01-26 16:34:00,1,107.14,681,4,1,1,411,Recent Customers,0
16048.0,2010-12-01 15:28:00,4,1075.23,372,3,2,3,323,Others,0
16049.0,2011-10-30 13:19:00,6,1899.68,39,2,2,3,223,Others,1
16050.0,2011-06-19 11:44:00,3,300.7,173,3,1,1,311,Others,1
16051.0,2010-01-27 09:38:00,1,188.44,681,4,1,1,411,Recent Customers,0
16052.0,2011-10-16 15:13:00,1,362.06,53,2,1,2,212,Others,1
16053.0,2011-11-07 11:21:00,6,3634.84,32,2,2,4,224,Big Spenders,1
16054.0,2011-07-17 13:08:00,4,2111.88,144,3,2,3,323,Others,1
16055.0,2011-05-03 09:26:00,1,134.8,220,3,1,1,311,Others,1
16056.0,2011-10-25 15:19:00,1,664.85,44,2,1,2,212,Others,1
16057.0,2011-11-23 15:23:00,10,3854.85,15,1,3,4,134,Big Spenders,1
16058.0,2010-10-29 16:48:00,1,62.7,405,4,1,1,411,Recent Customers,0
16059.0,2011-10-05 09:56:00,12,3217.77,65,2,3,4,234,Big Spenders,1
16060.0,2010-11-04 12:10:00,3,541.95,400,4,1,2,412,Recent Customers,0
16061.0,2010-10-04 15:29:00,1,89.65,430,4,1,1,411,Recent Customers,0
16062.0,2011-11-30 12:15:00,8,2863.45,9,1,3,4,134,Big Spenders,1
16063.0,2011-03-24 14:56:00,1,335.32,259,3,1,1,311,Others,0
16064.0,2009-12-14 16:11:00,1,111.0,724,4,1,1,411,Recent Customers,0
16065.0,2010-12-09 13:03:00,8,2382.62,364,3,3,4,334,Big Spenders,0
16066.0,2011-11-23 11:54:00,5,1521.87,16,1,2,3,123,Others,1
16067.0,2010-05-26 12:33:00,3,3395.29,562,4,1,4,414,Recent Customers,0
16068.0,2010-04-25 11:52:00,1,122.93,593,4,1,1,411,Recent Customers,0
16069.0,2010-10-18 10:32:00,1,457.7,417,4,1,2,412,Recent Customers,0
16070.0,2011-11-17 15:50:00,2,852.15,21,1,1,2,112,Others,1
16071.0,2011-10-26 11:14:00,4,1076.8,44,2,2,3,223,Others,1
16072.0,2011-02-24 14:32:00,4,4328.89,287,3,2,4,324,Big Spenders,0
16073.0,2011-02-15 15:41:00,1,122.39999999999999,296,3,1,1,311,Others,0
16074.0,2010-11-14 13:19:00,1,265.25,389,4,1,1,411,Recent Customers,0
16075.0,2010-07-25 11:31:00,2,736.9300000000001,502,4,1,2,412,Recent Customers,0
16076.0,2011-12-06 14:59:00,10,2234.73,2,1,3,3,133,Others,1
16077.0,2010-03-24 10:42:00,1,2300.4,625,4,1,3,413,Recent Customers,0
16078.0,2011-03-01 09:47:00,2,362.99,283,3,1,2,312,Others,0
16079.0,2011-11-23 12:48:00,3,1352.0,16,1,1,3,113,Others,1
16080.0,2011-09-19 10:42:00,4,602.5600000000001,81,2,2,2,222,Others,1
16081.0,2011-10-14 13:06:00,8,4460.18,55,2,3,4,234,Big Spenders,1
16082.0,2010-02-07 15:16:00,1,106.75,669,4,1,1,411,Recent Customers,0
16083.0,2011-08-31 10:47:00,4,2351.42,100,3,2,4,324,Big Spenders,1
16084.0,2011-02-13 16:05:00,1,436.18,298,3,1,2,312,Others,0
16085.0,2011-11-16 13:24:00,12,2343.53,22,1,3,4,134,Big Spenders,1
16086.0,2011-10-11 13:09:00,10,2864.9900000000002,58,2,3,4,234,Big Spenders,1
16087.0,2010-11-15 16:44:00,5,1739.92,388,4,2,3,423,Recent Customers,0
16088.0,2010-05-13 10:16:00,2,1437.43,575,4,1,3,413,Recent Customers,0
16089.0,2010-11-18 13:51:00,2,271.44,385,4,1,1,411,Recent Customers,0
16090.0,2010-03-25 13:05:00,1,205.91,623,4,1,1,411,Recent Customers,0
16091.0,2011-07-08 08:45:00,2,315.06,154,3,1,1,311,Others,1
16092.0,2011-08-17 10:46:00,6,1587.94,114,3,2,3,323,Others,1
16093.0,2011-08-25 11:09:00,1,17.0,106,3,1,1,311,Others,1
16094.0,2011-11-28 12:45:00,11,3695.56,11,1,3,4,134,Big Spenders,1
16095.0,2010-09-09 16:54:00,1,447.05,455,4,1,2,412,Recent Customers,0
16096.0,2011-03-20 13:38:00,4,1584.97,263,3,2,3,323,Others,0
16097.0,2011-04-13 13:47:00,1,185.04999999999998,239,3,1,1,311,Others,1
16098.0,2011-09-13 09:59:00,14,4448.1,87,2,3,4,234,Big Spenders,1
16099.0,2011-10-20 13:13:00,7,1573.2,49,2,2,3,223,Others,1
16100.0,2010-09-03 11:39:00,1,582.64,462,4,1,2,412,Recent Customers,0
16101.0,2011-09-30 10:18:00,4,3229.16,70,2,2,4,224,Big Spenders,1
16102.0,2011-10-28 13:19:00,3,1842.14,41,2,1,3,213,Others,1
16103.0,2011-12-02 14:16:00,22,6191.71,6,1,3,4,134,Big Spenders,1
16104.0,2011-10-09 10:23:00,9,2778.61,61,2,3,4,234,Big Spenders,1
16105.0,2011-04-05 10:13:00,5,2386.19,248,3,2,4,324,Big Spenders,1
16106.0,2011-10-05 10:37:00,1,108.38,65,2,1,1,211,Others,1
16107.0,2011-11-22 09:40:00,7,3204.1600000000003,17,1,2,4,124,Big Spenders,1
16108.0,2011-09-16 11:48:00,4,2235.92,84,2,2,3,223,Others,1
16109.0,2011-05-05 09:17:00,3,939.48,218,3,1,3,313,Others,1
16110.0,2011-10-25 14:35:00,4,1819.27,44,2,2,3,223,Others,1
16111.0,2010-10-07 19:51:00,1,562.48,427,4,1,2,412,Recent Customers,0
16112.0,2011-07-19 14:28:00,4,195.74,142,3,2,1,321,Others,1
16113.0,2011-06-09 16:16:00,1,161.38,182,3,1,1,311,Others,1
16114.0,2011-06-22 10:13:00,1,135.75000000000003,170,3,1,1,311,Others,1
16115.0,2011-11-30 11:32:00,12,2575.14,9,1,3,4,134,Big Spenders,1
16116.0,2011-05-12 12:01:00,1,612.78,211,3,1,2,312,Others,1
16117.0,2011-06-03 11:42:00,3,654.4,189,3,1,2,312,Others,1
16118.0,2010-02-25 09:40:00,1,4376.25,652,4,1,4,414,Recent Customers,0
16119.0,2011-12-01 15:11:00,8,1720.8100000000002,7,1,3,3,133,Others,1
16120.0,2011-10-11 14:22:00,6,3056.91,58,2,2,4,224,Big Spenders,1
16121.0,2011-10-13 12:59:00,5,1477.09,56,2,2,3,223,Others,1
16122.0,2011-09-27 15:34:00,6,1001.34,72,2,2,3,223,Others,1
16123.0,2011-10-19 09:18:00,1,307.78,51,2,1,1,211,Others,1
16124.0,2011-01-26 14:45:00,4,1772.49,316,3,2,3,323,Others,0
16125.0,2010-12-07 15:48:00,14,4587.65,366,3,3,4,334,Big Spenders,0
16126.0,2011-11-10 16:03:00,15,14646.800000000001,28,2,3,4,234,Big Spenders,1
16127.0,2011-10-31 13:58:00,2,801.3100000000001,38,2,1,2,212,Others,1
16128.0,2011-11-22 11:14:00,11,3801.05,17,1,3,4,134,Big Spenders,1
16129.0,2010-10-28 14:29:00,3,1396.05,406,4,1,3,413,Recent Customers,0
16130.0,2010-10-13 15:14:00,4,987.48,421,4,2,3,423,Recent Customers,0
16131.0,2011-10-19 11:53:00,12,9957.42,51,2,3,4,234,Big Spenders,1
16132.0,2010-06-13 13:49:00,2,664.1999999999999,543,4,1,2,412,Recent Customers,0
16133.0,2011-12-06 11:24:00,56,22992.260000000002,3,1,3,4,134,Big Spenders,1
16134.0,2011-11-18 10:05:00,5,2145.34,21,1,2,3,123,Others,1
16135.0,2011-03-22 12:30:00,2,819.45,262,3,1,2,312,Others,0
16136.0,2011-10-11 09:10:00,4,946.8,59,2,2,3,223,Others,1
16137.0,2010-01-28 15:04:00,1,422.7,679,4,1,2,412,Recent Customers,0
16138.0,2010-11-26 12:13:00,3,910.35,378,3,1,3,313,Others,0
16139.0,2011-11-21 08:37:00,5,1111.15,18,1,2,3,123,Others,1
16140.0,2011-10-05 12:15:00,3,1557.6000000000001,65,2,1,3,213,Others,1
16141.0,2011-09-12 13:11:00,2,955.94,87,2,1,3,213,Others,1
16142.0,2011-04-04 10:16:00,1,535.34,249,3,1,2,312,Others,1
16143.0,2011-12-06 14:13:00,12,4910.83,2,1,3,4,134,Big Spenders,1
16144.0,2011-04-07 10:09:00,1,175.2,246,3,1,1,311,Others,1
16145.0,2011-12-01 10:33:00,19,6805.4400000000005,8,1,3,4,134,Big Spenders,1
16146.0,2011-07-05 14:20:00,4,946.38,156,3,2,3,323,Others,1
16147.0,2011-07-29 09:57:00,5,2398.91,133,3,2,4,324,Big Spenders,1
16148.0,2011-02-16 14:01:00,2,386.62,295,3,1,2,312,Others,0
16149.0,2011-12-05 11:29:00,3,422.22,4,1,1,2,112,Others,1
16150.0,2011-10-28 12:39:00,10,4395.59,42,2,3,4,234,Big Spenders,1
16152.0,2011-03-16 09:47:00,1,1829.04,268,3,1,3,313,Others,0
16153.0,2011-10-21 10:50:00,11,5133.49,49,2,3,4,234,Big Spenders,1
16155.0,2010-11-23 12:03:00,5,796.9,381,4,2,2,422,Recent Customers,0
16156.0,2011-12-01 12:42:00,20,6218.18,8,1,3,4,134,Big Spenders,1
16157.0,2011-11-24 11:41:00,3,656.69,15,1,1,2,112,Others,1
16158.0,2010-07-05 13:55:00,9,628.32,521,4,3,2,432,Recent Customers,0
16159.0,2011-03-03 12:27:00,4,1232.79,281,3,2,3,323,Others,0
16160.0,2011-10-05 14:19:00,2,1025.44,64,2,1,3,213,Others,1
16161.0,2011-12-08 12:10:00,43,12831.8,1,1,3,4,134,Big Spenders,1
16162.0,2011-04-01 15:03:00,1,37.4,251,3,1,1,311,Others,0
16163.0,2011-04-21 15:15:00,6,2849.58,231,3,2,4,324,Big Spenders,1
16164.0,2011-11-22 15:04:00,3,822.48,16,1,1,2,112,Others,1
16165.0,2010-07-22 14:17:00,1,79.9,504,4,1,1,411,Recent Customers,0
16166.0,2010-10-07 15:44:00,2,435.83,427,4,1,2,412,Recent Customers,0
16167.0,2010-10-21 15:33:00,5,1386.1200000000001,413,4,2,3,423,Recent Customers,0
16168.0,2011-11-29 12:45:00,66,10636.47,10,1,3,4,134,Big Spenders,1
16169.0,2011-12-01 15:28:00,4,1822.97,7,1,2,3,123,Others,1
16170.0,2011-10-20 08:21:00,20,6869.0,50,2,3,4,234,Big Spenders,1
16171.0,2011-10-11 14:51:00,1,73.2,58,2,1,1,211,Others,1
16172.0,2011-09-05 13:22:00,8,1884.55,94,2,3,3,233,Others,1
16173.0,2011-11-24 10:53:00,6,1418.32,15,1,2,3,123,Others,1
16174.0,2011-08-05 13:26:00,7,2246.75,125,3,2,3,323,Others,1
16175.0,2011-09-06 14:32:00,7,1836.44,93,2,2,3,223,Others,1
16176.0,2010-10-14 13:54:00,4,2052.69,420,4,2,3,423,Recent Customers,0
16177.0,2011-10-20 12:57:00,8,2247.31,49,2,3,3,233,Others,1
16178.0,2011-07-24 16:05:00,2,612.6,137,3,1,2,312,Others,1
16179.0,2011-10-10 09:41:00,1,215.83,60,2,1,1,211,Others,1
16180.0,2011-08-31 16:28:00,13,16249.87,99,3,3,4,334,Big Spenders,1
16181.0,2011-09-27 13:38:00,1,305.54,72,2,1,1,211,Others,1
16182.0,2011-09-28 13:23:00,9,9971.65,71,2,3,4,234,Big Spenders,1
16183.0,2011-10-03 14:59:00,4,1077.81,66,2,2,3,223,Others,1
16184.0,2011-10-06 17:43:00,6,1158.79,63,2,2,3,223,Others,1
16185.0,2011-11-23 09:41:00,3,644.72,16,1,1,2,112,Others,1
16186.0,2011-11-17 12:43:00,26,9026.11,22,1,3,4,134,Big Spenders,1
16187.0,2011-11-08 09:50:00,15,6911.4400000000005,31,2,3,4,234,Big Spenders,1
16188.0,2011-10-26 12:19:00,5,1087.66,44,2,2,3,223,Others,1
16189.0,2011-11-24 11:47:00,2,215.48,15,1,1,1,111,Others,1
16190.0,2011-10-30 15:59:00,8,2723.55,39,2,3,4,234,Big Spenders,1
16191.0,2011-12-07 11:26:00,24,15688.02,2,1,3,4,134,Big Spenders,1
16192.0,2009-12-04 12:28:00,1,351.3,735,4,1,2,412,Recent Customers,0
16193.0,2011-04-17 11:45:00,2,630.43,236,3,1,2,312,Others,1
16194.0,2010-11-29 13:28:00,1,308.59999999999997,374,3,1,1,311,Others,0
16195.0,2009-12-16 14:09:00,1,323.25,722,4,1,1,411,Recent Customers,0
16196.0,2010-08-08 11:40:00,1,93.3,488,4,1,1,411,Recent Customers,0
16197.0,2010-08-27 12:56:00,9,2016.71,468,4,3,3,433,Recent Customers,0
16198.0,2011-09-25 14:58:00,2,1030.0410000000002,74,2,1,3,213,Others,1
16199.0,2010-11-12 12:55:00,7,942.75,391,4,2,3,423,Recent Customers,0
16200.0,2011-12-05 14:40:00,12,5643.45,3,1,3,4,134,Big Spenders,1
16201.0,2011-12-06 16:02:00,5,2112.12,2,1,2,3,123,Others,1
16202.0,2010-12-14 10:43:00,9,2501.9900000000002,360,3,3,4,334,Big Spenders,0
16203.0,2011-10-12 12:31:00,6,1114.54,58,2,2,3,223,Others,1
16204.0,2011-11-16 13:40:00,3,944.24,22,1,1,3,113,Others,1
16205.0,2011-11-09 09:32:00,7,1830.61,30,2,2,3,223,Others,1
16206.0,2011-10-16 10:41:00,13,2602.32,54,2,3,4,234,Big Spenders,1
16207.0,2011-11-14 13:51:00,1,394.38,24,1,1,2,112,Others,1
16208.0,2011-10-26 11:36:00,10,3440.45,44,2,3,4,234,Big Spenders,1
16209.0,2011-09-12 11:58:00,9,4146.78,88,2,3,4,234,Big Spenders,1
16210.0,2011-12-08 12:36:00,35,38489.51,1,1,3,4,134,Big Spenders,1
16211.0,2011-09-12 12:11:00,3,1090.59,88,2,1,3,213,Others,1
16212.0,2011-11-20 13:00:00,4,1293.71,18,1,2,3,123,Others,1
16213.0,2011-09-22 10:03:00,1,159.0,78,2,1,1,211,Others,1
16214.0,2011-06-22 11:30:00,4,2038.25,170,3,2,3,323,Others,1
16215.0,2011-09-20 10:18:00,1,242.35,80,2,1,1,211,Others,1
16216.0,2011-03-17 15:34:00,1,914.9300000000001,266,3,1,3,313,Others,0
16217.0,2011-04-18 13:31:00,2,304.25,234,3,1,1,311,Others,1
16218.0,2011-11-10 09:59:00,13,4439.97,29,2,3,4,234,Big Spenders,1
16219.0,2010-07-27 11:44:00,1,40.8,500,4,1,1,411,Recent Customers,0
16221.0,2011-11-03 11:43:00,9,2235.51,36,2,3,3,233,Others,1
16222.0,2011-01-25 13:38:00,2,1345.22,317,3,1,3,313,Others,0
16223.0,2010-11-30 11:50:00,2,1102.35,374,3,1,3,313,Others,0
16224.0,2011-10-13 17:51:00,5,1616.54,56,2,2,3,223,Others,1
16225.0,2011-10-26 08:30:00,15,2867.4100000000003,44,2,3,4,234,Big Spenders,1
16226.0,2011-05-20 14:41:00,5,672.1700000000001,202,3,2,2,322,Others,1
16227.0,2011-04-28 13:33:00,3,1027.22,224,3,1,3,313,Others,1
16228.0,2010-11-19 14:20:00,3,890.8100000000001,384,4,1,2,412,Recent Customers,0
16229.0,2011-09-13 17:16:00,6,2867.86,86,2,2,4,224,Big Spenders,1
16230.0,2011-06-03 10:06:00,2,542.03,189,3,1,2,312,Others,1
16231.0,2010-11-25 15:00:00,4,1078.22,378,3,2,3,323,Others,0
16232.0,2011-10-27 12:16:00,7,2712.97,43,2,2,4,224,Big Spenders,1
16233.0,2011-09-29 17:27:00,9,1965.71,70,2,3,3,233,Others,1
16234.0,2010-08-20 14:33:00,3,333.18,475,4,1,1,411,Recent Customers,0
16235.0,2011-10-30 10:56:00,9,2053.71,40,2,3,3,233,Others,1
16236.0,2011-09-22 14:10:00,1,432.2,77,2,1,2,212,Others,1
16237.0,2010-09-28 17:02:00,1,136.65,436,4,1,1,411,Recent Customers,0
16238.0,2010-10-13 12:36:00,1,63.66,422,4,1,1,411,Recent Customers,0
16239.0,2011-10-14 08:29:00,6,1492.2,56,2,2,3,223,Others,1
16240.0,2011-11-15 14:30:00,2,3718.8,23,1,1,4,114,Big Spenders,1
16241.0,2011-11-30 11:08:00,16,4329.31,9,1,3,4,134,Big Spenders,1
16242.0,2011-12-01 15:12:00,14,7474.4,7,1,3,4,134,Big Spenders,1
16243.0,2011-11-06 12:32:00,2,409.1,33,2,1,2,212,Others,1
16244.0,2011-05-12 10:18:00,2,2579.38,211,3,1,4,314,Big Spenders,1
16245.0,2011-11-16 10:14:00,3,1413.66,23,1,1,3,113,Others,1
16246.0,2010-09-06 12:04:00,2,827.25,459,4,1,2,412,Recent Customers,0
16247.0,2011-06-22 14:23:00,1,114.56,169,3,1,1,311,Others,1
16248.0,2011-10-09 11:32:00,1,152.94,61,2,1,1,211,Others,1
16249.0,2011-10-18 10:07:00,5,1800.07,52,2,2,3,223,Others,1
16250.0,2011-03-23 15:07:00,3,791.38,260,3,1,2,312,Others,0
16251.0,2010-07-15 14:55:00,1,128.31,511,4,1,1,411,Recent Customers,0
16252.0,2010-11-22 11:57:00,1,295.09,382,4,1,1,411,Recent Customers,0
16253.0,2011-10-04 09:09:00,7,7310.15,66,2,2,4,224,Big Spenders,1
16254.0,2010-11-26 13:22:00,3,985.14,377,3,1,3,313,Others,0
16255.0,2011-11-23 12:40:00,15,4906.8,16,1,3,4,134,Big Spenders,1
16256.0,2011-03-18 12:18:00,3,1629.3700000000001,266,3,1,3,313,Others,0
16257.0,2011-06-16 10:11:00,1,46.95,176,3,1,1,311,Others,1
16258.0,2011-10-25 13:30:00,15,11942.52,44,2,3,4,234,Big Spenders,1
16259.0,2010-10-25 14:27:00,3,361.94,409,4,1,2,412,Recent Customers,0
16260.0,2011-10-20 09:40:00,1,1035.45,50,2,1,3,213,Others,1
16261.0,2011-11-22 17:23:00,6,1059.45,16,1,2,3,123,Others,1
16262.0,2010-11-26 13:22:00,1,755.15,377,3,1,2,312,Others,0
16263.0,2010-10-12 14:52:00,1,351.01,422,4,1,2,412,Recent Customers,0
16264.0,2010-09-27 15:00:00,2,837.53,437,4,1,2,412,Recent Customers,0
16265.0,2011-11-30 16:41:00,12,6935.17,8,1,3,4,134,Big Spenders,1
16266.0,2011-09-27 12:08:00,14,1757.95,73,2,3,3,233,Others,1
16267.0,2010-04-27 14:10:00,1,186.66,590,4,1,1,411,Recent Customers,0
16268.0,2011-09-29 18:30:00,2,667.65,70,2,1,2,212,Others,1
16269.0,2010-09-28 11:50:00,1,717.57,437,4,1,2,412,Recent Customers,0
16270.0,2010-12-21 14:26:00,1,1141.24,352,3,1,3,313,Others,0
16271.0,2011-12-07 12:45:00,10,3463.02,2,1,3,4,134,Big Spenders,1
16272.0,2011-08-15 10:54:00,1,411.7,116,3,1,2,312,Others,1
16273.0,2010-03-01 13:24:00,2,336.04,647,4,1,1,411,Recent Customers,0
16274.0,2010-12-01 15:35:00,1,715.9,372,3,1,2,312,Others,0
16275.0,2011-05-27 12:41:00,3,2151.11,196,3,1,3,313,Others,1
16276.0,2011-06-16 09:34:00,3,2629.3900000000003,176,3,1,4,314,Big Spenders,1
16277.0,2009-12-06 11:27:00,1,188.69,733,4,1,1,411,Recent Customers,0
16278.0,2011-08-31 17:12:00,3,1117.84,99,3,1,3,313,Others,1
16279.0,2011-11-18 15:00:00,9,5705.08,20,1,3,4,134,Big Spenders,1
16280.0,2009-12-14 15:49:00,1,238.05,724,4,1,1,411,Recent Customers,0
16281.0,2011-09-28 14:57:00,3,3424.02,71,2,1,4,214,Big Spenders,1
16282.0,2011-01-04 11:42:00,3,1307.58,339,3,1,3,313,Others,0
16283.0,2011-12-04 12:08:00,8,4403.82,5,1,3,4,134,Big Spenders,1
16284.0,2011-11-08 16:12:00,3,1029.77,30,2,1,3,213,Others,1
16285.0,2010-03-03 16:03:00,1,176.9,645,4,1,1,411,Recent Customers,0
16286.0,2010-08-19 14:48:00,2,328.95,476,4,1,1,411,Recent Customers,0
16287.0,2011-06-23 09:08:00,5,1006.98,169,3,2,3,323,Others,1
16288.0,2010-08-26 14:45:00,1,129.85,469,4,1,1,411,Recent Customers,0
16289.0,2010-09-03 14:02:00,1,136.31,461,4,1,1,411,Recent Customers,0
16290.0,2010-09-01 11:52:00,4,2069.3,464,4,2,3,423,Recent Customers,0
16291.0,2010-01-26 16:26:00,1,117.72,681,4,1,1,411,Recent Customers,0
16292.0,2011-08-10 12:24:00,5,1253.76,121,3,2,3,323,Others,1
16293.0,2011-11-18 09:58:00,15,4657.95,21,1,3,4,134,Big Spenders,1
16294.0,2010-08-20 12:01:00,1,126.05000000000001,476,4,1,1,411,Recent Customers,0
16295.0,2011-11-30 08:17:00,4,1328.55,9,1,2,3,123,Others,1
16296.0,2010-03-23 13:11:00,4,1313.67,625,4,2,3,423,Recent Customers,0
16297.0,2011-03-16 08:29:00,1,301.9,268,3,1,1,311,Others,0
16298.0,2011-11-17 11:59:00,7,1085.7,22,1,2,3,123,Others,1
16299.0,2010-08-19 17:46:00,1,193.65,476,4,1,1,411,Recent Customers,0
16300.0,2010-10-05 13:14:00,3,1392.43,429,4,1,3,413,Recent Customers,0
16301.0,2009-12-03 10:20:00,1,107.33,736,4,1,1,411,Recent Customers,0
16302.0,2011-08-05 09:44:00,1,233.22,126,3,1,1,311,Others,1
16303.0,2011-11-14 10:49:00,7,7928.27,25,1,2,4,124,Big Spenders,1
16304.0,2010-01-14 08:30:00,1,381.66,694,4,1,2,412,Recent Customers,0
16305.0,2011-07-24 12:18:00,1,361.21999999999997,138,3,1,2,312,Others,1
16306.0,2011-05-10 12:12:00,7,1192.82,213,3,2,3,323,Others,1
16307.0,2010-10-06 14:31:00,3,1194.92,428,4,1,3,413,Recent Customers,0
16308.0,2011-11-02 11:24:00,7,5120.0,37,2,2,4,224,Big Spenders,1
16309.0,2011-08-25 15:35:00,2,706.57,105,3,1,2,312,Others,1
16310.0,2010-10-21 14:47:00,2,460.08,413,4,1,2,412,Recent Customers,0
16311.0,2011-11-22 08:54:00,2,616.26,17,1,1,2,112,Others,1
16312.0,2010-10-03 14:15:00,1,171.15,431,4,1,1,411,Recent Customers,0
16313.0,2011-12-06 13:02:00,2,274.15000000000003,2,1,1,1,111,Others,1
16314.0,2010-11-15 12:06:00,3,1491.4,389,4,1,3,413,Recent Customers,0
16315.0,2011-01-13 11:57:00,2,402.71,330,3,1,2,312,Others,0
16316.0,2011-10-06 13:48:00,13,5744.91,63,2,3,4,234,Big Spenders,1
16317.0,2011-08-12 12:46:00,5,2192.51,119,3,2,3,323,Others,1
16318.0,2011-11-04 13:05:00,1,328.15,34,2,1,1,211,Others,1
16319.0,2011-05-06 11:27:00,1,404.40000000000003,217,3,1,2,312,Others,1
16320.0,2011-06-20 15:25:00,6,5628.99,171,3,2,4,324,Big Spenders,1
16321.0,2011-09-28 14:55:00,7,604.5500000000001,71,2,2,2,222,Others,1
16322.0,2011-12-08 15:41:00,2,326.75,0,1,1,1,111,Others,1
16323.0,2011-05-27 14:48:00,2,353.66,195,3,1,2,312,Others,1
16324.0,2011-08-03 12:58:00,3,428.68,127,3,1,2,312,Others,1
16325.0,2011-10-24 08:48:00,12,3597.5,46,2,3,4,234,Big Spenders,1
16326.0,2011-12-04 10:11:00,24,4826.99,5,1,3,4,134,Big Spenders,1
16327.0,2011-11-25 13:23:00,16,10731.34,13,1,3,4,134,Big Spenders,1
16328.0,2010-05-25 14:02:00,1,310.83,562,4,1,1,411,Recent Customers,0
16329.0,2010-10-08 12:44:00,4,1703.07,427,4,2,3,423,Recent Customers,0
16330.0,2011-11-22 12:24:00,7,634.33,17,1,2,2,122,Others,1
16331.0,2010-10-03 13:47:00,6,2037.7,431,4,2,3,423,Recent Customers,0
16332.0,2011-11-11 14:22:00,11,2010.41,27,2,3,3,233,Others,1
16333.0,2011-12-02 12:19:00,22,26626.8,7,1,3,4,134,Big Spenders,1
16334.0,2010-08-04 16:38:00,1,277.48,491,4,1,1,411,Recent Customers,0
16335.0,2010-06-06 11:35:00,7,2774.0,551,4,2,4,424,Recent Customers,0
16336.0,2010-10-15 12:32:00,4,3517.69,420,4,2,4,424,Recent Customers,0
16337.0,2011-11-03 10:03:00,1,151.05,36,2,1,1,211,Others,1
16338.0,2011-07-05 13:56:00,1,214.8,156,3,1,1,311,Others,1
16339.0,2011-02-28 13:41:00,1,109.95,283,3,1,1,311,Others,0
16340.0,2011-08-24 14:53:00,3,1526.06,106,3,1,3,313,Others,1
16341.0,2011-11-15 09:12:00,7,3850.79,24,1,2,4,124,Big Spenders,1
16342.0,2011-09-25 14:36:00,4,322.41,74,2,2,1,221,Others,1
16343.0,2011-11-23 17:45:00,3,687.0699999999999,15,1,1,2,112,Others,1
16344.0,2011-07-04 15:50:00,4,842.42,157,3,2,2,322,Others,1
16345.0,2011-10-26 16:03:00,2,1198.74,43,2,1,3,213,Others,1
16346.0,2010-11-19 15:55:00,1,224.51,384,4,1,1,411,Recent Customers,0
16347.0,2011-11-28 13:14:00,11,3509.41,10,1,3,4,134,Big Spenders,1
16348.0,2011-11-07 15:44:00,8,1798.22,31,2,3,3,233,Others,1
16349.0,2011-02-22 12:40:00,1,53.5,290,3,1,1,311,Others,0
16350.0,2011-11-18 15:53:00,9,2253.89,20,1,3,3,133,Others,1
16351.0,2011-01-11 10:26:00,13,3330.0299999999997,332,3,3,4,334,Big Spenders,0
16352.0,2011-11-22 10:32:00,2,494.44,17,1,1,2,112,Others,1
16353.0,2011-12-06 12:23:00,38,9999.460000000001,3,1,3,4,134,Big Spenders,1
16354.0,2011-10-07 14:28:00,5,1129.51,62,2,2,3,223,Others,1
16355.0,2010-11-29 14:21:00,1,416.35,374,3,1,2,312,Others,0
16356.0,2011-05-26 11:51:00,6,415.87,197,3,2,2,322,Others,1
16357.0,2011-11-06 16:04:00,4,868.37,32,2,2,2,222,Others,1
16358.0,2011-12-08 15:09:00,5,2919.65,0,1,2,4,124,Big Spenders,1
16359.0,2011-12-02 17:04:00,16,2697.75,6,1,3,4,134,Big Spenders,1
16360.0,2011-12-05 12:16:00,6,3512.53,4,1,2,4,124,Big Spenders,1
16361.0,2011-11-30 12:32:00,4,896.66,9,1,2,2,122,Others,1
16362.0,2011-11-07 13:01:00,6,946.94,31,2,2,3,223,Others,1
16363.0,2011-10-17 14:14:00,1,109.36,52,2,1,1,211,Others,1
16364.0,2011-11-28 11:27:00,2,707.04,11,1,1,2,112,Others,1
16365.0,2011-11-22 11:24:00,15,3307.2,17,1,3,4,134,Big Spenders,1
16366.0,2011-11-21 08:19:00,4,1548.1299999999999,18,1,2,3,123,Others,1
16367.0,2011-11-02 13:13:00,3,1362.4,36,2,1,3,213,Others,1
16368.0,2011-12-07 13:12:00,3,640.21,1,1,1,2,112,Others,1
16369.0,2011-11-21 16:25:00,7,2664.81,17,1,2,4,124,Big Spenders,1
16370.0,2011-09-18 15:55:00,4,1320.56,81,2,2,3,223,Others,1
16371.0,2010-09-17 12:09:00,1,157.20000000000002,448,4,1,1,411,Recent Customers,0
16372.0,2011-11-06 13:08:00,5,1328.61,32,2,2,3,223,Others,1
16373.0,2010-11-22 15:50:00,2,309.49,381,4,1,1,411,Recent Customers,0
16374.0,2011-10-04 15:21:00,5,1771.45,65,2,2,3,223,Others,1
16375.0,2010-08-26 14:25:00,2,104.0,469,4,1,1,411,Recent Customers,0
16376.0,2011-12-01 11:38:00,2,987.01,8,1,1,3,113,Others,1
16377.0,2011-03-17 15:41:00,2,1308.48,266,3,1,3,313,Others,0
16378.0,2011-04-06 15:07:00,3,362.95,246,3,1,2,312,Others,1
16379.0,2011-12-05 15:38:00,4,2157.4,3,1,2,3,123,Others,1
16380.0,2011-10-09 15:40:00,1,1780.59,60,2,1,3,213,Others,1
16381.0,2010-11-09 09:56:00,2,258.7,395,4,1,1,411,Recent Customers,0
16382.0,2010-10-27 16:23:00,2,353.1,407,4,1,2,412,Recent Customers,0
16383.0,2011-09-26 12:45:00,7,2974.84,74,2,2,4,224,Big Spenders,1
16384.0,2011-09-11 11:19:00,4,1358.95,89,2,2,3,223,Others,1
16385.0,2011-10-10 13:12:00,5,1030.61,59,2,2,3,223,Others,1
16386.0,2011-11-11 12:28:00,3,1102.59,28,2,1,3,213,Others,1
16387.0,2011-01-21 11:34:00,5,918.55,322,3,2,3,323,Others,0
16388.0,2010-02-24 10:20:00,1,186.05,653,4,1,1,411,Recent Customers,0
16389.0,2011-10-17 14:41:00,4,1382.07,52,2,2,3,223,Others,1
16390.0,2010-06-21 10:11:00,3,467.5,536,4,1,2,412,Recent Customers,0
16391.0,2010-11-04 12:27:00,4,1103.61,400,4,2,3,423,Recent Customers,0
16392.0,2011-03-15 12:11:00,3,763.05,269,3,1,2,312,Others,0
16393.0,2011-12-07 12:51:00,23,5561.66,1,1,3,4,134,Big Spenders,1
16394.0,2011-10-14 09:48:00,5,1555.34,56,2,2,3,223,Others,1
16395.0,2011-10-10 12:50:00,14,3537.85,60,2,3,4,234,Big Spenders,1
16396.0,2010-08-20 14:17:00,1,137.8,475,4,1,1,411,Recent Customers,0
16397.0,2010-03-21 15:36:00,1,127.88,627,4,1,1,411,Recent Customers,0
16398.0,2011-07-08 15:16:00,2,1705.8,153,3,1,3,313,Others,1
16399.0,2011-11-20 16:12:00,3,641.82,18,1,1,2,112,Others,1
16400.0,2011-09-06 12:27:00,9,3159.44,94,2,3,4,234,Big Spenders,1
16401.0,2011-12-08 18:15:00,23,6849.15,0,1,3,4,134,Big Spenders,1
16402.0,2011-03-20 12:25:00,2,511.4,264,3,1,2,312,Others,0
16403.0,2011-01-31 13:39:00,1,177.5,311,3,1,1,311,Others,0
16404.0,2011-09-30 14:55:00,1,443.05,69,2,1,2,212,Others,1
16405.0,2011-02-10 15:24:00,2,167.25,301,3,1,1,311,Others,0
16406.0,2011-11-21 11:57:00,3,552.68,18,1,1,2,112,Others,1
16407.0,2011-11-27 11:05:00,14,2821.65,12,1,3,4,134,Big Spenders,1
16408.0,2010-04-27 14:08:00,1,231.93,590,4,1,1,411,Recent Customers,0
16409.0,2011-11-03 16:45:00,12,5709.04,35,2,3,4,234,Big Spenders,1
16410.0,2009-12-05 14:51:00,1,130.32,733,4,1,1,411,Recent Customers,0
16411.0,2011-11-20 13:23:00,4,910.1899999999999,18,1,2,3,123,Others,1
16412.0,2011-10-17 12:35:00,5,647.23,53,2,2,2,222,Others,1
16413.0,2011-10-14 12:08:00,2,528.98,56,2,1,2,212,Others,1
16414.0,2011-11-18 09:42:00,5,559.71,21,1,2,2,122,Others,1
16415.0,2011-10-26 13:35:00,3,719.44,43,2,1,2,212,Others,1
16416.0,2011-11-13 12:50:00,9,2972.88,26,2,3,4,234,Big Spenders,1
16417.0,2010-08-04 09:08:00,1,35.7,492,4,1,1,411,Recent Customers,0
16418.0,2011-10-26 12:39:00,5,1101.94,44,2,2,3,223,Others,1
16419.0,2011-08-19 12:33:00,8,1487.42,112,3,3,3,333,Others,1
16420.0,2010-11-08 15:15:00,1,75.0,395,4,1,1,411,Recent Customers,0
16421.0,2010-11-28 13:31:00,3,526.27,375,3,1,2,312,Others,0
16422.0,2011-11-22 14:00:00,109,63651.47,16,1,3,4,134,Big Spenders,2
16423.0,2011-11-15 09:21:00,1,346.12,24,1,1,1,111,Others,1
16424.0,2011-06-01 13:40:00,2,443.06,190,3,1,2,312,Others,1
16425.0,2011-02-10 14:30:00,1,302.7,301,3,1,1,311,Others,0
16426.0,2011-12-07 14:01:00,10,1908.25,1,1,3,3,133,Others,1
16427.0,2011-03-21 17:10:00,2,241.06,262,3,1,1,311,Others,0
16428.0,2010-10-22 12:22:00,3,660.28,413,4,1,2,412,Recent Customers,0
16429.0,2011-08-25 13:54:00,1,284.55,105,3,1,1,311,Others,1
16430.0,2011-10-13 14:47:00,7,1117.94,56,2,2,3,223,Others,1
16431.0,2011-05-10 14:09:00,3,642.81,212,3,1,2,312,Others,1
16432.0,2011-10-06 13:59:00,1,287.4,63,2,1,1,211,Others,1
16433.0,2011-11-11 14:09:00,2,384.52,27,2,1,2,212,Others,1
16434.0,2011-11-10 14:28:00,12,2741.74,28,2,3,4,234,Big Spenders,1
16435.0,2010-07-15 18:22:00,3,1011.57,511,4,1,3,413,Recent Customers,0
16436.0,2010-02-09 13:19:00,3,329.34,667,4,1,1,411,Recent Customers,0
16437.0,2010-11-23 16:59:00,2,301.25,380,4,1,1,411,Recent Customers,0
16438.0,2011-12-04 10:51:00,5,798.35,5,1,2,2,122,Others,1
16439.0,2009-12-17 14:22:00,1,310.70000000000005,721,4,1,1,411,Recent Customers,0
16440.0,2011-12-02 12:02:00,6,3856.9700000000003,7,1,2,4,124,Big Spenders,1
16441.0,2011-10-03 17:48:00,5,1034.43,66,2,2,3,223,Others,1
16442.0,2011-12-08 11:43:00,5,899.47,1,1,2,3,123,Others,1
16443.0,2010-07-07 11:57:00,1,162.24,520,4,1,1,411,Recent Customers,0
16444.0,2011-10-24 13:50:00,17,3656.58,45,2,3,4,234,Big Spenders,1
16445.0,2011-11-06 12:32:00,4,602.73,33,2,2,2,222,Others,1
16446.0,2011-12-09 09:15:00,2,168472.5,0,1,1,4,114,Big Spenders,2
16447.0,2011-07-27 12:45:00,3,775.14,135,3,1,2,312,Others,1
16448.0,2011-05-25 16:28:00,2,367.87,197,3,1,2,312,Others,1
16449.0,2011-05-26 10:25:00,2,707.69,197,3,1,2,312,Others,1
16450.0,2011-07-13 11:47:00,3,1505.73,149,3,1,3,313,Others,1
16451.0,2011-09-13 09:17:00,3,1013.1500000000001,87,2,1,3,213,Others,1
16452.0,2010-03-19 12:39:00,2,332.17,630,4,1,1,411,Recent Customers,0
16453.0,2010-06-27 12:46:00,2,251.71,530,4,1,1,411,Recent Customers,0
16454.0,2011-10-26 11:40:00,4,30.95,44,2,2,1,221,Others,1
16455.0,2011-10-07 12:17:00,11,4384.37,63,2,3,4,234,Big Spenders,1
16456.0,2011-09-01 13:50:00,13,6862.91,98,3,3,4,334,Big Spenders,1
16457.0,2011-05-05 13:19:00,1,208.36,217,3,1,1,311,Others,1
16458.0,2011-12-07 09:34:00,30,5715.34,2,1,3,4,134,Big Spenders,1
16459.0,2009-12-10 12:42:00,1,71.79,729,4,1,1,411,Recent Customers,0
16460.0,2011-11-11 13:46:00,3,814.72,27,2,1,2,212,Others,1
16461.0,2011-06-15 12:07:00,3,1615.22,177,3,1,3,313,Others,1
16462.0,2011-09-27 10:24:00,3,136.0,73,2,1,1,211,Others,1
16463.0,2011-11-18 14:01:00,4,1422.4,20,1,2,3,123,Others,1
16464.0,2011-11-20 12:11:00,3,1314.68,19,1,1,3,113,Others,1
16465.0,2010-10-15 09:27:00,2,746.24,420,4,1,2,412,Recent Customers,0
16466.0,2011-11-06 11:35:00,15,3838.59,33,2,3,4,234,Big Spenders,1
16467.0,2010-07-19 11:49:00,7,2869.16,508,4,2,4,424,Recent Customers,0
16468.0,2011-09-26 14:13:00,3,787.52,73,2,1,2,212,Others,1
16469.0,2011-11-16 12:25:00,5,828.91,23,1,2,2,122,Others,1
16470.0,2011-10-19 12:11:00,11,2458.6,51,2,3,4,234,Big Spenders,1
16471.0,2011-03-10 09:41:00,4,1189.98,274,3,2,3,323,Others,0
16472.0,2010-10-01 13:56:00,2,789.6,433,4,1,2,412,Recent Customers,0
16473.0,2011-06-28 09:10:00,4,470.83,164,3,2,2,322,Others,1
16474.0,2011-12-02 13:02:00,7,1871.5,6,1,2,3,123,Others,1
16475.0,2011-09-12 14:37:00,4,544.3,87,2,2,2,222,Others,1
16476.0,2010-10-04 10:29:00,1,350.35,431,4,1,2,412,Recent Customers,0
16477.0,2011-10-07 09:44:00,11,4320.02,63,2,3,4,234,Big Spenders,1
16478.0,2011-11-14 15:51:00,3,331.0,24,1,1,1,111,Others,1
16479.0,2011-11-29 13:40:00,2,300.83,9,1,1,1,111,Others,1
16480.0,2011-09-25 11:40:00,1,769.29,75,2,1,2,212,Others,1
16481.0,2010-01-26 13:09:00,1,453.38,681,4,1,2,412,Recent Customers,0
16482.0,2011-11-24 12:33:00,1,220.62,15,1,1,1,111,Others,1
16483.0,2011-05-31 13:08:00,1,139.35,191,3,1,1,311,Others,1
16484.0,2011-06-19 12:06:00,2,404.3,173,3,1,2,312,Others,1
16485.0,2011-09-23 15:50:00,5,2294.68,76,2,2,3,223,Others,1
16486.0,2010-06-20 12:16:00,1,134.36,537,4,1,1,411,Recent Customers,0
16487.0,2010-05-11 13:38:00,2,209.4,576,4,1,1,411,Recent Customers,0
16488.0,2011-11-06 13:42:00,3,498.8,32,2,1,2,212,Others,1
16489.0,2010-11-24 14:40:00,2,303.7,379,3,1,1,311,Others,0
16490.0,2010-09-29 16:30:00,1,205.41000000000003,435,4,1,1,411,Recent Customers,0
16491.0,2011-10-24 10:18:00,2,1533.16,46,2,1,3,213,Others,1
16492.0,2010-06-17 08:20:00,1,385.56,540,4,1,2,412,Recent Customers,0
16493.0,2011-09-21 11:10:00,7,2132.09,79,2,2,3,223,Others,1
16494.0,2011-02-16 12:49:00,1,826.53,296,3,1,2,312,Others,0
16495.0,2011-12-06 13:20:00,3,684.41,2,1,1,2,112,Others,1
16496.0,2011-12-01 10:31:00,6,2330.77,8,1,2,4,124,Big Spenders,1
16497.0,2011-10-21 10:55:00,23,6695.28,49,2,3,4,234,Big Spenders,1
16498.0,2011-07-01 15:07:00,2,100.97,160,3,1,1,311,Others,1
16499.0,2010-12-14 13:31:00,8,2578.34,359,3,3,4,334,Big Spenders,0
16500.0,2011-12-05 12:04:00,9,843.91,4,1,3,2,132,Others,1
16501.0,2010-11-21 14:10:00,1,1237.23,382,4,1,3,413,Recent Customers,0
16502.0,2010-03-29 13:44:00,2,266.5,619,4,1,1,411,Recent Customers,0
16503.0,2011-08-25 11:46:00,11,3614.34,106,3,3,4,334,Big Spenders,1
16504.0,2011-11-14 15:18:00,1,484.38,24,1,1,2,112,Others,1
16505.0,2011-11-08 12:14:00,1,777.6,31,2,1,2,212,Others,1
16506.0,2011-11-20 12:17:00,2,90.30000000000001,19,1,1,1,111,Others,1
16507.0,2010-05-16 12:56:00,1,152.76,571,4,1,1,411,Recent Customers,0
16508.0,2010-03-19 13:41:00,1,248.8,629,4,1,1,411,Recent Customers,0
16509.0,2011-02-16 09:25:00,1,363.7,296,3,1,2,312,Others,0
16510.0,2010-12-02 13:39:00,6,2100.0,371,3,2,3,323,Others,0
16511.0,2011-11-18 10:41:00,6,1819.02,21,1,2,3,123,Others,1
16513.0,2011-12-05 10:18:00,4,874.59,4,1,2,2,122,Others,1
16515.0,2011-10-18 13:10:00,10,3216.3,51,2,3,4,234,Big Spenders,1
16516.0,2011-11-09 14:59:00,1,101.7,29,2,1,1,211,Others,1
16517.0,2011-03-07 13:50:00,1,162.7,276,3,1,1,311,Others,0
16518.0,2011-10-09 15:04:00,4,959.37,60,2,2,3,223,Others,1
16519.0,2011-11-14 15:41:00,4,556.26,24,1,2,2,122,Others,1
16520.0,2011-06-06 13:24:00,6,2482.62,185,3,2,4,324,Big Spenders,1
16521.0,2010-10-20 13:09:00,3,1148.01,414,4,1,3,413,Recent Customers,0
16522.0,2010-09-30 10:54:00,2,433.36,435,4,1,2,412,Recent Customers,0
16523.0,2011-12-08 09:06:00,28,11916.33,1,1,3,4,134,Big Spenders,1
16524.0,2010-09-19 13:37:00,2,308.14,445,4,1,1,411,Recent Customers,0
16525.0,2011-12-07 15:07:00,48,24582.64,1,1,3,4,134,Big Spenders,1
16526.0,2011-06-21 12:02:00,2,717.21,171,3,1,2,312,Others,1
16527.0,2011-09-19 16:21:00,2,1272.44,80,2,1,3,213,Others,1
16528.0,2011-12-06 12:45:00,1,244.41,3,1,1,1,111,Others,1
16529.0,2011-06-02 17:23:00,4,2012.0,189,3,2,3,323,Others,1
16530.0,2010-02-09 15:30:00,1,48.349999999999994,667,4,1,1,411,Recent Customers,0
16531.0,2011-11-17 16:29:00,11,2298.33,21,1,3,3,133,Others,1
16532.0,2011-11-22 11:08:00,5,8756.64,17,1,2,4,124,Big Spenders,1
16533.0,2011-11-20 13:08:00,3,1095.56,18,1,1,3,113,Others,1
16534.0,2010-03-07 15:47:00,1,635.9,641,4,1,2,412,Recent Customers,0
16535.0,2011-12-04 15:18:00,3,1001.59,4,1,1,3,113,Others,1
16536.0,2011-08-21 15:54:00,1,548.97,109,3,1,2,312,Others,1
16537.0,2010-03-08 13:41:00,1,23.35,640,4,1,1,411,Recent Customers,0
16538.0,2010-06-16 16:59:00,3,399.62,540,4,1,2,412,Recent Customers,0
16539.0,2011-12-07 08:41:00,10,3732.01,2,1,3,4,134,Big Spenders,1
16540.0,2010-10-21 17:22:00,1,226.70000000000002,413,4,1,1,411,Recent Customers,0
16541.0,2009-12-04 13:22:00,1,424.03,734,4,1,2,412,Recent Customers,0
16542.0,2011-10-17 10:47:00,2,257.32,53,2,1,1,211,Others,1
16543.0,2010-04-27 11:38:00,1,292.21,591,4,1,1,411,Recent Customers,0
16544.0,2010-07-08 11:11:00,4,376.70000000000005,519,4,2,2,422,Recent Customers,0
16545.0,2011-06-28 10:37:00,2,689.82,164,3,1,2,312,Others,1
16546.0,2011-02-22 11:20:00,5,5606.47,290,3,2,4,324,Big Spenders,0
16547.0,2010-06-11 13:02:00,1,111.71,545,4,1,1,411,Recent Customers,0
16548.0,2010-04-19 16:15:00,1,30.15,598,4,1,1,411,Recent Customers,0
16549.0,2011-11-29 15:06:00,34,13182.19,9,1,3,4,134,Big Spenders,1
16550.0,2011-08-23 11:12:00,18,9435.13,108,3,3,4,334,Big Spenders,1
16551.0,2011-09-05 09:38:00,7,2237.12,95,2,2,3,223,Others,1
16552.0,2011-04-11 10:04:00,2,475.02000000000004,242,3,1,2,312,Others,1
16553.0,2011-06-29 15:42:00,33,16644.01,162,3,3,4,334,Big Spenders,1
16554.0,2011-10-28 14:51:00,8,2841.72,41,2,3,4,234,Big Spenders,1
16555.0,2011-11-04 14:31:00,6,1915.68,34,2,2,3,223,Others,1
16556.0,2011-10-04 11:36:00,17,8012.58,66,2,3,4,234,Big Spenders,1
16557.0,2011-11-15 14:04:00,2,281.85,23,1,1,1,111,Others,1
16558.0,2011-12-09 10:20:00,38,13873.51,0,1,3,4,134,Big Spenders,1
16559.0,2010-11-07 13:52:00,1,185.20000000000002,396,4,1,1,411,Recent Customers,0
16560.0,2011-11-13 10:35:00,8,3048.38,26,2,3,4,234,Big Spenders,1
16561.0,2011-12-04 11:50:00,2,511.12,5,1,1,2,112,Others,1
16562.0,2010-08-20 11:45:00,1,223.85999999999999,476,4,1,1,411,Recent Customers,0
16563.0,2011-10-17 11:51:00,6,4422.76,53,2,2,4,224,Big Spenders,1
16564.0,2010-05-19 14:41:00,1,87.8,568,4,1,1,411,Recent Customers,0
16565.0,2010-12-10 15:21:00,4,773.05,363,3,2,2,322,Others,0
16566.0,2011-11-24 16:34:00,5,614.66,14,1,2,2,122,Others,1
16567.0,2011-05-29 13:57:00,2,865.6,193,3,1,2,312,Others,1
16568.0,2010-10-08 10:54:00,2,1020.9000000000001,427,4,1,3,413,Recent Customers,0
16569.0,2011-12-06 15:32:00,5,1455.23,2,1,2,3,123,Others,1
16570.0,2011-11-24 17:02:00,20,7434.31,14,1,3,4,134,Big Spenders,1
16571.0,2011-11-13 11:46:00,10,4248.74,26,2,3,4,234,Big Spenders,1
16572.0,2011-08-04 16:34:00,3,1009.6,126,3,1,3,313,Others,1
16573.0,2011-09-16 09:13:00,2,663.61,84,2,1,2,212,Others,1
16574.0,2011-09-29 13:39:00,3,1301.78,70,2,1,3,213,Others,1
16576.0,2010-10-15 13:37:00,2,540.87,419,4,1,2,412,Recent Customers,0
16577.0,2010-02-11 09:45:00,1,380.0,666,4,1,2,412,Recent Customers,0
16578.0,2010-03-23 15:11:00,1,156.6,625,4,1,1,411,Recent Customers,0
16579.0,2010-10-10 11:58:00,1,295.05,425,4,1,1,411,Recent Customers,0
16581.0,2011-06-10 10:05:00,1,105.84,182,3,1,1,311,Others,1
16582.0,2011-08-18 17:02:00,1,313.62,112,3,1,1,311,Others,1
16583.0,2010-12-01 12:03:00,2,531.4,373,3,1,2,312,Others,0
16584.0,2011-09-20 13:45:00,5,3163.67,79,2,2,4,224,Big Spenders,1
16585.0,2010-04-25 10:34:00,2,341.59,593,4,1,1,411,Recent Customers,0
16586.0,2011-04-05 09:32:00,3,1462.78,248,3,1,3,313,Others,1
16587.0,2011-04-21 15:51:00,1,225.15,231,3,1,1,311,Others,1
16588.0,2010-11-18 17:56:00,4,1361.28,385,4,2,3,423,Recent Customers,0
16589.0,2011-09-29 14:50:00,4,612.36,70,2,2,2,222,Others,1
16590.0,2010-11-04 09:06:00,2,605.9,400,4,1,2,412,Recent Customers,0
16591.0,2011-10-02 10:43:00,1,213.5,68,2,1,1,211,Others,1
16592.0,2011-12-05 13:49:00,28,7807.91,3,1,3,4,134,Big Spenders,1
16593.0,2011-10-20 12:41:00,8,1071.1399999999999,50,2,3,3,233,Others,1
16594.0,2011-09-25 14:08:00,1,181.09,74,2,1,1,211,Others,1
16595.0,2011-10-09 13:15:00,5,1810.18,60,2,2,3,223,Others,1
16596.0,2011-11-24 10:02:00,4,579.63,15,1,2,2,122,Others,1
16597.0,2011-12-05 15:44:00,1,90.04,3,1,1,1,111,Others,1
16598.0,2011-02-27 11:42:00,1,145.04999999999998,285,3,1,1,311,Others,0
16599.0,2010-11-19 12:45:00,1,172.8,385,4,1,1,411,Recent Customers,0
16600.0,2011-12-05 16:00:00,13,2153.41,3,1,3,3,133,Others,1
16601.0,2011-10-30 11:09:00,3,684.25,40,2,1,2,212,Others,1
16602.0,2011-11-03 15:54:00,2,763.33,35,2,1,2,212,Others,1
16603.0,2011-09-26 10:06:00,2,482.47,74,2,1,2,212,Others,1
16604.0,2010-05-26 09:10:00,2,432.45,562,4,1,2,412,Recent Customers,0
16605.0,2009-12-15 19:03:00,1,60.48,723,4,1,1,411,Recent Customers,0
16606.0,2010-10-31 13:57:00,2,357.66,403,4,1,2,412,Recent Customers,0
16607.0,2011-11-22 10:24:00,25,5706.87,17,1,3,4,134,Big Spenders,1
16608.0,2010-09-12 11:44:00,2,1288.72,453,4,1,3,413,Recent Customers,0
16609.0,2011-11-24 13:32:00,7,5493.46,14,1,2,4,124,Big Spenders,1
16610.0,2011-05-04 13:13:00,1,75.66,218,3,1,1,311,Others,1
16611.0,2011-06-06 15:46:00,6,1785.13,185,3,2,3,323,Others,1
16612.0,2011-11-07 07:38:00,9,3245.43,32,2,3,4,234,Big Spenders,1
16613.0,2011-09-30 15:52:00,1,618.59,69,2,1,2,212,Others,1
16614.0,2011-06-10 11:36:00,3,1179.79,182,3,1,3,313,Others,1
16615.0,2010-03-23 15:13:00,1,291.5,625,4,1,1,411,Recent Customers,0
16616.0,2011-11-24 16:31:00,2,500.42,14,1,1,2,112,Others,1
16617.0,2011-04-18 10:35:00,1,151.85,235,3,1,1,311,Others,1
16618.0,2011-11-08 13:52:00,5,2647.59,30,2,2,4,224,Big Spenders,1
16619.0,2011-03-21 08:18:00,4,1938.33,263,3,2,3,323,Others,0
16620.0,2011-12-06 12:19:00,6,1758.93,3,1,2,3,123,Others,1
16621.0,2011-10-19 11:38:00,4,813.48,51,2,2,2,222,Others,1
16622.0,2010-06-14 10:44:00,1,225.4,543,4,1,1,411,Recent Customers,0
16623.0,2011-04-08 10:09:00,4,1015.24,245,3,2,3,323,Others,1
16624.0,2011-09-20 12:39:00,2,810.5699999999999,80,2,1,2,212,Others,1
16625.0,2011-03-10 12:50:00,5,1654.03,274,3,2,3,323,Others,0
16626.0,2011-12-09 11:56:00,17,4413.1,0,1,3,4,134,Big Spenders,1
16627.0,2011-09-21 14:38:00,1,322.8,78,2,1,1,211,Others,1
16628.0,2011-11-10 12:45:00,7,2318.1,29,2,2,4,224,Big Spenders,1
16629.0,2011-09-27 10:34:00,2,417.73,73,2,1,2,212,Others,1
16630.0,2010-10-28 14:30:00,1,106.80000000000001,406,4,1,1,411,Recent Customers,0
16631.0,2010-08-15 11:20:00,7,1892.52,481,4,2,3,423,Recent Customers,0
16632.0,2010-08-11 11:39:00,2,406.4,485,4,1,2,412,Recent Customers,0
16633.0,2011-11-22 13:41:00,6,2883.1,16,1,2,4,124,Big Spenders,1
16634.0,2011-05-01 12:09:00,6,1814.61,222,3,2,3,323,Others,1
16635.0,2010-10-29 09:41:00,1,473.0,406,4,1,2,412,Recent Customers,0
16636.0,2010-09-27 13:13:00,4,3802.04,437,4,2,4,424,Recent Customers,0
16637.0,2011-11-07 13:17:00,4,1154.47,31,2,2,3,223,Others,1
16638.0,2011-11-17 11:09:00,15,2430.53,22,1,3,4,134,Big Spenders,1
16639.0,2011-11-08 13:20:00,4,1747.98,30,2,2,3,223,Others,1
16640.0,2010-11-07 10:48:00,1,179.4,397,4,1,1,411,Recent Customers,0
16641.0,2011-08-26 12:49:00,2,554.5,105,3,1,2,312,Others,1
16642.0,2011-12-05 11:31:00,3,1077.45,4,1,1,3,113,Others,1
16643.0,2011-04-08 08:24:00,2,923.11,245,3,1,3,313,Others,1
16644.0,2011-06-15 12:39:00,2,833.78,177,3,1,2,312,Others,1
16645.0,2009-12-04 09:49:00,1,160.39,735,4,1,1,411,Recent Customers,0
16646.0,2010-09-16 13:28:00,1,678.8,448,4,1,2,412,Recent Customers,0
16647.0,2011-06-23 11:47:00,4,541.9,169,3,2,2,322,Others,1
16648.0,2011-10-28 08:58:00,3,672.8,42,2,1,2,212,Others,1
16649.0,2010-07-07 15:41:00,1,306.58,519,4,1,1,411,Recent Customers,0
16650.0,2011-09-29 09:51:00,7,1916.11,71,2,2,3,223,Others,1
16651.0,2010-05-02 11:46:00,1,136.2,586,4,1,1,411,Recent Customers,0
16652.0,2011-10-12 09:38:00,16,17550.39,58,2,3,4,234,Big Spenders,1
16653.0,2011-11-23 14:51:00,2,1212.66,15,1,1,3,113,Others,1
16654.0,2011-07-21 15:23:00,8,1711.47,140,3,3,3,333,Others,1
16655.0,2011-11-22 11:25:00,13,6548.37,17,1,3,4,134,Big Spenders,1
16656.0,2011-11-17 14:43:00,30,16833.170000000002,21,1,3,4,134,Big Spenders,1
16657.0,2011-11-30 11:48:00,4,933.62,9,1,2,3,123,Others,1
16658.0,2010-12-06 13:47:00,6,814.07,367,3,2,2,322,Others,0
16659.0,2011-06-03 15:03:00,1,39.12,188,3,1,1,311,Others,1
16660.0,2011-11-23 14:53:00,7,1879.55,15,1,2,3,123,Others,1
16661.0,2010-06-17 15:24:00,4,986.63,539,4,2,3,423,Recent Customers,0
16662.0,2010-11-10 16:56:00,1,163.8,393,4,1,1,411,Recent Customers,0
16663.0,2009-12-10 13:12:00,1,165.0,728,4,1,1,411,Recent Customers,0
16664.0,2010-05-19 17:11:00,1,109.2,568,4,1,1,411,Recent Customers,0
16665.0,2010-12-12 14:03:00,1,135.4,361,3,1,1,311,Others,0
16666.0,2011-11-20 14:01:00,2,225.94,18,1,1,1,111,Others,1
16667.0,2011-10-02 15:26:00,2,570.13,67,2,1,2,212,Others,1
16668.0,2011-11-24 17:43:00,13,862.42,14,1,3,2,132,Others,1
16669.0,2011-11-16 12:26:00,3,1374.8700000000001,23,1,1,3,113,Others,1
16670.0,2011-11-23 09:34:00,20,8030.150000000001,16,1,3,4,134,Big Spenders,1
16671.0,2011-11-11 13:40:00,3,1692.27,27,2,1,3,213,Others,1
16672.0,2011-12-07 16:29:00,20,8134.94,1,1,3,4,134,Big Spenders,1
16673.0,2010-01-29 14:22:00,1,188.83,678,4,1,1,411,Recent Customers,0
16674.0,2011-10-16 11:31:00,2,319.61,54,2,1,1,211,Others,1
16675.0,2010-09-24 12:15:00,2,608.86,441,4,1,2,412,Recent Customers,0
16676.0,2011-11-06 12:01:00,6,2361.9,33,2,2,4,224,Big Spenders,1
16677.0,2010-10-24 14:53:00,2,880.62,410,4,1,2,412,Recent Customers,0
16678.0,2011-12-07 12:17:00,12,3109.99,2,1,3,4,134,Big Spenders,1
16679.0,2010-12-08 13:51:00,3,793.06,365,3,1,2,312,Others,0
16680.0,2011-10-27 17:35:00,3,821.45,42,2,1,2,212,Others,1
16681.0,2011-09-28 11:11:00,7,1921.84,72,2,2,3,223,Others,1
16682.0,2011-12-05 12:13:00,5,1028.0,4,1,2,3,123,Others,1
16683.0,2010-06-24 10:36:00,1,320.25,533,4,1,1,411,Recent Customers,0
16684.0,2011-12-05 14:06:00,55,147142.77,3,1,3,4,134,Big Spenders,2
16685.0,2011-10-09 13:58:00,2,324.24,60,2,1,1,211,Others,1
16686.0,2011-10-23 13:49:00,16,5070.92,46,2,3,4,234,Big Spenders,1
16687.0,2010-11-14 11:46:00,1,157.63,390,4,1,1,411,Recent Customers,0
16688.0,2011-12-08 15:24:00,4,1260.86,0,1,2,3,123,Others,1
16689.0,2011-09-25 11:39:00,2,422.59999999999997,75,2,1,2,212,Others,1
16690.0,2011-09-28 15:02:00,4,353.03,71,2,2,2,222,Others,1
16691.0,2010-10-17 15:03:00,2,178.83,417,4,1,1,411,Recent Customers,0
16692.0,2011-03-28 14:46:00,4,1914.6999999999998,255,3,2,3,323,Others,1
16693.0,2011-10-02 11:10:00,5,1199.46,68,2,2,3,223,Others,1
16694.0,2009-12-16 15:45:00,1,98.30000000000001,722,4,1,1,411,Recent Customers,0
16695.0,2010-05-27 12:36:00,2,193.15,561,4,1,1,411,Recent Customers,0
16696.0,2011-07-27 14:23:00,4,657.9000000000001,134,3,2,2,322,Others,1
16697.0,2011-04-12 17:12:00,1,112.75,240,3,1,1,311,Others,1
16698.0,2011-04-27 10:52:00,2,1998.0,226,3,1,3,313,Others,1
16699.0,2010-11-24 14:38:00,7,994.6,379,3,2,3,323,Others,0
16700.0,2011-12-01 11:00:00,25,9167.710000000001,8,1,3,4,134,Big Spenders,1
16701.0,2011-12-01 11:10:00,26,9916.73,8,1,3,4,134,Big Spenders,1
16702.0,2010-10-20 14:10:00,4,1110.83,414,4,2,3,423,Recent Customers,0
16704.0,2010-03-31 14:02:00,2,695.66,617,4,1,2,412,Recent Customers,0
16705.0,2011-12-09 12:08:00,42,43515.051,0,1,3,4,134,Big Spenders,1
16706.0,2011-11-02 13:50:00,3,531.35,36,2,1,2,212,Others,1
16707.0,2010-11-04 14:39:00,4,551.11,399,4,2,2,422,Recent Customers,0
16708.0,2011-10-25 12:20:00,1,656.63,45,2,1,2,212,Others,1
16709.0,2011-09-16 10:56:00,14,9087.460000000001,84,2,3,4,234,Big Spenders,1
16710.0,2011-11-20 14:50:00,22,6349.09,18,1,3,4,134,Big Spenders,1
16711.0,2011-12-06 16:32:00,9,2868.48,2,1,3,4,134,Big Spenders,1
16712.0,2011-11-30 13:48:00,13,4266.99,8,1,3,4,134,Big Spenders,1
16713.0,2011-11-21 12:36:00,32,14560.69,18,1,3,4,134,Big Spenders,1
16714.0,2011-05-05 11:09:00,4,1529.8,218,3,2,3,323,Others,1
16715.0,2011-09-22 18:15:00,2,625.52,77,2,1,2,212,Others,1
16716.0,2011-03-18 10:03:00,3,2149.6800000000003,266,3,1,3,313,Others,0
16717.0,2011-11-16 12:16:00,14,6986.2300000000005,23,1,3,4,134,Big Spenders,1
16718.0,2010-12-05 13:03:00,5,3647.53,368,3,2,4,324,Big Spenders,0
16719.0,2011-11-25 09:27:00,14,3973.3,14,1,3,4,134,Big Spenders,1
16720.0,2011-11-13 16:22:00,3,795.48,25,1,1,2,112,Others,1
16721.0,2011-03-22 16:08:00,1,292.47,261,3,1,1,311,Others,0
16722.0,2011-11-22 13:28:00,22,8989.08,16,1,3,4,134,Big Spenders,1
16723.0,2011-09-09 13:01:00,4,1301.6299999999999,90,2,2,3,223,Others,1
16724.0,2010-10-31 11:40:00,1,147.35,404,4,1,1,411,Recent Customers,0
16725.0,2011-02-10 16:52:00,14,1882.1100000000001,301,3,3,3,333,Others,0
16726.0,2011-11-13 14:53:00,7,2088.41,25,1,2,3,123,Others,1
16727.0,2010-12-10 13:48:00,4,1437.42,363,3,2,3,323,Others,0
16728.0,2011-10-24 14:36:00,4,1054.67,45,2,2,3,223,Others,1
16729.0,2011-11-01 14:29:00,21,7239.92,37,2,3,4,234,Big Spenders,1
16730.0,2011-10-18 14:11:00,3,743.11,51,2,1,2,212,Others,1
16731.0,2010-03-01 15:05:00,1,174.05,647,4,1,1,411,Recent Customers,0
16732.0,2011-11-08 09:54:00,4,4387.64,31,2,2,4,224,Big Spenders,1
16733.0,2010-06-28 10:12:00,1,259.68,529,4,1,1,411,Recent Customers,0
16734.0,2011-10-18 13:44:00,3,650.51,51,2,1,2,212,Others,1
16735.0,2011-09-22 11:49:00,14,6270.56,78,2,3,4,234,Big Spenders,1
16736.0,2010-07-22 10:09:00,5,2956.56,505,4,2,4,424,Recent Customers,0
16737.0,2011-10-17 13:03:00,2,835.1999999999999,52,2,1,2,212,Others,1
16738.0,2011-02-15 09:46:00,1,3.75,297,3,1,1,311,Others,0
16739.0,2011-06-16 09:17:00,2,786.43,176,3,1,2,312,Others,1
16740.0,2010-11-09 13:34:00,1,236.81,394,4,1,1,411,Recent Customers,0
16741.0,2010-03-24 15:15:00,1,173.06,624,4,1,1,411,Recent Customers,0
16742.0,2011-10-24 12:02:00,14,2852.61,46,2,3,4,234,Big Spenders,1
16743.0,2011-11-10 13:13:00,14,4253.26,28,2,3,4,234,Big Spenders,1
16744.0,2011-11-28 13:06:00,7,1304.76,10,1,2,3,123,Others,1
16745.0,2011-09-14 11:58:00,17,7194.3,86,2,3,4,234,Big Spenders,1
16746.0,2011-12-05 12:33:00,42,18066.4,4,1,3,4,134,Big Spenders,1
16747.0,2011-11-02 11:37:00,2,836.06,37,2,1,2,212,Others,1
16748.0,2011-11-22 10:17:00,14,3637.33,17,1,3,4,134,Big Spenders,1
16749.0,2010-04-27 13:06:00,2,4387.08,590,4,1,4,414,Recent Customers,0
16750.0,2011-10-26 12:48:00,5,623.93,44,2,2,2,222,Others,1
16751.0,2011-11-09 10:48:00,1,1764.72,30,2,1,3,213,Others,1
16752.0,2010-12-02 12:18:00,1,415.0,372,3,1,2,312,Others,0
16753.0,2011-10-12 13:14:00,1,223.92000000000002,57,2,1,1,211,Others,1
16754.0,2010-12-02 17:38:00,29,67502.47,371,3,3,4,334,Big Spenders,1
16755.0,2011-08-17 13:21:00,7,2900.58,113,3,2,4,324,Big Spenders,1
16756.0,2011-05-09 09:33:00,7,1312.3700000000001,214,3,2,3,323,Others,1
16757.0,2011-01-25 11:59:00,2,270.48,318,3,1,1,311,Others,0
16758.0,2011-10-05 14:47:00,1,369.34,64,2,1,2,212,Others,1
16759.0,2011-12-02 12:42:00,3,789.79,7,1,1,2,112,Others,1
16760.0,2010-10-05 15:55:00,1,228.0,429,4,1,1,411,Recent Customers,0
16761.0,2011-09-04 11:15:00,1,316.62,96,3,1,1,311,Others,1
16762.0,2011-11-20 11:43:00,3,1501.38,19,1,1,3,113,Others,1
16763.0,2011-05-25 11:52:00,2,964.6999999999999,198,3,1,3,313,Others,1
16764.0,2011-12-06 11:41:00,13,2799.25,3,1,3,4,134,Big Spenders,1
16765.0,2011-02-18 15:41:00,2,454.75,293,3,1,2,312,Others,0
16766.0,2011-03-11 15:22:00,2,1145.6,272,3,1,3,313,Others,0
16767.0,2011-11-09 09:42:00,15,8073.8,30,2,3,4,234,Big Spenders,1
16768.0,2011-10-23 10:38:00,9,1708.12,47,2,3,3,233,Others,1
16769.0,2011-03-24 13:41:00,4,1141.75,259,3,2,3,323,Others,1
16770.0,2011-10-13 12:21:00,9,1932.13,57,2,3,3,233,Others,1
16771.0,2011-11-06 13:28:00,10,3967.6,32,2,3,4,234,Big Spenders,1
16772.0,2010-10-12 13:19:00,3,3723.55,422,4,1,4,414,Recent Customers,0
16773.0,2011-10-13 14:37:00,3,421.24,56,2,1,2,212,Others,1
16774.0,2011-10-03 12:41:00,8,1594.45,67,2,3,3,233,Others,1
16775.0,2011-11-29 15:22:00,16,3056.89,9,1,3,4,134,Big Spenders,1
16776.0,2011-10-10 13:04:00,2,619.85,59,2,1,2,212,Others,1
16777.0,2011-09-20 13:41:00,5,1307.76,79,2,2,3,223,Others,1
16778.0,2011-09-26 13:48:00,2,245.94,73,2,1,1,211,Others,1
16779.0,2011-12-07 14:54:00,53,33268.24,1,1,3,4,134,Big Spenders,1
16780.0,2011-08-31 16:09:00,3,605.55,99,3,1,2,312,Others,1
16781.0,2010-12-02 14:26:00,2,934.25,371,3,1,3,313,Others,0
16782.0,2011-11-29 13:20:00,38,10438.41,9,1,3,4,134,Big Spenders,1
16783.0,2010-09-29 11:53:00,1,391.95,436,4,1,2,412,Recent Customers,0
16784.0,2011-11-20 12:20:00,5,896.53,19,1,2,2,122,Others,1
16785.0,2010-10-26 10:36:00,1,533.78,409,4,1,2,412,Recent Customers,0
16786.0,2010-11-11 08:25:00,1,51.839999999999996,393,4,1,1,411,Recent Customers,0
16787.0,2010-11-07 11:01:00,4,1035.43,397,4,2,3,423,Recent Customers,0
16788.0,2011-08-08 14:53:00,5,1950.3,122,3,2,3,323,Others,1
16789.0,2011-12-01 15:12:00,1,80.8,7,1,1,1,111,Others,1
16790.0,2011-12-06 11:53:00,6,1545.6200000000001,3,1,2,3,123,Others,1
16791.0,2011-11-10 19:12:00,15,4038.69,28,2,3,4,234,Big Spenders,1
16792.0,2011-03-02 14:41:00,5,623.46,281,3,2,2,322,Others,0
16793.0,2011-10-13 15:08:00,1,243.84,56,2,1,1,211,Others,1
16794.0,2011-12-08 17:54:00,15,2090.91,0,1,3,3,133,Others,1
16795.0,2010-12-09 14:08:00,3,2492.39,364,3,1,4,314,Big Spenders,0
16796.0,2011-09-11 14:01:00,1,305.62,88,2,1,1,211,Others,1
16797.0,2010-11-11 19:14:00,5,1827.77,392,4,2,3,423,Recent Customers,0
16798.0,2010-06-03 19:01:00,3,848.71,553,4,1,2,412,Recent Customers,0
16799.0,2010-10-03 14:28:00,2,495.98,431,4,1,2,412,Recent Customers,0
16800.0,2011-11-28 14:06:00,1,1201.49,10,1,1,3,113,Others,1
16801.0,2011-06-29 15:33:00,4,1619.73,162,3,2,3,323,Others,1
16802.0,2010-01-29 13:44:00,2,582.61,678,4,1,2,412,Recent Customers,0
16803.0,2011-10-05 14:28:00,1,332.3,64,2,1,1,211,Others,1
16804.0,2011-11-16 16:43:00,3,536.99,22,1,1,2,112,Others,1
16805.0,2011-06-19 11:23:00,5,1097.24,173,3,2,3,323,Others,1
16806.0,2011-08-28 15:27:00,4,801.49,102,3,2,2,322,Others,1
16807.0,2011-07-20 12:00:00,6,2123.88,142,3,2,3,323,Others,1
16808.0,2011-09-01 19:34:00,2,288.42,98,3,1,1,311,Others,1
16809.0,2011-11-16 15:45:00,9,1727.43,22,1,3,3,133,Others,1
16810.0,2011-05-31 15:32:00,2,842.0400000000001,191,3,1,2,312,Others,1
16811.0,2011-12-05 11:39:00,2,547.07,4,1,1,2,112,Others,1
16812.0,2010-12-14 12:35:00,4,2392.0,360,3,2,4,324,Big Spenders,0
16813.0,2011-12-01 14:03:00,10,1692.98,7,1,3,3,133,Others,1
16814.0,2011-11-25 13:27:00,36,12499.710000000001,13,1,3,4,134,Big Spenders,1
16815.0,2010-09-12 10:59:00,2,410.97,453,4,1,2,412,Recent Customers,0
16816.0,2011-08-28 14:16:00,4,417.06,102,3,2,2,322,Others,1
16817.0,2011-12-07 11:03:00,13,2804.9,2,1,3,4,134,Big Spenders,1
16818.0,2011-11-29 10:41:00,11,3349.57,10,1,3,4,134,Big Spenders,1
16819.0,2010-08-31 17:37:00,2,182.59,464,4,1,1,411,Recent Customers,0
16820.0,2011-09-05 12:06:00,1,497.61,95,2,1,2,212,Others,1
16821.0,2010-11-23 10:04:00,1,113.35,381,4,1,1,411,Recent Customers,0
16822.0,2010-01-22 14:22:00,1,181.39,685,4,1,1,411,Recent Customers,0
16823.0,2011-04-26 15:00:00,7,2260.09,226,3,2,3,323,Others,1
16824.0,2011-11-24 12:38:00,3,686.24,15,1,1,2,112,Others,1
16825.0,2011-11-01 11:51:00,5,1826.89,38,2,2,3,223,Others,1
16826.0,2011-10-19 14:05:00,1,341.7,50,2,1,1,211,Others,1
16827.0,2010-11-11 14:04:00,5,392.13,392,4,2,2,422,Recent Customers,0
16828.0,2011-09-07 15:10:00,2,128.5,92,2,1,1,211,Others,1
16829.0,2011-07-06 10:48:00,2,513.32,156,3,1,2,312,Others,1
16830.0,2011-11-01 11:35:00,4,1207.5,38,2,2,3,223,Others,1
16831.0,2010-05-24 09:08:00,1,91.8,564,4,1,1,411,Recent Customers,0
16832.0,2011-06-08 15:36:00,5,417.61,183,3,2,2,322,Others,1
16833.0,2011-12-08 14:39:00,6,2409.04,0,1,2,4,124,Big Spenders,1
16834.0,2011-04-26 09:37:00,2,898.96,227,3,1,3,313,Others,1
16835.0,2011-08-03 13:50:00,6,1538.41,127,3,2,3,323,Others,1
16836.0,2011-10-31 10:05:00,4,782.37,39,2,2,2,222,Others,1
16837.0,2011-11-08 14:27:00,11,3170.98,30,2,3,4,234,Big Spenders,1
16838.0,2011-05-26 13:13:00,4,1159.61,196,3,2,3,323,Others,1
16839.0,2011-12-01 09:03:00,44,22310.49,8,1,3,4,134,Big Spenders,1
16840.0,2010-04-15 15:48:00,2,139.85,602,4,1,1,411,Recent Customers,0
16841.0,2011-11-03 11:51:00,12,4006.06,36,2,3,4,234,Big Spenders,1
16842.0,2011-08-31 10:42:00,3,1264.19,100,3,1,3,313,Others,1
16843.0,2011-10-28 09:06:00,35,19571.43,42,2,3,4,234,Big Spenders,1
16844.0,2010-05-26 10:29:00,2,614.34,562,4,1,2,412,Recent Customers,0
16845.0,2010-03-31 13:09:00,1,253.88,617,4,1,1,411,Recent Customers,0
16846.0,2011-10-20 13:55:00,3,842.41,49,2,1,2,212,Others,1
16847.0,2011-10-27 13:29:00,2,614.89,42,2,1,2,212,Others,1
16848.0,2011-10-18 08:42:00,4,1411.62,52,2,2,3,223,Others,1
16849.0,2011-06-06 09:16:00,1,124.57,186,3,1,1,311,Others,1
16850.0,2011-01-10 11:09:00,1,332.41,333,3,1,1,311,Others,0
16851.0,2011-12-05 13:32:00,3,342.45,3,1,1,1,111,Others,1
16852.0,2011-11-29 13:22:00,2,144.91,9,1,1,1,111,Others,1
16854.0,2010-10-18 16:31:00,2,1408.96,416,4,1,3,413,Recent Customers,0
16855.0,2011-11-16 12:03:00,2,328.4,23,1,1,1,111,Others,1
16856.0,2011-11-25 08:59:00,3,358.49,14,1,1,2,112,Others,1
16857.0,2010-09-23 10:49:00,1,352.8,442,4,1,2,412,Recent Customers,0
16858.0,2010-12-06 09:52:00,10,4668.28,368,3,3,4,334,Big Spenders,0
16859.0,2011-07-18 12:19:00,7,1932.41,144,3,2,3,323,Others,1
16860.0,2010-09-13 10:05:00,3,1610.62,452,4,1,3,413,Recent Customers,0
16861.0,2011-10-11 09:05:00,5,946.59,59,2,2,3,223,Others,1
16862.0,2010-06-10 13:05:00,4,662.33,546,4,2,2,422,Recent Customers,0
16863.0,2011-11-08 15:26:00,3,998.52,30,2,1,3,213,Others,1
16864.0,2010-10-01 16:16:00,2,409.25,433,4,1,2,412,Recent Customers,0
16865.0,2010-11-03 11:34:00,1,130.95,401,4,1,1,411,Recent Customers,0
16866.0,2011-07-22 10:06:00,3,207.73999999999998,140,3,1,1,311,Others,1
16867.0,2010-01-19 09:11:00,1,76.74000000000001,689,4,1,1,411,Recent Customers,0
16868.0,2010-11-10 13:17:00,3,393.39,393,4,1,2,412,Recent Customers,0
16869.0,2011-11-17 12:02:00,4,825.42,22,1,2,2,122,Others,1
16870.0,2010-08-27 13:53:00,1,450.15999999999997,468,4,1,2,412,Recent Customers,0
16871.0,2011-11-17 19:27:00,6,2812.34,21,1,2,4,124,Big Spenders,1
16872.0,2011-09-23 16:05:00,6,1213.13,76,2,2,3,223,Others,1
16873.0,2011-12-05 12:05:00,12,14617.39,4,1,3,4,134,Big Spenders,1
16874.0,2010-11-25 13:08:00,1,217.74,378,3,1,1,311,Others,0
16875.0,2011-10-03 13:39:00,11,4234.53,66,2,3,4,234,Big Spenders,1
16876.0,2010-11-01 11:59:00,1,136.01,403,4,1,1,411,Recent Customers,0
16877.0,2011-11-27 13:47:00,6,853.72,11,1,2,2,122,Others,1
16878.0,2011-09-16 17:39:00,1,13.3,83,2,1,1,211,Others,1
16880.0,2011-11-09 11:33:00,8,1840.86,30,2,3,3,233,Others,1
16881.0,2011-10-04 10:33:00,1,432.0,66,2,1,2,212,Others,1
16882.0,2011-10-04 10:42:00,3,705.12,66,2,1,2,212,Others,1
16883.0,2011-06-05 12:51:00,19,2396.59,186,3,3,4,334,Big Spenders,1
16884.0,2011-11-02 11:52:00,4,1073.92,37,2,2,3,223,Others,1
16885.0,2011-11-24 13:40:00,4,710.74,14,1,2,2,122,Others,1
16886.0,2010-09-09 15:08:00,1,134.0,455,4,1,1,411,Recent Customers,0
16887.0,2011-11-04 14:07:00,3,660.72,34,2,1,2,212,Others,1
16888.0,2010-11-04 12:39:00,3,437.15,400,4,1,2,412,Recent Customers,0
16889.0,2011-05-29 11:05:00,6,2530.9,194,3,2,4,324,Big Spenders,1
16890.0,2010-08-20 11:23:00,3,285.41,476,4,1,1,411,Recent Customers,0
16891.0,2011-12-08 11:15:00,11,2056.82,1,1,3,3,133,Others,1
16892.0,2011-12-08 13:18:00,7,762.1,0,1,2,2,122,Others,1
16893.0,2010-12-08 12:06:00,2,401.77,366,3,1,2,312,Others,0
16894.0,2010-07-25 15:43:00,3,1324.06,501,4,1,3,413,Recent Customers,0
16895.0,2011-10-06 12:15:00,5,1121.42,64,2,2,3,223,Others,1
16896.0,2010-06-02 15:40:00,1,103.95,554,4,1,1,411,Recent Customers,0
16897.0,2011-02-13 15:02:00,2,289.78000000000003,298,3,1,1,311,Others,0
16898.0,2011-11-13 15:44:00,5,1016.37,25,1,2,3,123,Others,1
16899.0,2011-12-02 12:03:00,8,1721.02,7,1,3,3,133,Others,1
16900.0,2011-11-23 10:32:00,3,887.11,16,1,1,2,112,Others,1
16901.0,2009-12-10 16:30:00,1,204.26,728,4,1,1,411,Recent Customers,0
16902.0,2011-08-15 14:17:00,1,1706.88,115,3,1,3,313,Others,1
16903.0,2011-11-10 15:32:00,3,1062.28,28,2,1,3,213,Others,1
16904.0,2011-12-05 13:10:00,21,5132.37,3,1,3,4,134,Big Spenders,1
16905.0,2011-12-04 14:01:00,17,5034.15,4,1,3,4,134,Big Spenders,1
16906.0,2011-09-19 11:49:00,7,1448.8,81,2,2,3,223,Others,1
16907.0,2011-11-10 18:04:00,9,1707.9,28,2,3,3,233,Others,1
16908.0,2009-12-17 13:35:00,1,252.59,721,4,1,1,411,Recent Customers,0
16909.0,2011-09-28 16:45:00,1,379.14,71,2,1,2,212,Others,1
16910.0,2011-12-05 12:51:00,8,1510.06,3,1,3,3,133,Others,1
16911.0,2010-03-14 12:18:00,2,255.25,635,4,1,1,411,Recent Customers,0
16912.0,2011-11-11 12:18:00,15,4480.31,28,2,3,4,234,Big Spenders,1
16913.0,2011-02-22 12:56:00,3,423.90999999999997,289,3,1,2,312,Others,0
16914.0,2011-11-03 15:27:00,1,208.46,35,2,1,1,211,Others,1
16915.0,2011-11-30 16:39:00,11,1543.18,8,1,3,3,133,Others,1
16916.0,2011-11-16 12:08:00,4,1123.4,23,1,2,3,123,Others,1
16917.0,2011-03-08 11:55:00,2,1857.83,276,3,1,3,313,Others,0
16918.0,2011-10-21 12:50:00,16,3213.29,49,2,3,4,234,Big Spenders,1
16919.0,2011-07-06 13:35:00,24,5125.91,155,3,3,4,334,Big Spenders,1
16920.0,2010-10-24 14:07:00,1,355.45,410,4,1,2,412,Recent Customers,0
16921.0,2011-10-09 16:22:00,3,446.67,60,2,1,2,212,Others,1
16922.0,2010-05-16 11:24:00,1,611.08,572,4,1,2,412,Recent Customers,0
16923.0,2011-11-27 13:00:00,32,13378.36,11,1,3,4,134,Big Spenders,1
16924.0,2011-11-18 12:53:00,3,846.75,20,1,1,2,112,Others,1
16925.0,2010-06-17 15:03:00,1,125.65,539,4,1,1,411,Recent Customers,0
16926.0,2010-12-03 13:42:00,5,1421.35,370,3,2,3,323,Others,0
16927.0,2011-08-16 11:10:00,3,543.05,115,3,1,2,312,Others,1
16928.0,2011-09-20 15:10:00,29,4113.23,79,2,3,4,234,Big Spenders,1
16929.0,2011-12-06 08:37:00,7,1295.39,3,1,2,3,123,Others,1
16930.0,2011-11-13 16:13:00,3,380.55,25,1,1,2,112,Others,1
16931.0,2011-12-04 13:15:00,23,5233.62,4,1,3,4,134,Big Spenders,1
16932.0,2011-10-17 14:12:00,3,440.71,52,2,1,2,212,Others,1
16933.0,2011-12-08 12:54:00,9,3181.25,0,1,3,4,134,Big Spenders,1
16934.0,2011-10-16 12:40:00,6,2110.9900000000002,54,2,2,3,223,Others,1
16935.0,2010-11-23 09:16:00,3,535.1,381,4,1,2,412,Recent Customers,0
16936.0,2011-11-14 11:04:00,2,551.17,25,1,1,2,112,Others,1
16937.0,2010-07-28 17:56:00,1,202.1,498,4,1,1,411,Recent Customers,0
16938.0,2011-12-01 10:20:00,9,7043.18,8,1,3,4,134,Big Spenders,1
16939.0,2010-08-08 12:24:00,3,449.0,488,4,1,2,412,Recent Customers,0
16940.0,2011-10-18 13:15:00,8,6427.66,51,2,3,4,234,Big Spenders,1
16941.0,2010-04-07 11:13:00,1,33.0,611,4,1,1,411,Recent Customers,0
16942.0,2011-11-27 12:40:00,9,1920.59,12,1,3,3,133,Others,1
16943.0,2011-05-12 11:57:00,5,1299.49,211,3,2,3,323,Others,1
16944.0,2010-04-09 11:03:00,1,101.36,609,4,1,1,411,Recent Customers,0
16945.0,2011-11-18 11:39:00,33,8548.16,21,1,3,4,134,Big Spenders,1
16946.0,2010-11-21 14:06:00,5,1222.04,382,4,2,3,423,Recent Customers,0
16947.0,2011-04-18 09:38:00,5,955.21,235,3,2,3,323,Others,1
16948.0,2011-07-24 12:46:00,7,868.77,138,3,2,2,322,Others,1
16949.0,2011-12-06 11:07:00,6,1286.27,3,1,2,3,123,Others,1
16950.0,2011-10-14 09:06:00,10,3784.37,56,2,3,4,234,Big Spenders,1
16951.0,2011-07-28 12:05:00,3,1277.75,134,3,1,3,313,Others,1
16952.0,2011-08-22 13:03:00,5,798.78,108,3,2,2,322,Others,1
16953.0,2011-11-09 15:54:00,1,20.8,29,2,1,1,211,Others,1
16954.0,2011-12-09 09:46:00,20,6081.88,0,1,3,4,134,Big Spenders,1
16955.0,2011-06-08 10:36:00,6,1309.41,184,3,2,3,323,Others,1
16956.0,2011-11-22 08:56:00,1,308.74,17,1,1,1,111,Others,1
16957.0,2011-04-14 13:56:00,2,416.64,238,3,1,2,312,Others,1
16958.0,2010-09-30 14:25:00,1,809.44,434,4,1,2,412,Recent Customers,0
16959.0,2011-09-13 15:03:00,1,117.35000000000001,86,2,1,1,211,Others,1
16960.0,2011-11-01 11:35:00,8,2043.43,38,2,3,3,233,Others,1
16961.0,2011-08-15 13:46:00,3,794.56,115,3,1,2,312,Others,1
16962.0,2010-10-26 11:36:00,1,251.04,409,4,1,1,411,Recent Customers,0
16963.0,2011-06-05 13:48:00,1,110.55000000000001,186,3,1,1,311,Others,1
16964.0,2009-12-06 12:53:00,2,207.85,732,4,1,1,411,Recent Customers,0
16965.0,2011-04-27 12:08:00,1,201.19,226,3,1,1,311,Others,1
16966.0,2011-12-01 13:40:00,7,2154.97,7,1,2,3,123,Others,1
16967.0,2011-06-03 14:24:00,1,319.02,188,3,1,1,311,Others,1
16968.0,2011-12-05 15:02:00,2,439.43,3,1,1,2,112,Others,1
16969.0,2011-10-31 13:12:00,3,650.41,38,2,1,2,212,Others,1
16970.0,2010-03-23 13:50:00,1,71.4,625,4,1,1,411,Recent Customers,0
16971.0,2011-11-01 15:06:00,1,357.21,37,2,1,2,212,Others,1
16972.0,2010-11-22 10:59:00,2,786.25,382,4,1,2,412,Recent Customers,0
16973.0,2010-11-18 13:56:00,1,127.0,385,4,1,1,411,Recent Customers,0
16974.0,2010-07-05 10:18:00,2,365.5,522,4,1,2,412,Recent Customers,0
16975.0,2010-10-12 17:53:00,3,926.12,422,4,1,3,413,Recent Customers,0
16976.0,2011-03-17 16:33:00,1,251.51999999999998,266,3,1,1,311,Others,0
16977.0,2010-11-09 13:17:00,4,496.0,394,4,2,2,422,Recent Customers,0
16978.0,2011-09-23 12:50:00,3,768.88,77,2,1,2,212,Others,1
16979.0,2011-12-06 12:21:00,9,2859.74,3,1,3,4,134,Big Spenders,1
16980.0,2011-03-29 16:36:00,3,1473.3300000000002,254,3,1,3,313,Others,1
16982.0,2011-10-10 12:28:00,1,384.06,60,2,1,2,212,Others,1
16983.0,2011-11-27 12:10:00,11,3710.22,12,1,3,4,134,Big Spenders,1
16984.0,2011-09-12 13:43:00,9,10754.8,87,2,3,4,234,Big Spenders,1
16985.0,2011-11-22 13:33:00,23,10923.16,16,1,3,4,134,Big Spenders,1
16986.0,2011-11-10 11:55:00,11,4888.75,29,2,3,4,234,Big Spenders,1
16987.0,2011-12-06 17:26:00,11,2535.9,2,1,3,4,134,Big Spenders,1
16988.0,2011-12-04 16:02:00,2,382.67,4,1,1,2,112,Others,1
16989.0,2011-12-02 16:39:00,6,1133.25,6,1,2,3,123,Others,1
16990.0,2011-05-05 08:30:00,2,344.0,218,3,1,1,311,Others,1
16991.0,2010-10-14 14:08:00,1,1041.21,420,4,1,3,413,Recent Customers,0
16992.0,2011-11-29 11:50:00,13,5476.5,10,1,3,4,134,Big Spenders,1
16993.0,2010-09-02 12:16:00,2,1950.95,463,4,1,3,413,Recent Customers,0
16996.0,2011-11-09 16:43:00,9,2123.61,29,2,3,3,233,Others,1
16997.0,2011-02-24 17:28:00,3,702.0,287,3,1,2,312,Others,0
16998.0,2011-07-13 09:44:00,5,402.0,149,3,2,2,322,Others,1
16999.0,2011-11-16 13:53:00,2,484.82,22,1,1,2,112,Others,1
17000.0,2010-11-08 13:35:00,2,406.3,395,4,1,2,412,Recent Customers,0
17001.0,2011-12-09 09:38:00,19,6640.8,0,1,3,4,134,Big Spenders,1
17002.0,2011-09-15 12:40:00,7,2571.55,85,2,2,4,224,Big Spenders,1
17003.0,2010-11-02 13:15:00,4,830.16,401,4,2,2,422,Recent Customers,0
17004.0,2011-10-24 14:25:00,4,2425.16,45,2,2,4,224,Big Spenders,1
17005.0,2010-08-26 10:57:00,2,742.36,470,4,1,2,412,Recent Customers,0
17006.0,2011-12-05 12:09:00,8,1636.32,4,1,3,3,133,Others,1
17007.0,2011-10-20 10:47:00,7,1120.1,50,2,2,3,223,Others,1
17008.0,2010-10-06 15:19:00,1,81.36,428,4,1,1,411,Recent Customers,0
17009.0,2010-06-06 16:01:00,1,242.06,550,4,1,1,411,Recent Customers,0
17010.0,2011-11-21 14:49:00,1,195.36,17,1,1,1,111,Others,1
17011.0,2011-11-09 13:30:00,3,671.7,29,2,1,2,212,Others,1
17012.0,2009-12-14 17:34:00,1,384.16,724,4,1,2,412,Recent Customers,0
17014.0,2011-12-01 14:09:00,3,586.33,7,1,1,2,112,Others,1
17015.0,2011-11-11 10:45:00,3,1842.56,28,2,1,3,213,Others,1
17016.0,2010-05-12 12:32:00,1,552.4,576,4,1,2,412,Recent Customers,0
17017.0,2011-12-07 09:32:00,29,14110.609999999999,2,1,3,4,134,Big Spenders,1
17018.0,2011-10-30 11:42:00,6,2287.7,40,2,2,3,223,Others,1
17019.0,2011-11-28 13:06:00,11,4012.2,10,1,3,4,134,Big Spenders,1
17020.0,2010-06-15 13:06:00,2,935.62,541,4,1,3,413,Recent Customers,0
17021.0,2010-09-23 20:01:00,6,1182.22,441,4,2,3,423,Recent Customers,0
17022.0,2011-11-08 17:09:00,2,260.0,30,2,1,1,211,Others,1
17023.0,2010-10-18 15:37:00,3,800.18,416,4,1,2,412,Recent Customers,0
17024.0,2011-10-25 13:47:00,3,95.85,44,2,1,1,211,Others,1
17025.0,2011-10-10 09:06:00,5,1510.64,60,2,2,3,223,Others,1
17026.0,2011-06-07 14:28:00,3,208.98,184,3,1,1,311,Others,1
17027.0,2011-09-22 12:24:00,9,1327.11,78,2,3,3,233,Others,1
17028.0,2010-05-07 15:33:00,3,1593.83,580,4,1,3,413,Recent Customers,0
17029.0,2011-08-21 11:06:00,7,2137.3,110,3,2,3,323,Others,1
17030.0,2011-10-07 08:49:00,1,146.87,63,2,1,1,211,Others,1
17031.0,2011-11-28 10:23:00,6,2773.85,11,1,2,4,124,Big Spenders,1
17032.0,2010-06-10 12:16:00,8,3004.6,547,4,3,4,434,Recent Customers,0
17033.0,2011-09-14 14:34:00,4,1332.79,85,2,2,3,223,Others,1
17034.0,2011-11-23 15:14:00,5,1283.92,15,1,2,3,123,Others,1
17035.0,2011-04-08 11:23:00,4,613.59,245,3,2,2,322,Others,1
17036.0,2010-11-21 14:26:00,1,176.9,382,4,1,1,411,Recent Customers,0
17037.0,2011-09-13 12:49:00,1,1267.32,87,2,1,3,213,Others,1
17038.0,2011-11-09 13:50:00,2,743.17,29,2,1,2,212,Others,1
17039.0,2010-04-14 12:56:00,1,1954.99,603,4,1,3,413,Recent Customers,0
17040.0,2011-07-25 10:19:00,2,463.25,137,3,1,2,312,Others,1
17041.0,2011-11-13 11:21:00,6,1686.28,26,2,2,3,223,Others,1
17042.0,2011-12-07 12:26:00,5,1044.3799999999999,2,1,2,3,123,Others,1
17043.0,2011-11-07 15:33:00,8,2616.55,31,2,3,4,234,Big Spenders,1
17044.0,2011-11-14 14:28:00,12,11962.300000000001,24,1,3,4,134,Big Spenders,1
17045.0,2011-08-18 17:09:00,5,827.6800000000001,112,3,2,2,322,Others,1
17046.0,2011-07-05 14:24:00,5,1906.07,156,3,2,3,323,Others,1
17047.0,2011-09-15 13:27:00,6,2289.23,84,2,2,3,223,Others,1
17048.0,2011-08-14 11:49:00,7,2071.68,117,3,2,3,323,Others,1
17049.0,2011-12-07 10:48:00,19,9947.48,2,1,3,4,134,Big Spenders,1
17050.0,2011-09-04 13:48:00,11,4691.79,95,2,3,4,234,Big Spenders,1
17051.0,2011-05-29 14:13:00,4,714.39,193,3,2,2,322,Others,1
17052.0,2011-11-11 14:50:00,1,413.75,27,2,1,2,212,Others,1
17053.0,2011-08-01 10:23:00,1,498.48,130,3,1,2,312,Others,1
17054.0,2011-11-11 12:56:00,5,1356.33,27,2,2,3,223,Others,1
17055.0,2010-09-20 12:21:00,1,239.55,445,4,1,1,411,Recent Customers,0
17056.0,2009-12-01 12:55:00,1,128.6,737,4,1,1,411,Recent Customers,0
17057.0,2010-04-22 19:21:00,1,294.74,595,4,1,1,411,Recent Customers,0
17058.0,2011-09-19 10:13:00,3,1179.89,81,2,1,3,213,Others,1
17059.0,2011-11-10 12:27:00,9,5602.53,29,2,3,4,234,Big Spenders,1
17060.0,2011-03-18 13:27:00,1,234.24,265,3,1,1,311,Others,0
17061.0,2011-09-27 11:24:00,11,5232.2300000000005,73,2,3,4,234,Big Spenders,1
17062.0,2011-01-30 11:01:00,6,1208.22,313,3,2,3,323,Others,0
17063.0,2011-11-18 16:19:00,13,3638.53,20,1,3,4,134,Big Spenders,1
17064.0,2011-10-12 10:18:00,3,859.35,58,2,1,2,212,Others,1
17065.0,2010-03-12 11:41:00,2,194.7,637,4,1,1,411,Recent Customers,0
17066.0,2009-12-13 13:24:00,1,228.34,725,4,1,1,411,Recent Customers,0
17067.0,2009-12-15 08:39:00,3,454.54,724,4,1,2,412,Recent Customers,0
17068.0,2011-11-27 13:14:00,47,9161.08,11,1,3,4,134,Big Spenders,1
17069.0,2011-11-11 17:13:00,14,5794.28,27,2,3,4,234,Big Spenders,1
17070.0,2011-08-17 17:01:00,2,445.32,113,3,1,2,312,Others,1
17071.0,2011-11-11 16:31:00,13,3801.2000000000003,27,2,3,4,234,Big Spenders,1
17072.0,2010-03-24 16:33:00,1,282.05,624,4,1,1,411,Recent Customers,0
17073.0,2011-11-22 11:47:00,4,1446.09,17,1,2,3,123,Others,1
17074.0,2010-05-26 12:04:00,1,203.05,562,4,1,1,411,Recent Customers,0
17075.0,2011-11-22 11:58:00,10,2241.73,17,1,3,3,133,Others,1
17076.0,2011-11-03 17:53:00,6,1242.75,35,2,2,3,223,Others,1
17077.0,2010-05-10 16:36:00,1,306.0,577,4,1,1,411,Recent Customers,0
17078.0,2011-11-03 19:17:00,2,378.2,35,2,1,2,212,Others,1
17079.0,2011-09-22 15:34:00,1,118.80000000000001,77,2,1,1,211,Others,1
17080.0,2011-11-17 12:59:00,7,957.53,21,1,2,3,123,Others,1
17081.0,2011-11-14 12:56:00,6,964.39,24,1,2,3,123,Others,1
17082.0,2011-11-06 15:17:00,6,4732.03,32,2,2,4,224,Big Spenders,1
17083.0,2011-08-22 15:43:00,9,4049.79,108,3,3,4,334,Big Spenders,1
17084.0,2011-11-04 14:54:00,3,5202.97,34,2,1,4,214,Big Spenders,1
17085.0,2011-08-08 14:15:00,28,7891.41,122,3,3,4,334,Big Spenders,1
17086.0,2011-12-02 13:54:00,6,2050.08,6,1,2,3,123,Others,1
17087.0,2009-12-02 10:41:00,1,221.53,737,4,1,1,411,Recent Customers,0
17088.0,2011-11-11 14:23:00,4,1991.01,27,2,2,3,223,Others,1
17089.0,2010-11-18 15:33:00,1,128.45,385,4,1,1,411,Recent Customers,0
17090.0,2011-12-05 13:44:00,13,3149.48,3,1,3,4,134,Big Spenders,1
17091.0,2011-12-07 10:43:00,19,7811.1,2,1,3,4,134,Big Spenders,1
17092.0,2011-10-20 19:51:00,11,5594.96,49,2,3,4,234,Big Spenders,1
17093.0,2010-04-26 10:22:00,1,235.88,592,4,1,1,411,Recent Customers,0
17094.0,2011-01-21 13:09:00,2,402.2,321,3,1,2,312,Others,0
17095.0,2011-11-17 12:21:00,7,2572.25,22,1,2,4,124,Big Spenders,1
17096.0,2011-11-24 15:01:00,11,3759.18,14,1,3,4,134,Big Spenders,1
17097.0,2011-12-07 17:05:00,9,1340.45,1,1,3,3,133,Others,1
17098.0,2010-11-23 12:13:00,3,591.07,381,4,1,2,412,Recent Customers,0
17099.0,2010-06-24 16:25:00,1,582.17,532,4,1,2,412,Recent Customers,0
17100.0,2011-11-21 16:36:00,2,971.74,17,1,1,3,113,Others,1
17101.0,2011-11-29 13:57:00,7,2507.05,9,1,2,4,124,Big Spenders,1
17102.0,2011-03-23 10:08:00,1,25.5,261,3,1,1,311,Others,0
17103.0,2009-12-17 14:08:00,1,424.3,721,4,1,2,412,Recent Customers,0
17104.0,2010-10-12 12:21:00,1,474.03,423,4,1,2,412,Recent Customers,0
17105.0,2011-07-03 15:53:00,2,665.78,158,3,1,2,312,Others,1
17106.0,2010-11-15 14:11:00,1,491.23,388,4,1,2,412,Recent Customers,0
17107.0,2011-11-06 14:14:00,10,16075.42,32,2,3,4,234,Big Spenders,1
17108.0,2010-02-14 12:22:00,1,174.95,663,4,1,1,411,Recent Customers,0
17109.0,2011-11-10 16:59:00,8,1295.46,28,2,3,3,233,Others,1
17110.0,2011-06-27 12:58:00,3,510.7,164,3,1,2,312,Others,1
17111.0,2011-10-23 15:59:00,2,476.58,46,2,1,2,212,Others,1
17112.0,2010-07-25 11:14:00,1,205.17,502,4,1,1,411,Recent Customers,0
17113.0,2010-05-14 13:59:00,6,2322.59,573,4,2,4,424,Recent Customers,0
17114.0,2011-12-04 12:17:00,8,808.62,5,1,3,2,132,Others,1
17115.0,2011-12-01 14:30:00,7,2761.4900000000002,7,1,2,4,124,Big Spenders,1
17116.0,2010-03-01 16:29:00,1,389.78,647,4,1,2,412,Recent Customers,0
17117.0,2011-02-24 13:54:00,1,116.19999999999999,287,3,1,1,311,Others,0
17118.0,2011-01-26 12:19:00,1,157.02,317,3,1,1,311,Others,0
17119.0,2011-12-06 14:40:00,2,606.91,2,1,1,2,112,Others,1
17120.0,2011-04-20 15:21:00,1,307.46,232,3,1,1,311,Others,1
17121.0,2010-11-02 11:47:00,1,314.74,402,4,1,1,411,Recent Customers,0
17122.0,2011-08-12 14:33:00,4,570.5,118,3,2,2,322,Others,1
17123.0,2011-07-01 10:47:00,3,977.17,161,3,1,3,313,Others,1
17124.0,2011-06-07 14:02:00,1,298.89,184,3,1,1,311,Others,1
17125.0,2011-10-20 14:41:00,1,259.35,49,2,1,1,211,Others,1
17126.0,2011-07-10 13:52:00,9,2070.44,151,3,3,3,333,Others,1
17127.0,2010-10-07 09:54:00,5,1155.03,428,4,2,3,423,Recent Customers,0
17128.0,2011-01-09 12:02:00,1,157.09,334,3,1,1,311,Others,0
17129.0,2010-07-07 13:46:00,1,31.85,519,4,1,1,411,Recent Customers,0
17131.0,2011-12-04 12:52:00,5,2463.17,4,1,2,4,124,Big Spenders,1
17132.0,2010-09-13 16:31:00,2,1272.8,451,4,1,3,413,Recent Customers,0
17133.0,2011-11-24 12:27:00,12,14622.33,15,1,3,4,134,Big Spenders,1
17134.0,2011-08-25 09:53:00,3,637.1,106,3,1,2,312,Others,1
17135.0,2011-11-23 16:48:00,10,1954.16,15,1,3,3,133,Others,1
17136.0,2010-02-15 13:13:00,1,231.68,661,4,1,1,411,Recent Customers,0
17137.0,2010-10-19 14:51:00,6,1133.6299999999999,415,4,2,3,423,Recent Customers,0
17138.0,2011-03-09 11:54:00,7,4417.27,275,3,2,4,324,Big Spenders,0
17139.0,2011-11-24 10:12:00,25,19584.46,15,1,3,4,134,Big Spenders,1
17140.0,2011-04-06 13:33:00,1,465.32,246,3,1,2,312,Others,1
17141.0,2010-10-17 14:54:00,4,754.33,417,4,2,2,422,Recent Customers,0
17142.0,2011-04-14 18:22:00,4,1283.75,238,3,2,3,323,Others,1
17143.0,2010-10-18 15:27:00,2,924.11,416,4,1,3,413,Recent Customers,0
17144.0,2011-12-08 17:57:00,2,984.57,0,1,1,3,113,Others,1
17145.0,2010-07-15 09:02:00,4,3120.91,512,4,2,4,424,Recent Customers,0
17146.0,2011-08-26 12:44:00,13,5860.24,105,3,3,4,334,Big Spenders,1
17147.0,2011-11-17 12:32:00,9,3199.95,22,1,3,4,134,Big Spenders,1
17148.0,2011-10-19 09:59:00,1,124.88,51,2,1,1,211,Others,1
17149.0,2010-09-14 14:56:00,1,143.10000000000002,450,4,1,1,411,Recent Customers,0
17150.0,2010-11-28 11:27:00,6,1375.65,376,3,2,3,323,Others,0
17151.0,2009-12-04 14:56:00,1,231.90000000000003,734,4,1,1,411,Recent Customers,0
17152.0,2011-05-29 12:19:00,4,2016.5,194,3,2,3,323,Others,1
17153.0,2011-11-15 13:42:00,1,213.78,23,1,1,1,111,Others,1
17154.0,2011-09-25 13:42:00,1,329.34,74,2,1,1,211,Others,1
17155.0,2011-11-22 12:38:00,7,892.46,17,1,2,2,122,Others,1
17156.0,2010-08-05 11:30:00,1,591.87,491,4,1,2,412,Recent Customers,0
17157.0,2011-12-02 09:10:00,19,5151.9,7,1,3,4,134,Big Spenders,1
17158.0,2011-11-07 15:15:00,5,1980.0,31,2,2,3,223,Others,1
17159.0,2011-11-18 10:52:00,5,2099.59,21,1,2,3,123,Others,1
17160.0,2011-11-08 14:05:00,17,10209.16,30,2,3,4,234,Big Spenders,1
17161.0,2010-09-21 16:44:00,1,856.01,443,4,1,2,412,Recent Customers,0
17162.0,2011-11-11 11:34:00,10,1715.46,28,2,3,3,233,Others,1
17163.0,2011-11-18 08:57:00,4,699.78,21,1,2,2,122,Others,1
17164.0,2011-11-07 09:14:00,7,2467.35,32,2,2,4,224,Big Spenders,1
17165.0,2011-02-28 16:39:00,6,1794.32,283,3,2,3,323,Others,0
17166.0,2011-11-01 09:46:00,2,206.34,38,2,1,1,211,Others,1
17167.0,2010-11-25 10:05:00,3,867.11,379,3,1,2,312,Others,0
17168.0,2010-07-29 12:33:00,1,400.2,498,4,1,2,412,Recent Customers,0
17169.0,2011-10-13 10:25:00,3,1156.73,57,2,1,3,213,Others,1
17170.0,2010-11-30 15:55:00,2,178.68,373,3,1,1,311,Others,0
17171.0,2011-02-23 16:37:00,2,384.59,288,3,1,2,312,Others,0
17172.0,2011-09-22 09:36:00,3,956.5699999999999,78,2,1,3,213,Others,1
17173.0,2011-12-04 14:40:00,8,3766.6,4,1,3,4,134,Big Spenders,1
17174.0,2011-05-06 11:47:00,1,59.9,217,3,1,1,311,Others,1
17175.0,2011-10-26 15:31:00,4,1443.69,43,2,2,3,223,Others,1
17176.0,2011-05-22 12:41:00,3,902.3199999999999,201,3,1,3,313,Others,1
17177.0,2010-07-22 14:53:00,1,119.5,504,4,1,1,411,Recent Customers,0
17178.0,2009-12-08 16:20:00,1,436.71,730,4,1,2,412,Recent Customers,0
17179.0,2011-06-14 16:48:00,6,1507.26,177,3,2,3,323,Others,1
17180.0,2011-10-14 15:46:00,11,2256.98,55,2,3,3,233,Others,1
17181.0,2011-10-13 14:48:00,3,465.37,56,2,1,2,212,Others,1
17182.0,2010-10-13 10:09:00,2,321.3,422,4,1,1,411,Recent Customers,0
17183.0,2011-12-02 10:07:00,6,3347.31,7,1,2,4,124,Big Spenders,1
17184.0,2010-05-19 14:24:00,2,198.41000000000003,568,4,1,1,411,Recent Customers,0
17185.0,2010-04-27 12:15:00,3,229.46,591,4,1,1,411,Recent Customers,0
17186.0,2011-10-24 10:20:00,2,144.0,46,2,1,1,211,Others,1
17187.0,2011-04-27 12:39:00,2,467.71,226,3,1,2,312,Others,1
17188.0,2011-11-28 13:53:00,13,4592.93,10,1,3,4,134,Big Spenders,1
17189.0,2011-08-25 19:39:00,5,957.63,105,3,2,3,323,Others,1
17190.0,2011-10-12 11:33:00,7,1743.04,58,2,2,3,223,Others,1
17191.0,2011-11-11 16:58:00,15,4836.05,27,2,3,4,234,Big Spenders,1
17192.0,2010-06-21 16:07:00,1,77.83,535,4,1,1,411,Recent Customers,0
17193.0,2011-11-04 12:47:00,9,2310.04,35,2,3,4,234,Big Spenders,1
17194.0,2011-03-11 12:05:00,3,812.5,273,3,1,2,312,Others,0
17195.0,2010-02-22 13:05:00,1,562.98,654,4,1,2,412,Recent Customers,0
17196.0,2010-10-08 11:31:00,1,352.9,427,4,1,2,412,Recent Customers,0
17197.0,2011-11-10 10:32:00,1,1013.01,29,2,1,3,213,Others,1
17198.0,2011-11-16 10:39:00,3,1213.8799999999999,23,1,1,3,113,Others,1
17199.0,2010-05-06 13:53:00,1,145.12,581,4,1,1,411,Recent Customers,0
17200.0,2010-11-17 13:04:00,4,356.71000000000004,386,4,2,2,422,Recent Customers,0
17201.0,2011-10-17 11:55:00,4,1242.04,53,2,2,3,223,Others,1
17202.0,2010-10-15 11:25:00,1,160.65,420,4,1,1,411,Recent Customers,0
17203.0,2011-11-04 12:27:00,10,5575.88,35,2,3,4,234,Big Spenders,1
17204.0,2011-06-17 14:46:00,9,5504.6900000000005,174,3,3,4,334,Big Spenders,1
17205.0,2011-10-17 12:46:00,3,999.35,53,2,1,3,213,Others,1
17206.0,2011-10-17 13:25:00,1,204.24,52,2,1,1,211,Others,1
17207.0,2010-02-25 19:08:00,1,303.21999999999997,651,4,1,1,411,Recent Customers,0
17208.0,2010-11-09 12:50:00,1,115.35,395,4,1,1,411,Recent Customers,0
17209.0,2010-02-28 16:01:00,3,611.6,648,4,1,2,412,Recent Customers,0
17210.0,2010-11-12 12:15:00,1,253.37,392,4,1,1,411,Recent Customers,0
17211.0,2011-11-13 12:03:00,13,4046.65,26,2,3,4,234,Big Spenders,1
17212.0,2011-03-31 19:42:00,3,794.41,252,3,1,2,312,Others,1
17213.0,2011-10-30 14:53:00,13,5182.3,39,2,3,4,234,Big Spenders,1
17214.0,2011-10-10 13:17:00,6,1069.1200000000001,59,2,2,3,223,Others,1
17215.0,2010-09-01 13:39:00,1,186.15,463,4,1,1,411,Recent Customers,0
17216.0,2010-06-03 13:03:00,1,65.05,553,4,1,1,411,Recent Customers,0
17217.0,2011-04-19 17:19:00,2,218.0,233,3,1,1,311,Others,1
17218.0,2011-12-05 13:52:00,18,4192.68,3,1,3,4,134,Big Spenders,1
17219.0,2011-11-08 11:25:00,2,259.13,31,2,1,1,211,Others,1
17220.0,2011-11-15 13:47:00,21,4481.75,23,1,3,4,134,Big Spenders,1
17221.0,2011-12-02 13:35:00,5,978.52,6,1,2,3,123,Others,1
17222.0,2011-10-05 13:58:00,6,1605.01,64,2,2,3,223,Others,1
17223.0,2011-02-02 15:57:00,3,873.53,309,3,1,2,312,Others,0
17224.0,2010-07-26 13:30:00,1,100.86,500,4,1,1,411,Recent Customers,0
17225.0,2010-05-07 11:38:00,1,131.15,581,4,1,1,411,Recent Customers,0
17226.0,2011-02-04 11:52:00,3,900.12,308,3,1,3,313,Others,0
17227.0,2011-11-21 10:51:00,12,2022.03,18,1,3,3,133,Others,1
17228.0,2011-11-24 10:24:00,13,3177.24,15,1,3,4,134,Big Spenders,1
17229.0,2011-09-04 13:56:00,2,318.76,95,2,1,1,211,Others,1
17230.0,2011-03-20 16:12:00,18,9924.95,263,3,3,4,334,Big Spenders,1
17231.0,2011-11-27 15:18:00,25,7197.04,11,1,3,4,134,Big Spenders,1
17232.0,2011-12-07 12:21:00,2,421.52,2,1,1,2,112,Others,1
17233.0,2011-11-04 14:06:00,3,560.86,34,2,1,2,212,Others,1
17234.0,2011-06-10 11:20:00,1,149.89,182,3,1,1,311,Others,1
17235.0,2011-11-14 15:51:00,8,1904.8799999999999,24,1,3,3,133,Others,1
17236.0,2011-11-27 12:00:00,12,1929.26,12,1,3,3,133,Others,1
17237.0,2011-11-28 15:02:00,4,1002.08,10,1,2,3,123,Others,1
17238.0,2011-12-07 11:35:00,32,7783.1,2,1,3,4,134,Big Spenders,1
17239.0,2011-01-31 09:41:00,4,1189.45,312,3,2,3,323,Others,0
17240.0,2010-04-22 15:44:00,1,130.6,595,4,1,1,411,Recent Customers,0
17241.0,2010-11-19 13:01:00,12,2744.14,384,4,3,4,434,Recent Customers,0
17242.0,2011-08-23 14:55:00,5,2889.28,107,3,2,4,324,Big Spenders,1
17243.0,2011-12-08 13:26:00,69,20889.86,0,1,3,4,134,Big Spenders,1
17244.0,2011-10-17 15:19:00,5,1826.04,52,2,2,3,223,Others,1
17245.0,2011-05-19 10:43:00,2,371.63,204,3,1,2,312,Others,1
17246.0,2010-06-11 12:36:00,2,38.92,546,4,1,1,411,Recent Customers,0
17247.0,2011-11-24 15:21:00,1,282.19,14,1,1,1,111,Others,1
17248.0,2011-08-11 13:34:00,2,546.16,119,3,1,2,312,Others,1
17249.0,2010-10-07 11:33:00,1,68.03,428,4,1,1,411,Recent Customers,0
17250.0,2011-12-06 12:15:00,2,384.52,3,1,1,2,112,Others,1
17251.0,2010-12-12 11:06:00,3,812.4300000000001,362,3,1,2,312,Others,0
17252.0,2011-08-15 09:45:00,2,353.86,116,3,1,2,312,Others,1
17253.0,2011-11-21 12:59:00,1,178.26,17,1,1,1,111,Others,1
17254.0,2011-12-05 12:46:00,3,470.73,4,1,1,2,112,Others,1
17255.0,2011-10-30 12:18:00,4,799.13,40,2,2,2,222,Others,1
17256.0,2011-08-24 13:30:00,5,498.93,106,3,2,2,322,Others,1
17257.0,2010-09-29 12:51:00,2,192.73,435,4,1,1,411,Recent Customers,0
17258.0,2010-11-08 12:37:00,2,417.3,396,4,1,2,412,Recent Customers,0
17259.0,2011-07-14 15:01:00,6,1889.34,147,3,2,3,323,Others,1
17260.0,2010-10-24 13:21:00,1,120.95,410,4,1,1,411,Recent Customers,0
17261.0,2010-07-18 11:49:00,1,230.44,509,4,1,1,411,Recent Customers,0
17262.0,2011-10-18 12:56:00,11,2757.62,51,2,3,4,234,Big Spenders,1
17263.0,2011-05-15 14:32:00,1,63.44,207,3,1,1,311,Others,1
17264.0,2010-10-11 12:52:00,1,279.59,423,4,1,1,411,Recent Customers,0
17265.0,2011-07-24 10:49:00,2,562.9,138,3,1,2,312,Others,1
17266.0,2011-12-07 14:12:00,5,517.73,1,1,2,2,122,Others,1
17267.0,2011-08-04 17:22:00,2,317.62,126,3,1,1,311,Others,1
17268.0,2011-08-24 10:06:00,11,1733.8899999999999,107,3,3,3,333,Others,1
17269.0,2010-11-19 11:12:00,1,537.46,385,4,1,2,412,Recent Customers,0
17270.0,2010-08-27 14:09:00,2,604.4,468,4,1,2,412,Recent Customers,0
17271.0,2009-12-03 13:49:00,1,210.39000000000001,735,4,1,1,411,Recent Customers,0
17272.0,2011-10-28 16:37:00,4,2148.63,41,2,2,3,223,Others,1
17273.0,2010-10-11 15:57:00,1,141.12,423,4,1,1,411,Recent Customers,0
17274.0,2011-11-04 13:16:00,2,577.38,34,2,1,2,212,Others,1
17275.0,2010-11-21 13:26:00,1,114.52,382,4,1,1,411,Recent Customers,0
17276.0,2010-11-02 16:20:00,1,508.39,401,4,1,2,412,Recent Customers,0
17277.0,2011-04-26 12:47:00,2,1065.3500000000001,227,3,1,3,313,Others,1
17278.0,2011-04-12 13:10:00,2,271.24,240,3,1,1,311,Others,1
17279.0,2011-10-13 11:58:00,1,187.83,57,2,1,1,211,Others,1
17280.0,2010-09-27 16:46:00,1,118.86,437,4,1,1,411,Recent Customers,0
17281.0,2010-11-30 18:05:00,6,797.8499999999999,373,3,2,2,322,Others,0
17282.0,2011-08-01 14:29:00,5,2339.66,129,3,2,4,324,Big Spenders,1
17283.0,2010-11-26 11:53:00,1,188.46,378,3,1,1,311,Others,0
17284.0,2011-10-10 14:38:00,8,2793.16,59,2,3,4,234,Big Spenders,1
17285.0,2010-03-21 13:38:00,2,428.34,627,4,1,2,412,Recent Customers,0
17286.0,2011-11-18 12:47:00,3,395.48,21,1,1,2,112,Others,1
17287.0,2011-11-13 13:27:00,21,4111.96,25,1,3,4,134,Big Spenders,1
17288.0,2011-11-30 16:09:00,11,2499.98,8,1,3,4,134,Big Spenders,1
17289.0,2011-11-08 12:01:00,9,2079.39,31,2,3,3,233,Others,1
17290.0,2011-12-06 12:38:00,8,1501.44,3,1,3,3,133,Others,1
17291.0,2011-02-04 13:04:00,1,550.8000000000001,307,3,1,2,312,Others,0
17292.0,2010-08-24 17:14:00,2,271.75,471,4,1,1,411,Recent Customers,0
17293.0,2011-12-01 14:37:00,17,3774.23,7,1,3,4,134,Big Spenders,1
17294.0,2010-02-08 16:12:00,2,467.78999999999996,668,4,1,2,412,Recent Customers,0
17295.0,2011-11-11 10:49:00,3,556.95,28,2,1,2,212,Others,1
17296.0,2009-12-09 14:01:00,1,338.13,729,4,1,1,411,Recent Customers,0
17297.0,2011-11-22 14:43:00,1,131.78,16,1,1,1,111,Others,1
17298.0,2011-08-30 16:43:00,5,957.5600000000001,100,3,2,3,323,Others,1
17299.0,2011-11-28 12:01:00,6,1016.08,11,1,2,3,123,Others,1
17300.0,2010-11-14 10:56:00,2,393.64,390,4,1,2,412,Recent Customers,0
17301.0,2011-11-18 13:43:00,2,330.43,20,1,1,1,111,Others,1
17302.0,2011-11-25 09:36:00,5,1135.63,14,1,2,3,123,Others,1
17303.0,2010-12-13 13:32:00,1,250.04,360,3,1,1,311,Others,0
17304.0,2010-06-23 16:23:00,1,111.5,533,4,1,1,411,Recent Customers,0
17305.0,2010-03-01 12:47:00,1,2135.46,648,4,1,3,413,Recent Customers,0
17306.0,2011-11-29 12:14:00,21,9782.35,10,1,3,4,134,Big Spenders,1
17307.0,2010-11-09 13:40:00,11,3999.8900000000003,394,4,3,4,434,Recent Customers,0
17308.0,2010-11-11 13:19:00,2,4511.76,392,4,1,4,414,Recent Customers,0
17309.0,2011-09-05 15:20:00,3,330.59000000000003,94,2,1,1,211,Others,1
17310.0,2010-11-17 16:00:00,2,1025.1,386,4,1,3,413,Recent Customers,0
17311.0,2011-09-22 14:11:00,6,3566.56,77,2,2,4,224,Big Spenders,1
17312.0,2011-07-24 11:52:00,3,644.3,138,3,1,2,312,Others,1
17313.0,2011-11-08 15:45:00,1,2328.84,30,2,1,4,214,Big Spenders,1
17314.0,2011-11-15 09:41:00,17,4904.43,24,1,3,4,134,Big Spenders,1
17315.0,2011-12-08 12:15:00,43,9650.6,1,1,3,4,134,Big Spenders,1
17316.0,2010-10-15 14:35:00,1,124.45,419,4,1,1,411,Recent Customers,0
17317.0,2011-10-24 17:19:00,3,2600.34,45,2,1,4,214,Big Spenders,1
17318.0,2009-12-14 13:11:00,1,164.28,724,4,1,1,411,Recent Customers,0
17319.0,2010-02-08 15:47:00,1,29.1,668,4,1,1,411,Recent Customers,0
17320.0,2011-08-31 13:31:00,6,2895.77,99,3,2,4,324,Big Spenders,1
17321.0,2011-12-01 13:41:00,6,1741.18,7,1,2,3,123,Others,1
17322.0,2010-11-28 14:41:00,5,922.59,375,3,2,3,323,Others,0
17323.0,2011-11-24 17:29:00,12,1565.59,14,1,3,3,133,Others,1
17324.0,2011-11-22 10:34:00,12,2301.87,17,1,3,3,133,Others,1
17325.0,2011-03-04 13:09:00,3,609.5699999999999,279,3,1,2,312,Others,0
17326.0,2010-10-27 15:38:00,2,321.95,407,4,1,1,411,Recent Customers,0
17327.0,2010-10-26 09:54:00,2,152.35,409,4,1,1,411,Recent Customers,0
17328.0,2010-02-04 17:11:00,1,104.7,672,4,1,1,411,Recent Customers,0
17329.0,2011-11-25 14:24:00,5,1004.4300000000001,13,1,2,3,123,Others,1
17330.0,2011-11-17 08:56:00,4,423.8,22,1,2,2,122,Others,1
17331.0,2011-08-08 11:55:00,1,175.2,123,3,1,1,311,Others,1
17332.0,2010-06-29 16:10:00,5,838.27,527,4,2,2,422,Recent Customers,0
17333.0,2011-09-15 10:11:00,1,494.25,85,2,1,2,212,Others,1
17334.0,2011-02-10 14:59:00,3,635.15,301,3,1,2,312,Others,0
17335.0,2010-11-21 10:17:00,2,508.0,383,4,1,2,412,Recent Customers,0
17336.0,2010-08-24 15:37:00,1,81.12,471,4,1,1,411,Recent Customers,0
17337.0,2011-07-11 14:55:00,4,2027.8700000000001,150,3,2,3,323,Others,1
17338.0,2011-11-22 14:23:00,17,12142.57,16,1,3,4,134,Big Spenders,1
17339.0,2011-09-06 13:29:00,3,362.36,93,2,1,2,212,Others,1
17340.0,2011-11-10 10:45:00,18,22404.82,29,2,3,4,234,Big Spenders,1
17341.0,2011-07-06 12:33:00,5,1889.83,156,3,2,3,323,Others,1
17342.0,2010-11-25 11:07:00,4,1227.54,379,3,2,3,323,Others,0
17343.0,2010-12-19 15:07:00,6,1259.94,354,3,2,3,323,Others,0
17344.0,2011-10-24 12:56:00,2,468.11,45,2,1,2,212,Others,1
17345.0,2011-11-24 15:03:00,10,1604.68,14,1,3,3,133,Others,1
17346.0,2011-12-06 12:18:00,26,5323.0,3,1,3,4,134,Big Spenders,1
17347.0,2011-09-14 13:12:00,1,228.96,85,2,1,1,211,Others,1
17348.0,2011-11-25 11:25:00,9,2476.41,14,1,3,4,134,Big Spenders,1
17349.0,2011-06-13 14:29:00,5,852.25,178,3,2,2,322,Others,1
17350.0,2011-12-01 15:47:00,7,1906.041,7,1,2,3,123,Others,1
17351.0,2011-11-03 18:45:00,12,1988.23,35,2,3,3,233,Others,1
17352.0,2010-01-12 16:13:00,1,36.25,695,4,1,1,411,Recent Customers,0
17353.0,2011-08-02 17:19:00,4,3242.0,128,3,2,4,324,Big Spenders,1
17354.0,2011-10-20 10:34:00,4,3143.46,50,2,2,4,224,Big Spenders,1
17355.0,2010-11-18 13:18:00,1,285.11,385,4,1,1,411,Recent Customers,0
17356.0,2011-02-01 11:07:00,5,946.47,311,3,2,3,323,Others,0
17357.0,2011-11-15 16:30:00,2,388.14,23,1,1,2,112,Others,1
17358.0,2011-02-09 16:57:00,5,866.05,302,3,2,2,322,Others,0
17359.0,2011-11-28 14:37:00,2,284.46,10,1,1,1,111,Others,1
17360.0,2011-11-22 13:11:00,6,1231.38,16,1,2,3,123,Others,1
17361.0,2011-10-21 15:43:00,5,880.64,48,2,2,2,222,Others,1
17362.0,2011-04-14 14:43:00,7,1024.04,238,3,2,3,323,Others,1
17363.0,2010-11-09 17:11:00,3,940.86,394,4,1,3,413,Recent Customers,0
17364.0,2011-12-09 09:00:00,28,12070.42,0,1,3,4,134,Big Spenders,1
17365.0,2011-11-27 12:13:00,15,8224.98,12,1,3,4,134,Big Spenders,1
17366.0,2010-10-03 16:04:00,2,1096.24,431,4,1,3,413,Recent Customers,0
17367.0,2011-04-15 14:21:00,1,168.4,237,3,1,1,311,Others,1
17368.0,2011-11-16 15:26:00,14,2826.14,22,1,3,4,134,Big Spenders,1
17369.0,2010-09-10 09:49:00,1,979.1999999999999,455,4,1,3,413,Recent Customers,0
17370.0,2011-09-28 10:14:00,4,446.18,72,2,2,2,222,Others,1
17371.0,2011-11-22 13:30:00,6,662.55,16,1,2,2,122,Others,1
17372.0,2011-10-30 11:37:00,28,4377.56,40,2,3,4,234,Big Spenders,1
17373.0,2011-10-30 15:28:00,7,1167.5,39,2,2,3,223,Others,1
17374.0,2011-05-05 09:05:00,3,727.11,218,3,1,2,312,Others,1
17375.0,2011-05-24 15:45:00,4,660.55,198,3,2,2,322,Others,1
17376.0,2011-09-30 12:36:00,4,453.64,70,2,2,2,222,Others,1
17377.0,2011-11-16 11:17:00,78,18319.41,23,1,3,4,134,Big Spenders,2
17378.0,2010-11-30 18:46:00,1,10.95,373,3,1,1,311,Others,0
17379.0,2011-11-28 13:56:00,1,404.66,10,1,1,2,112,Others,1
17380.0,2010-10-01 16:42:00,3,645.0,433,4,1,2,412,Recent Customers,0
17381.0,2011-12-01 11:59:00,38,40002.37,8,1,3,4,134,Big Spenders,1
17382.0,2011-10-05 13:05:00,8,902.28,64,2,3,3,233,Others,1
17383.0,2011-12-05 17:36:00,2,309.99,3,1,1,1,111,Others,1
17384.0,2011-11-20 15:48:00,3,507.55,18,1,1,2,112,Others,1
17385.0,2011-11-25 11:02:00,1,261.11,14,1,1,1,111,Others,1
17386.0,2011-12-02 11:28:00,7,2812.77,7,1,2,4,124,Big Spenders,1
17387.0,2011-11-20 11:00:00,2,784.11,19,1,1,2,112,Others,1
17388.0,2011-09-23 10:31:00,11,2691.57,77,2,3,4,234,Big Spenders,1
17389.0,2011-12-09 09:38:00,61,57224.68,0,1,3,4,134,Big Spenders,2
17390.0,2010-10-15 11:29:00,1,149.3,420,4,1,1,411,Recent Customers,0
17391.0,2011-06-29 09:58:00,2,508.8,163,3,1,2,312,Others,1
17392.0,2011-02-06 12:48:00,3,626.5600000000001,306,3,1,2,312,Others,0
17393.0,2010-10-25 11:10:00,2,381.15000000000003,410,4,1,2,412,Recent Customers,0
17394.0,2011-05-04 13:22:00,1,203.86999999999998,218,3,1,1,311,Others,1
17395.0,2010-07-19 15:34:00,1,97.5,507,4,1,1,411,Recent Customers,0
17396.0,2011-10-31 14:12:00,14,8807.1,38,2,3,4,234,Big Spenders,1
17397.0,2011-11-17 14:08:00,3,1233.18,21,1,1,3,113,Others,1
17398.0,2011-08-17 09:48:00,3,653.38,114,3,1,2,312,Others,1
17400.0,2011-08-05 15:38:00,8,4677.05,125,3,3,4,334,Big Spenders,1
17401.0,2010-06-16 16:54:00,1,114.85,540,4,1,1,411,Recent Customers,0
17402.0,2011-12-05 10:15:00,23,5096.18,4,1,3,4,134,Big Spenders,1
17403.0,2011-11-03 15:18:00,2,400.57,35,2,1,2,212,Others,1
17404.0,2011-12-05 16:26:00,23,47781.12,3,1,3,4,134,Big Spenders,1
17405.0,2011-12-08 17:12:00,3,1031.41,0,1,1,3,113,Others,1
17406.0,2011-01-10 15:07:00,13,4905.05,332,3,3,4,334,Big Spenders,0
17407.0,2010-10-24 11:57:00,1,552.9,411,4,1,2,412,Recent Customers,0
17408.0,2011-06-29 12:53:00,3,316.09000000000003,162,3,1,1,311,Others,1
17409.0,2011-06-08 10:36:00,10,7793.51,184,3,3,4,334,Big Spenders,1
17410.0,2011-11-23 15:46:00,5,1214.72,15,1,2,3,123,Others,1
17411.0,2011-11-27 14:25:00,5,1425.38,11,1,2,3,123,Others,1
17412.0,2011-12-07 11:36:00,16,4417.52,2,1,3,4,134,Big Spenders,1
17413.0,2010-10-31 12:33:00,2,560.14,404,4,1,2,412,Recent Customers,0
17414.0,2011-10-27 12:13:00,6,2249.52,43,2,2,3,223,Others,1
17415.0,2011-09-21 12:50:00,1,507.84,79,2,1,2,212,Others,1
17416.0,2011-11-10 12:47:00,22,17298.45,29,2,3,4,234,Big Spenders,1
17417.0,2010-06-09 10:00:00,1,164.18,548,4,1,1,411,Recent Customers,0
17418.0,2011-10-28 13:00:00,3,670.0600000000001,41,2,1,2,212,Others,1
17419.0,2011-11-28 13:47:00,18,6500.52,10,1,3,4,134,Big Spenders,1
17420.0,2011-10-20 14:52:00,6,1084.43,49,2,2,3,223,Others,1
17421.0,2010-11-18 16:57:00,3,1059.41,385,4,1,3,413,Recent Customers,0
17422.0,2011-11-23 13:27:00,11,3594.76,15,1,3,4,134,Big Spenders,1
17423.0,2011-10-24 13:36:00,3,1118.95,45,2,1,3,213,Others,1
17425.0,2011-11-20 15:30:00,2,759.17,18,1,1,2,112,Others,1
17426.0,2011-12-01 18:07:00,13,8077.77,7,1,3,4,134,Big Spenders,1
17427.0,2011-09-29 11:29:00,1,100.8,71,2,1,1,211,Others,1
17428.0,2011-12-09 09:45:00,45,31819.760000000002,0,1,3,4,134,Big Spenders,1
17429.0,2011-08-03 13:22:00,5,1357.46,127,3,2,3,323,Others,1
17430.0,2011-11-07 09:24:00,4,735.17,32,2,2,2,222,Others,1
17431.0,2011-01-30 14:36:00,1,403.3,312,3,1,2,312,Others,0
17432.0,2011-11-21 17:33:00,9,1751.39,17,1,3,3,133,Others,1
17433.0,2011-09-12 14:24:00,2,569.96,87,2,1,2,212,Others,1
17434.0,2011-12-07 13:16:00,7,2373.82,1,1,2,4,124,Big Spenders,1
17435.0,2010-10-24 13:55:00,1,331.35,410,4,1,1,411,Recent Customers,0
17436.0,2011-12-08 12:30:00,5,534.06,1,1,2,2,122,Others,1
17437.0,2010-06-28 11:11:00,1,373.17,529,4,1,2,412,Recent Customers,0
17438.0,2011-03-31 10:26:00,5,1422.77,253,3,2,3,323,Others,1
17439.0,2010-02-22 12:48:00,1,325.74,655,4,1,1,411,Recent Customers,0
17440.0,2011-07-06 11:54:00,4,323.58,156,3,2,1,321,Others,1
17441.0,2009-12-07 13:32:00,1,293.35,731,4,1,1,411,Recent Customers,0
17442.0,2011-11-03 09:17:00,15,4620.3,36,2,3,4,234,Big Spenders,1
17443.0,2011-05-04 10:47:00,1,534.24,219,3,1,2,312,Others,1
17444.0,2011-07-15 12:05:00,3,2940.04,147,3,1,4,314,Big Spenders,1
17446.0,2011-06-16 10:42:00,2,120.9,176,3,1,1,311,Others,1
17447.0,2011-10-30 14:18:00,2,541.53,39,2,1,2,212,Others,1
17448.0,2010-07-30 14:07:00,46,14556.97,496,4,3,4,434,Recent Customers,0
17449.0,2011-12-07 16:56:00,13,4951.15,1,1,3,4,134,Big Spenders,1
17450.0,2011-12-01 13:29:00,51,246973.09,7,1,3,4,134,Big Spenders,2
17451.0,2011-12-08 15:02:00,7,1721.4,0,1,2,3,123,Others,1
17453.0,2011-11-22 09:42:00,2,486.71999999999997,17,1,1,2,112,Others,1
17454.0,2011-05-31 13:58:00,10,1547.94,191,3,3,3,333,Others,1
17455.0,2011-05-20 12:31:00,1,131.7,203,3,1,1,311,Others,1
17456.0,2010-12-09 15:23:00,2,1225.42,364,3,1,3,313,Others,0
17457.0,2011-08-05 12:48:00,14,5984.8099999999995,126,3,3,4,334,Big Spenders,1
17458.0,2011-11-24 13:01:00,2,529.58,14,1,1,2,112,Others,1
17459.0,2011-10-27 13:25:00,2,657.3,42,2,1,2,212,Others,1
17460.0,2011-09-06 15:04:00,16,2228.27,93,2,3,3,233,Others,1
17461.0,2011-11-17 10:21:00,3,757.46,22,1,1,2,112,Others,1
17462.0,2011-10-10 13:56:00,2,675.69,59,2,1,2,212,Others,1
17463.0,2011-11-23 13:40:00,7,2557.91,15,1,2,4,124,Big Spenders,1
17464.0,2011-07-04 13:19:00,3,1000.94,157,3,1,3,313,Others,1
17465.0,2010-10-10 11:56:00,7,2542.79,425,4,2,4,424,Recent Customers,0
17466.0,2011-11-29 13:15:00,2,763.28,9,1,1,2,112,Others,1
17467.0,2010-11-09 12:58:00,1,102.6,394,4,1,1,411,Recent Customers,0
17468.0,2011-11-29 15:33:00,3,194.8,9,1,1,1,111,Others,1
17469.0,2011-11-23 13:15:00,17,5051.25,15,1,3,4,134,Big Spenders,1
17470.0,2011-10-26 12:42:00,11,2804.87,44,2,3,4,234,Big Spenders,1
17471.0,2010-08-22 11:53:00,1,321.65000000000003,474,4,1,1,411,Recent Customers,0
17472.0,2011-06-01 14:57:00,4,935.1,190,3,2,3,323,Others,1
17473.0,2010-10-27 11:45:00,2,607.0,408,4,1,2,412,Recent Customers,0
17474.0,2010-04-19 10:43:00,1,1047.0,599,4,1,3,413,Recent Customers,0
17475.0,2011-09-21 14:55:00,1,194.37,78,2,1,1,211,Others,1
17476.0,2010-11-09 10:21:00,2,489.86,395,4,1,2,412,Recent Customers,0
17477.0,2010-04-06 10:06:00,2,1144.3,612,4,1,3,413,Recent Customers,0
17478.0,2010-10-27 15:01:00,2,1272.8,407,4,1,3,413,Recent Customers,0
17479.0,2010-03-17 09:26:00,1,389.26,632,4,1,2,412,Recent Customers,0
17480.0,2011-09-23 11:39:00,2,902.03,77,2,1,3,213,Others,1
17481.0,2011-12-06 12:28:00,4,1255.59,3,1,2,3,123,Others,1
17482.0,2010-08-09 15:33:00,2,778.19,486,4,1,2,412,Recent Customers,0
17483.0,2011-10-05 13:10:00,4,591.73,64,2,2,2,222,Others,1
17484.0,2010-05-12 15:41:00,2,209.57,575,4,1,1,411,Recent Customers,0
17486.0,2011-03-23 14:00:00,1,396.87,260,3,1,2,312,Others,0
17487.0,2009-12-11 15:06:00,1,160.55,727,4,1,1,411,Recent Customers,0
17488.0,2010-03-08 14:07:00,1,336.5,640,4,1,1,411,Recent Customers,0
17489.0,2011-10-12 08:56:00,2,376.64,58,2,1,2,212,Others,1
17490.0,2011-12-09 09:08:00,9,2750.5,0,1,3,4,134,Big Spenders,1
17491.0,2011-12-08 16:18:00,17,5981.070000000001,0,1,3,4,134,Big Spenders,1
17492.0,2011-04-05 15:21:00,3,1122.42,247,3,1,3,313,Others,1
17493.0,2010-11-19 16:57:00,1,100.91000000000001,384,4,1,1,411,Recent Customers,0
17494.0,2010-07-26 10:06:00,1,54.699999999999996,501,4,1,1,411,Recent Customers,0
17495.0,2011-12-02 12:08:00,3,806.72,7,1,1,2,112,Others,1
17496.0,2010-12-16 08:39:00,4,1412.89,358,3,2,3,323,Others,0
17497.0,2010-11-14 14:17:00,2,287.25,389,4,1,1,411,Recent Customers,0
17498.0,2011-09-25 12:25:00,1,272.22,75,2,1,1,211,Others,1
17499.0,2011-02-23 09:14:00,2,1341.39,289,3,1,3,313,Others,0
17500.0,2011-11-22 14:25:00,3,1138.0,16,1,1,3,113,Others,1
17501.0,2011-05-03 09:47:00,2,288.6,220,3,1,1,311,Others,1
17502.0,2011-11-30 13:13:00,4,689.1,8,1,2,2,122,Others,1
17503.0,2011-12-07 09:18:00,2,558.96,2,1,1,2,112,Others,1
17504.0,2011-05-17 12:59:00,18,9565.12,205,3,3,4,334,Big Spenders,1
17505.0,2011-07-01 12:50:00,5,2435.48,161,3,2,4,324,Big Spenders,1
17506.0,2011-09-25 11:39:00,1,302.2,75,2,1,1,211,Others,1
17507.0,2011-03-23 11:48:00,2,605.58,261,3,1,2,312,Others,0
17508.0,2011-03-04 08:10:00,8,4579.23,280,3,3,4,334,Big Spenders,0
17509.0,2011-10-13 10:26:00,8,6115.14,57,2,3,4,234,Big Spenders,1
17510.0,2011-11-15 10:00:00,2,514.56,24,1,1,2,112,Others,1
17511.0,2011-12-07 10:12:00,60,175603.55,2,1,3,4,134,Big Spenders,2
17512.0,2011-11-11 12:11:00,18,5467.820000000001,28,2,3,4,234,Big Spenders,1
17513.0,2011-09-28 16:42:00,3,1158.8,71,2,1,3,213,Others,1
17514.0,2011-08-03 15:45:00,2,542.83,127,3,1,2,312,Others,1
17515.0,2011-11-08 14:04:00,9,1617.46,30,2,3,3,233,Others,1
17516.0,2011-11-24 16:51:00,6,957.55,14,1,2,3,123,Others,1
17517.0,2011-02-04 11:48:00,1,153.94,308,3,1,1,311,Others,0
17518.0,2010-10-10 12:40:00,2,329.42,425,4,1,1,411,Recent Customers,0
17519.0,2011-11-22 16:43:00,15,5109.47,16,1,3,4,134,Big Spenders,1
17520.0,2011-10-17 12:04:00,1,546.81,53,2,1,2,212,Others,1
17521.0,2011-11-10 11:22:00,5,1278.06,29,2,2,3,223,Others,1
17522.0,2011-12-08 12:31:00,5,1070.71,1,1,2,3,123,Others,1
17523.0,2011-11-28 13:20:00,4,652.74,10,1,2,2,122,Others,1
17524.0,2010-12-13 14:32:00,3,539.14,360,3,1,2,312,Others,0
17525.0,2010-12-15 12:05:00,3,1161.9,359,3,1,3,313,Others,0
17526.0,2011-12-05 11:05:00,12,4166.04,4,1,3,4,134,Big Spenders,1
17527.0,2011-10-17 12:32:00,4,939.37,53,2,2,3,223,Others,1
17528.0,2011-12-08 13:27:00,8,3628.5,0,1,3,4,134,Big Spenders,1
17529.0,2010-04-08 17:51:00,2,1240.25,609,4,1,3,413,Recent Customers,0
17530.0,2011-12-08 18:42:00,12,3141.51,0,1,3,4,134,Big Spenders,1
17531.0,2011-06-02 19:17:00,3,1266.82,189,3,1,3,313,Others,1
17532.0,2010-11-19 08:13:00,1,65.34,385,4,1,1,411,Recent Customers,0
17533.0,2010-10-01 09:14:00,1,34.8,434,4,1,1,411,Recent Customers,0
17534.0,2011-10-17 12:47:00,5,1668.83,53,2,2,3,223,Others,1
17535.0,2011-03-04 15:20:00,1,164.4,279,3,1,1,311,Others,0
17536.0,2011-06-15 13:23:00,3,364.83,176,3,1,2,312,Others,1
17537.0,2011-11-10 10:56:00,2,897.62,29,2,1,2,212,Others,1
17538.0,2011-11-14 12:12:00,1,98.42,25,1,1,1,111,Others,1
17539.0,2010-04-01 12:07:00,4,1226.57,617,4,2,3,423,Recent Customers,0
17540.0,2011-11-15 11:56:00,6,1590.6000000000001,24,1,2,3,123,Others,1
17541.0,2010-07-18 11:36:00,1,124.46,509,4,1,1,411,Recent Customers,0
17542.0,2011-03-15 11:45:00,3,341.7,269,3,1,1,311,Others,0
17543.0,2010-06-08 12:41:00,1,120.05,549,4,1,1,411,Recent Customers,0
17544.0,2010-11-14 15:08:00,3,960.69,389,4,1,3,413,Recent Customers,0
17545.0,2011-10-27 14:04:00,6,1448.54,42,2,2,3,223,Others,1
17547.0,2010-11-29 09:41:00,2,727.85,375,3,1,2,312,Others,0
17548.0,2011-04-20 12:01:00,4,731.26,233,3,2,2,322,Others,1
17549.0,2011-11-16 09:59:00,2,148.86,23,1,1,1,111,Others,1
17550.0,2011-05-26 14:09:00,9,2547.64,196,3,3,4,334,Big Spenders,1
17551.0,2010-12-15 14:12:00,1,306.84,358,3,1,1,311,Others,0
17552.0,2011-10-10 17:00:00,12,3085.29,59,2,3,4,234,Big Spenders,1
17553.0,2011-08-02 10:00:00,4,3757.6,129,3,2,4,324,Big Spenders,1
17554.0,2011-12-08 14:15:00,5,1952.45,0,1,2,3,123,Others,1
17555.0,2011-11-20 12:22:00,5,1057.74,19,1,2,3,123,Others,1
17556.0,2011-05-18 10:48:00,2,300.67,205,3,1,1,311,Others,1
17557.0,2011-11-25 12:57:00,4,575.46,13,1,2,2,122,Others,1
17558.0,2010-11-11 14:36:00,1,259.17,392,4,1,1,411,Recent Customers,0
17559.0,2010-07-15 12:02:00,1,167.62,512,4,1,1,411,Recent Customers,0
17560.0,2011-09-06 09:18:00,8,1895.8,94,2,3,3,233,Others,1
17561.0,2011-11-20 12:53:00,4,722.34,18,1,2,2,122,Others,1
17562.0,2011-11-25 14:21:00,7,1122.38,13,1,2,3,123,Others,1
17563.0,2010-05-10 14:54:00,2,392.38,577,4,1,2,412,Recent Customers,0
17564.0,2011-11-15 13:27:00,3,454.01,23,1,1,2,112,Others,1
17565.0,2010-05-02 11:54:00,1,131.83,586,4,1,1,411,Recent Customers,0
17566.0,2011-12-01 19:54:00,2,901.21,7,1,1,3,113,Others,1
17567.0,2011-12-02 15:48:00,9,5356.03,6,1,3,4,134,Big Spenders,1
17568.0,2010-03-16 16:45:00,1,382.79,632,4,1,2,412,Recent Customers,0
17569.0,2011-01-11 14:15:00,1,344.14,331,3,1,1,311,Others,0
17570.0,2010-11-23 11:56:00,1,100.0,381,4,1,1,411,Recent Customers,0
17571.0,2011-10-20 15:57:00,5,1703.75,49,2,2,3,223,Others,1
17572.0,2011-09-29 17:53:00,10,723.01,70,2,3,2,232,Others,1
17573.0,2011-11-10 13:01:00,3,380.6,28,2,1,2,212,Others,1
17574.0,2011-04-11 09:47:00,1,185.65,242,3,1,1,311,Others,1
17575.0,2010-02-10 13:48:00,1,171.7,666,4,1,1,411,Recent Customers,0
17576.0,2011-12-01 17:56:00,41,9056.81,7,1,3,4,134,Big Spenders,1
17577.0,2010-03-04 13:01:00,2,348.75,644,4,1,1,411,Recent Customers,0
17578.0,2011-05-05 18:38:00,7,1047.33,217,3,2,3,323,Others,1
17579.0,2011-12-05 12:28:00,4,753.28,4,1,2,2,122,Others,1
17580.0,2011-04-01 12:41:00,5,545.27,252,3,2,2,322,Others,1
17581.0,2011-12-09 12:21:00,43,18757.75,0,1,3,4,134,Big Spenders,1
17582.0,2011-04-17 13:18:00,5,1450.7,235,3,2,3,323,Others,1
17583.0,2010-05-28 14:24:00,1,135.95,559,4,1,1,411,Recent Customers,0
17584.0,2011-12-02 17:12:00,6,5309.42,6,1,2,4,124,Big Spenders,1
17585.0,2011-08-22 13:30:00,7,2093.3,108,3,2,3,323,Others,1
17586.0,2010-03-30 13:12:00,1,167.4,618,4,1,1,411,Recent Customers,0
17587.0,2010-03-21 14:16:00,1,181.66,627,4,1,1,411,Recent Customers,0
17588.0,2011-08-31 13:37:00,7,2939.55,99,3,2,4,324,Big Spenders,1
17589.0,2011-10-10 16:58:00,18,14049.87,59,2,3,4,234,Big Spenders,1
17590.0,2011-12-07 12:55:00,3,1479.22,1,1,1,3,113,Others,1
17591.0,2011-09-27 13:42:00,8,2776.67,72,2,3,4,234,Big Spenders,1
17592.0,2009-12-01 10:49:00,1,148.3,738,4,1,1,411,Recent Customers,0
17593.0,2011-12-06 10:30:00,11,8095.8,3,1,3,4,134,Big Spenders,1
17594.0,2011-09-15 16:34:00,4,2497.88,84,2,2,4,224,Big Spenders,1
17595.0,2011-11-27 16:08:00,2,388.79,11,1,1,2,112,Others,1
17596.0,2011-11-16 14:11:00,13,4920.67,22,1,3,4,134,Big Spenders,1
17597.0,2011-05-10 11:54:00,5,3484.09,213,3,2,4,324,Big Spenders,1
17598.0,2010-11-23 17:43:00,1,409.98,380,4,1,2,412,Recent Customers,0
17599.0,2010-08-19 12:50:00,1,52.05,477,4,1,1,411,Recent Customers,0
17600.0,2011-11-22 09:43:00,1,161.67000000000002,17,1,1,1,111,Others,1
17601.0,2011-04-14 18:02:00,2,421.48,238,3,1,2,312,Others,1
17602.0,2011-12-07 13:53:00,14,7451.13,1,1,3,4,134,Big Spenders,1
17603.0,2011-09-22 14:18:00,4,1793.48,77,2,2,3,223,Others,1
17604.0,2011-05-06 13:43:00,6,945.9300000000001,216,3,2,3,323,Others,1
17605.0,2010-04-28 14:45:00,1,160.75,589,4,1,1,411,Recent Customers,0
17606.0,2009-12-02 13:32:00,1,87.30000000000001,736,4,1,1,411,Recent Customers,0
17607.0,2010-11-28 13:11:00,1,333.81,375,3,1,1,311,Others,0
17608.0,2011-11-06 13:06:00,4,498.53,32,2,2,2,222,Others,1
17609.0,2011-10-30 12:28:00,11,1894.34,40,2,3,3,233,Others,1
17610.0,2010-06-17 16:34:00,5,1529.49,539,4,2,3,423,Recent Customers,0
17611.0,2011-12-02 13:29:00,28,8371.98,6,1,3,4,134,Big Spenders,1
17612.0,2011-10-17 14:59:00,18,5394.86,52,2,3,4,234,Big Spenders,1
17613.0,2011-11-17 10:51:00,14,4559.15,22,1,3,4,134,Big Spenders,1
17614.0,2011-10-13 16:01:00,1,390.07,56,2,1,2,212,Others,1
17615.0,2011-08-01 14:06:00,6,733.2,129,3,2,2,322,Others,1
17616.0,2011-06-19 10:11:00,4,1060.8,173,3,2,3,323,Others,1
17617.0,2010-05-30 12:48:00,1,395.33,558,4,1,2,412,Recent Customers,0
17618.0,2011-12-04 11:50:00,11,4073.2400000000002,5,1,3,4,134,Big Spenders,1
17619.0,2011-01-31 14:18:00,1,218.52,311,3,1,1,311,Others,0
17620.0,2011-10-11 12:08:00,1,81.44,59,2,1,1,211,Others,1
17621.0,2011-11-18 17:11:00,6,3175.12,20,1,2,4,124,Big Spenders,1
17622.0,2010-04-21 12:36:00,2,1130.21,597,4,1,3,413,Recent Customers,0
17623.0,2011-11-07 11:32:00,7,2383.67,32,2,2,4,224,Big Spenders,1
17624.0,2011-11-25 10:52:00,4,1568.63,14,1,2,3,123,Others,1
17625.0,2011-11-21 13:36:00,8,6067.8,17,1,3,4,134,Big Spenders,1
17626.0,2010-04-16 12:15:00,1,254.0,602,4,1,1,411,Recent Customers,0
17627.0,2010-08-18 11:27:00,1,296.36,478,4,1,1,411,Recent Customers,0
17628.0,2011-09-19 15:21:00,1,75.75,80,2,1,1,211,Others,1
17629.0,2011-12-04 10:56:00,10,2455.52,5,1,3,4,134,Big Spenders,1
17630.0,2011-06-23 11:58:00,2,503.59999999999997,169,3,1,2,312,Others,1
17631.0,2011-12-08 09:47:00,7,998.49,1,1,2,3,123,Others,1
17633.0,2011-11-08 13:25:00,7,2057.39,30,2,2,3,223,Others,1
17634.0,2011-11-03 13:09:00,9,2361.9700000000003,35,2,3,4,234,Big Spenders,1
17635.0,2010-10-11 15:12:00,3,1265.58,423,4,1,3,413,Recent Customers,0
17636.0,2011-11-20 14:40:00,1,285.56,18,1,1,1,111,Others,1
17637.0,2011-11-08 12:51:00,2,547.0600000000001,30,2,1,2,212,Others,1
17638.0,2010-03-02 14:32:00,2,842.4,646,4,1,2,412,Recent Customers,0
17639.0,2011-03-08 15:22:00,6,615.17,275,3,2,2,322,Others,0
17640.0,2011-09-14 09:13:00,6,3168.94,86,2,2,4,224,Big Spenders,1
17642.0,2011-08-12 09:11:00,5,1824.49,119,3,2,3,323,Others,1
17643.0,2010-12-01 14:38:00,2,541.25,372,3,1,2,312,Others,0
17644.0,2011-12-08 13:43:00,20,6028.6,0,1,3,4,134,Big Spenders,1
17646.0,2011-05-04 13:17:00,12,4149.79,218,3,3,4,334,Big Spenders,1
17647.0,2011-10-05 15:38:00,3,331.65999999999997,64,2,1,1,211,Others,1
17648.0,2011-10-10 09:41:00,5,2216.37,60,2,2,3,223,Others,1
17649.0,2011-07-24 15:53:00,3,1578.89,137,3,1,3,313,Others,1
17650.0,2011-11-18 14:52:00,1,166.08,20,1,1,1,111,Others,1
17651.0,2011-11-28 10:29:00,16,5703.52,11,1,3,4,134,Big Spenders,1
17652.0,2011-11-14 12:55:00,12,4867.72,24,1,3,4,134,Big Spenders,1
17653.0,2011-11-03 12:46:00,4,1207.56,36,2,2,3,223,Others,1
17654.0,2011-03-07 13:17:00,1,117.55,276,3,1,1,311,Others,0
17655.0,2011-11-29 11:34:00,9,3652.48,10,1,3,4,134,Big Spenders,1
17656.0,2011-09-27 13:04:00,5,1674.69,72,2,2,3,223,Others,1
17657.0,2010-10-05 14:52:00,1,126.0,429,4,1,1,411,Recent Customers,0
17658.0,2011-11-14 12:07:00,2,595.42,25,1,1,2,112,Others,1
17659.0,2011-11-22 13:29:00,14,3834.79,16,1,3,4,134,Big Spenders,1
17660.0,2011-07-21 13:37:00,2,359.47,140,3,1,2,312,Others,1
17662.0,2010-02-16 09:38:00,2,412.92,661,4,1,2,412,Recent Customers,0
17663.0,2011-11-14 08:56:00,17,5175.83,25,1,3,4,134,Big Spenders,1
17664.0,2011-11-21 11:29:00,4,1166.23,18,1,2,3,123,Others,1
17665.0,2010-08-03 13:12:00,1,563.1,492,4,1,2,412,Recent Customers,0
17666.0,2011-12-06 09:06:00,5,2047.8,3,1,2,3,123,Others,1
17667.0,2011-10-04 14:32:00,9,3950.7,65,2,3,4,234,Big Spenders,1
17668.0,2011-12-08 13:25:00,2,347.75,0,1,1,1,111,Others,1
17669.0,2011-10-28 08:53:00,10,6142.35,42,2,3,4,234,Big Spenders,1
17670.0,2011-04-26 09:12:00,1,205.7,227,3,1,1,311,Others,1
17671.0,2011-11-24 12:21:00,5,2403.34,15,1,2,4,124,Big Spenders,1
17672.0,2011-10-20 14:18:00,7,5778.63,49,2,2,4,224,Big Spenders,1
17673.0,2011-12-08 12:50:00,13,4233.58,1,1,3,4,134,Big Spenders,1
17674.0,2011-09-26 13:35:00,2,851.7,73,2,1,2,212,Others,1
17675.0,2011-12-08 18:03:00,70,38259.6,0,1,3,4,134,Big Spenders,2
17676.0,2011-12-05 15:16:00,10,2765.84,3,1,3,4,134,Big Spenders,1
17677.0,2011-12-08 09:56:00,54,36692.91,1,1,3,4,134,Big Spenders,1
17678.0,2011-03-21 11:52:00,2,599.76,263,3,1,2,312,Others,0
17679.0,2011-10-18 07:43:00,7,3577.61,52,2,2,4,224,Big Spenders,1
17680.0,2011-11-16 12:42:00,3,497.45,23,1,1,2,112,Others,1
17681.0,2010-04-21 17:22:00,5,731.1999999999999,596,4,2,2,422,Recent Customers,0
17682.0,2011-11-29 15:59:00,11,4456.78,9,1,3,4,134,Big Spenders,1
17683.0,2010-11-19 10:11:00,3,819.01,385,4,1,2,412,Recent Customers,0
17684.0,2011-10-27 11:10:00,1,239.41,43,2,1,1,211,Others,1
17685.0,2011-11-23 11:36:00,12,5943.17,16,1,3,4,134,Big Spenders,1
17686.0,2011-12-02 15:39:00,9,8296.81,6,1,3,4,134,Big Spenders,1
17687.0,2010-10-15 12:30:00,1,432.68,420,4,1,2,412,Recent Customers,0
17688.0,2010-11-11 10:41:00,1,304.2,393,4,1,1,411,Recent Customers,0
17689.0,2010-11-16 13:22:00,2,317.08,387,4,1,1,411,Recent Customers,0
17690.0,2011-11-09 15:17:00,20,7448.1,29,2,3,4,234,Big Spenders,1
17691.0,2010-12-16 17:20:00,4,780.0500000000001,357,3,2,2,322,Others,0
17692.0,2011-08-04 14:01:00,12,2975.8,126,3,3,4,334,Big Spenders,1
17693.0,2011-07-25 15:48:00,1,200.47,136,3,1,1,311,Others,1
17694.0,2011-07-21 12:00:00,3,1695.97,141,3,1,3,313,Others,1
17695.0,2011-07-31 10:40:00,5,1746.04,131,3,2,3,323,Others,1
17696.0,2011-11-01 13:43:00,27,7679.59,37,2,3,4,234,Big Spenders,1
17697.0,2011-04-17 15:40:00,1,338.95,235,3,1,1,311,Others,1
17698.0,2011-03-24 11:34:00,1,154.95,260,3,1,1,311,Others,0
17699.0,2010-08-20 09:39:00,2,442.0,476,4,1,2,412,Recent Customers,0
17700.0,2011-11-23 11:51:00,14,6679.97,16,1,3,4,134,Big Spenders,1
17701.0,2011-04-01 12:25:00,1,417.95,252,3,1,2,312,Others,0
17702.0,2011-11-09 16:03:00,6,3144.04,29,2,2,4,224,Big Spenders,1
17703.0,2011-11-04 15:51:00,4,1094.84,34,2,2,3,223,Others,1
17704.0,2011-06-24 09:40:00,2,885.19,168,3,1,2,312,Others,1
17705.0,2011-12-06 13:45:00,11,2083.9,2,1,3,3,133,Others,1
17706.0,2011-12-05 13:34:00,31,20749.98,3,1,3,4,134,Big Spenders,1
17707.0,2011-06-07 15:03:00,8,609.3000000000001,184,3,3,2,332,Others,1
17708.0,2011-06-05 10:12:00,4,887.9300000000001,187,3,2,2,322,Others,1
17709.0,2011-06-23 11:55:00,5,671.01,169,3,2,2,322,Others,1
17710.0,2010-10-12 07:49:00,1,293.5,423,4,1,1,411,Recent Customers,0
17711.0,2011-11-29 11:40:00,2,385.1,10,1,1,2,112,Others,1
17712.0,2011-10-26 12:28:00,1,522.91,44,2,1,2,212,Others,1
17713.0,2010-11-22 16:50:00,4,1198.09,381,4,2,3,423,Recent Customers,0
17714.0,2011-01-23 10:32:00,5,1410.18,320,3,2,3,323,Others,0
17715.0,2011-05-23 12:32:00,2,489.59999999999997,200,3,1,2,312,Others,1
17716.0,2011-11-17 12:00:00,24,15956.97,22,1,3,4,134,Big Spenders,1
17717.0,2010-10-14 12:54:00,1,376.92,420,4,1,2,412,Recent Customers,0
17718.0,2011-04-21 13:39:00,2,439.18,231,3,1,2,312,Others,1
17719.0,2011-11-02 10:36:00,15,5396.04,37,2,3,4,234,Big Spenders,1
17720.0,2011-11-13 15:04:00,10,2768.91,25,1,3,4,134,Big Spenders,1
17721.0,2010-02-18 15:18:00,1,307.21,658,4,1,1,411,Recent Customers,0
17722.0,2011-09-04 15:22:00,5,4430.36,95,2,2,4,224,Big Spenders,1
17723.0,2011-08-04 18:37:00,7,3378.4,126,3,2,4,324,Big Spenders,1
17724.0,2011-09-29 15:26:00,3,1033.0,70,2,1,3,213,Others,1
17725.0,2011-11-23 16:34:00,11,3439.08,15,1,3,4,134,Big Spenders,1
17726.0,2010-11-09 13:37:00,7,1092.06,394,4,2,3,423,Recent Customers,0
17727.0,2011-11-24 17:06:00,1,1060.25,14,1,1,3,113,Others,1
17728.0,2011-12-06 08:52:00,5,4238.76,3,1,2,4,124,Big Spenders,1
17729.0,2010-04-22 15:03:00,1,438.65000000000003,595,4,1,2,412,Recent Customers,0
17730.0,2011-12-06 15:43:00,20,7773.8,2,1,3,4,134,Big Spenders,1
17731.0,2011-09-21 15:02:00,6,1708.99,78,2,2,3,223,Others,1
17732.0,2010-12-02 09:29:00,8,2470.39,372,3,3,4,334,Big Spenders,0
17733.0,2011-11-01 08:16:00,2,692.19,38,2,1,2,212,Others,1
17734.0,2011-10-17 12:33:00,6,1442.32,53,2,2,3,223,Others,1
17735.0,2011-12-07 16:47:00,26,17244.93,1,1,3,4,134,Big Spenders,1
17736.0,2011-11-30 15:36:00,3,377.44,8,1,1,2,112,Others,1
17737.0,2011-11-30 15:16:00,2,168.24,8,1,1,1,111,Others,1
17738.0,2011-11-20 15:05:00,13,4183.56,18,1,3,4,134,Big Spenders,1
17739.0,2011-11-28 09:12:00,18,7730.59,11,1,3,4,134,Big Spenders,1
17740.0,2010-11-15 16:33:00,6,426.90000000000003,388,4,2,2,422,Recent Customers,0
17741.0,2010-10-29 11:59:00,2,101.1,406,4,1,1,411,Recent Customers,0
17742.0,2011-08-18 15:28:00,11,2098.48,112,3,3,3,333,Others,1
17743.0,2010-09-17 14:54:00,1,229.2,447,4,1,1,411,Recent Customers,0
17744.0,2011-12-06 12:11:00,7,2649.14,3,1,2,4,124,Big Spenders,1
17745.0,2010-08-19 12:30:00,2,600.34,477,4,1,2,412,Recent Customers,0
17746.0,2011-04-13 14:31:00,4,904.1800000000001,239,3,2,3,323,Others,1
17747.0,2011-08-19 08:13:00,1,71.4,112,3,1,1,311,Others,1
17748.0,2010-06-30 13:49:00,1,358.15,526,4,1,2,412,Recent Customers,0
17749.0,2011-06-14 15:45:00,3,1026.18,177,3,1,3,313,Others,1
17750.0,2011-12-04 14:09:00,9,1797.57,4,1,3,3,133,Others,1
17751.0,2010-10-14 13:57:00,1,157.86,420,4,1,1,411,Recent Customers,0
17752.0,2010-12-15 16:19:00,1,80.64,358,3,1,1,311,Others,0
17753.0,2010-09-01 15:49:00,4,390.56,463,4,2,2,422,Recent Customers,0
17754.0,2011-12-09 11:20:00,13,4577.53,0,1,3,4,134,Big Spenders,1
17756.0,2010-11-29 12:20:00,3,733.7,375,3,1,2,312,Others,0
17757.0,2011-12-08 15:31:00,56,9422.45,0,1,3,4,134,Big Spenders,1
17758.0,2011-11-20 14:45:00,12,5012.53,18,1,3,4,134,Big Spenders,1
17759.0,2011-11-22 16:02:00,5,1276.91,16,1,2,3,123,Others,1
17760.0,2011-11-18 10:56:00,6,918.93,21,1,2,3,123,Others,1
17761.0,2011-11-07 10:23:00,1,712.78,32,2,1,2,212,Others,1
17762.0,2010-09-09 17:40:00,1,129.75,455,4,1,1,411,Recent Customers,0
17763.0,2011-03-21 14:25:00,4,86.15,262,3,2,1,321,Others,0
17764.0,2011-10-20 11:03:00,5,1623.64,50,2,2,3,223,Others,1
17765.0,2011-07-04 12:41:00,4,530.8,158,3,2,2,322,Others,1
17766.0,2010-11-23 14:29:00,2,299.61,380,4,1,1,411,Recent Customers,0
17767.0,2011-11-24 14:42:00,2,413.05,14,1,1,2,112,Others,1
17768.0,2011-12-01 13:22:00,7,3509.51,7,1,2,4,124,Big Spenders,1
17769.0,2011-11-27 11:18:00,17,7103.08,12,1,3,4,134,Big Spenders,1
17770.0,2011-05-25 12:34:00,5,1143.27,198,3,2,3,323,Others,1
17771.0,2011-10-14 11:43:00,4,387.41,56,2,2,2,222,Others,1
17772.0,2011-11-29 11:05:00,3,384.77,10,1,1,2,112,Others,1
17773.0,2010-07-13 14:07:00,2,585.27,513,4,1,2,412,Recent Customers,0
17774.0,2011-09-04 12:49:00,9,3328.05,96,3,3,4,334,Big Spenders,1
17775.0,2011-03-30 10:50:00,1,56.4,254,3,1,1,311,Others,0
17776.0,2010-11-18 12:14:00,2,338.56,386,4,1,1,411,Recent Customers,0
17777.0,2011-11-15 12:02:00,3,665.86,24,1,1,2,112,Others,1
17778.0,2010-02-16 12:44:00,1,197.70000000000002,661,4,1,1,411,Recent Customers,0
17779.0,2011-11-18 14:15:00,3,658.57,20,1,1,2,112,Others,1
17780.0,2010-02-10 13:43:00,3,352.91,666,4,1,2,412,Recent Customers,0
17781.0,2011-07-03 16:00:00,2,188.02,158,3,1,1,311,Others,1
17782.0,2010-11-22 11:15:00,2,679.02,382,4,1,2,412,Recent Customers,0
17783.0,2011-09-28 16:07:00,3,379.91,71,2,1,2,212,Others,1
17784.0,2010-06-07 16:08:00,1,112.86,549,4,1,1,411,Recent Customers,0
17785.0,2011-10-17 13:43:00,3,403.38,52,2,1,2,212,Others,1
17786.0,2011-09-15 12:51:00,2,278.74,84,2,1,1,211,Others,1
17787.0,2011-07-10 11:24:00,4,2601.4700000000003,152,3,2,4,324,Big Spenders,1
17788.0,2011-09-27 10:09:00,2,1117.9,73,2,1,3,213,Others,1
17789.0,2011-03-03 13:14:00,2,397.15,280,3,1,2,312,Others,0
17790.0,2011-11-13 11:30:00,20,2783.61,26,2,3,4,234,Big Spenders,1
17791.0,2011-11-10 12:09:00,1,106.1,29,2,1,1,211,Others,1
17792.0,2010-08-29 14:30:00,2,370.05,466,4,1,2,412,Recent Customers,0
17793.0,2011-11-14 14:24:00,1,323.04,24,1,1,1,111,Others,1
17794.0,2010-01-22 10:18:00,2,147.3,686,4,1,1,411,Recent Customers,0
17795.0,2011-06-13 12:36:00,2,350.39,179,3,1,2,312,Others,1
17796.0,2011-10-30 15:38:00,7,1361.99,39,2,2,3,223,Others,1
17797.0,2011-11-17 13:21:00,8,1985.8700000000001,21,1,3,3,133,Others,1
17798.0,2010-05-07 11:42:00,1,183.09,581,4,1,1,411,Recent Customers,0
17799.0,2011-11-17 15:16:00,20,6341.89,21,1,3,4,134,Big Spenders,1
17800.0,2011-11-02 12:57:00,9,1199.01,36,2,3,3,233,Others,1
17801.0,2010-09-14 14:32:00,3,798.3299999999999,450,4,1,2,412,Recent Customers,0
17802.0,2011-09-18 14:56:00,10,5053.12,81,2,3,4,234,Big Spenders,1
17803.0,2010-11-12 13:53:00,1,184.66,391,4,1,1,411,Recent Customers,0
17804.0,2010-11-28 14:01:00,3,385.23,375,3,1,2,312,Others,0
17805.0,2011-09-27 11:49:00,2,927.03,73,2,1,3,213,Others,1
17806.0,2011-11-28 14:12:00,1,546.04,10,1,1,2,112,Others,1
17807.0,2010-11-09 16:21:00,3,437.87,394,4,1,2,412,Recent Customers,0
17808.0,2010-06-09 10:44:00,4,262.64,548,4,2,1,421,Recent Customers,0
17809.0,2011-11-23 12:59:00,20,11337.39,15,1,3,4,134,Big Spenders,1
17810.0,2010-02-09 10:47:00,2,374.81,668,4,1,2,412,Recent Customers,0
17811.0,2011-12-05 13:46:00,47,9609.8,3,1,3,4,134,Big Spenders,1
17812.0,2011-11-27 11:47:00,7,1165.8899999999999,12,1,2,3,123,Others,1
17813.0,2011-11-25 16:13:00,5,1770.8799999999999,13,1,2,3,123,Others,1
17814.0,2010-11-29 14:21:00,2,1617.32,374,3,1,3,313,Others,0
17815.0,2010-11-11 14:39:00,1,591.96,392,4,1,2,412,Recent Customers,0
17816.0,2011-11-03 11:34:00,6,112.32,36,2,2,1,221,Others,1
17817.0,2011-12-05 14:39:00,6,807.85,3,1,2,2,122,Others,1
17818.0,2009-12-02 11:34:00,1,130.18,737,4,1,1,411,Recent Customers,0
17819.0,2011-09-29 10:52:00,12,6612.5199999999995,71,2,3,4,234,Big Spenders,1
17820.0,2010-11-30 17:43:00,1,183.56,373,3,1,1,311,Others,0
17821.0,2010-10-29 13:20:00,1,334.62,405,4,1,1,411,Recent Customers,0
17822.0,2010-10-15 13:47:00,5,2188.5,419,4,2,3,423,Recent Customers,0
17823.0,2010-10-14 16:24:00,2,494.25,420,4,1,2,412,Recent Customers,0
17824.0,2011-10-19 14:14:00,1,298.4,50,2,1,1,211,Others,1
17825.0,2010-04-20 12:01:00,4,731.96,598,4,2,2,422,Recent Customers,0
17826.0,2010-11-30 13:23:00,1,134.59,373,3,1,1,311,Others,0
17827.0,2011-12-04 15:00:00,6,2388.05,4,1,2,4,124,Big Spenders,1
17828.0,2011-11-17 08:41:00,4,1820.09,22,1,2,3,123,Others,1
17829.0,2011-02-14 12:46:00,5,4756.74,298,3,2,4,324,Big Spenders,0
17830.0,2011-12-08 12:28:00,3,398.7,1,1,1,2,112,Others,1
17831.0,2011-11-06 15:09:00,1,35.400000000000006,32,2,1,1,211,Others,1
17832.0,2011-10-21 11:43:00,1,155.37,49,2,1,1,211,Others,1
17833.0,2009-12-16 13:40:00,1,342.36,722,4,1,1,411,Recent Customers,0
17834.0,2010-10-21 12:09:00,2,730.47,414,4,1,2,412,Recent Customers,0
17835.0,2011-12-07 11:48:00,3,350.64,2,1,1,2,112,Others,1
17836.0,2011-10-23 16:13:00,1,110.21,46,2,1,1,211,Others,1
17837.0,2011-10-28 16:13:00,8,1593.38,41,2,3,3,233,Others,1
17838.0,2011-11-13 11:20:00,13,6722.900000000001,26,2,3,4,234,Big Spenders,1
17839.0,2011-10-28 17:27:00,1,338.8,41,2,1,1,211,Others,1
17840.0,2010-09-22 12:24:00,1,185.72,443,4,1,1,411,Recent Customers,0
17841.0,2011-12-08 12:07:00,211,70884.07,1,1,3,4,134,Big Spenders,2
17842.0,2010-04-16 14:23:00,1,430.69,601,4,1,2,412,Recent Customers,0
17843.0,2011-02-09 15:33:00,2,326.23,302,3,1,1,311,Others,0
17844.0,2011-08-25 11:27:00,1,51.56,106,3,1,1,311,Others,1
17845.0,2010-06-02 15:20:00,4,598.19,554,4,2,2,422,Recent Customers,0
17846.0,2011-09-15 15:20:00,1,2033.1,84,2,1,3,213,Others,1
17847.0,2010-07-12 10:00:00,2,129.69,515,4,1,1,411,Recent Customers,0
17848.0,2011-09-19 16:49:00,30,3650.9,80,2,3,4,234,Big Spenders,1
17849.0,2011-05-05 13:46:00,8,1063.76,217,3,3,3,333,Others,1
17850.0,2010-12-02 15:27:00,155,56600.08,371,3,3,4,334,Big Spenders,2
17851.0,2010-10-13 15:13:00,6,1563.34,421,4,2,3,423,Recent Customers,0
17852.0,2011-11-28 12:36:00,5,663.21,11,1,2,2,122,Others,1
17853.0,2010-10-28 15:29:00,3,1608.19,406,4,1,3,413,Recent Customers,0
17854.0,2011-06-07 16:21:00,6,1071.45,184,3,2,3,323,Others,1
17855.0,2010-12-02 09:44:00,1,417.94,372,3,1,2,312,Others,0
17856.0,2011-12-08 09:40:00,4,1418.03,1,1,2,3,123,Others,1
17857.0,2011-12-05 13:13:00,24,28682.24,3,1,3,4,134,Big Spenders,1
17858.0,2011-12-04 11:56:00,30,12797.65,5,1,3,4,134,Big Spenders,1
17859.0,2011-02-08 10:32:00,1,148.21,304,3,1,1,311,Others,0
17860.0,2010-12-06 12:41:00,4,1015.54,368,3,2,3,323,Others,0
17861.0,2011-12-06 16:21:00,18,5127.69,2,1,3,4,134,Big Spenders,1
17862.0,2011-01-20 12:23:00,4,1279.09,323,3,2,3,323,Others,0
17863.0,2011-10-11 13:45:00,12,5745.2,58,2,3,4,234,Big Spenders,1
17864.0,2011-11-27 11:15:00,5,924.32,12,1,2,3,123,Others,1
17865.0,2011-11-09 12:08:00,46,26374.39,30,2,3,4,234,Big Spenders,1
17866.0,2011-07-20 11:07:00,3,1134.95,142,3,1,3,313,Others,1
17867.0,2011-11-09 14:15:00,15,1621.28,29,2,3,3,233,Others,1
17868.0,2010-11-18 18:55:00,1,234.65,385,4,1,1,411,Recent Customers,0
17869.0,2011-08-24 16:16:00,7,1036.16,106,3,2,3,323,Others,1
17870.0,2011-12-07 15:07:00,13,3108.15,1,1,3,4,134,Big Spenders,1
17871.0,2011-05-19 11:32:00,5,1118.99,204,3,2,3,323,Others,1
17872.0,2010-11-23 12:02:00,1,235.87,381,4,1,1,411,Recent Customers,0
17873.0,2011-09-20 16:41:00,18,6515.88,79,2,3,4,234,Big Spenders,1
17874.0,2011-06-07 12:54:00,6,683.46,184,3,2,2,322,Others,1
17875.0,2010-01-20 15:30:00,1,167.1,687,4,1,1,411,Recent Customers,0
17876.0,2010-11-05 10:52:00,3,3424.02,399,4,1,4,414,Recent Customers,0
17877.0,2011-06-22 13:00:00,1,237.60999999999999,169,3,1,1,311,Others,1
17878.0,2011-10-27 11:24:00,3,1412.33,43,2,1,3,213,Others,1
17879.0,2011-06-19 12:36:00,1,178.51999999999998,173,3,1,1,311,Others,1
17880.0,2010-12-10 10:21:00,3,824.9200000000001,364,3,1,2,312,Others,0
17881.0,2011-02-08 17:16:00,1,133.35,303,3,1,1,311,Others,0
17882.0,2010-11-25 14:40:00,2,313.46,378,3,1,1,311,Others,0
17883.0,2011-12-06 17:49:00,7,995.85,2,1,2,3,123,Others,1
17884.0,2011-12-06 11:33:00,20,3072.89,3,1,3,4,134,Big Spenders,1
17885.0,2011-11-27 14:40:00,1,190.19,11,1,1,1,111,Others,1
17886.0,2011-11-08 10:09:00,6,1608.38,31,2,2,3,223,Others,1
17887.0,2011-08-02 17:29:00,1,111.35,128,3,1,1,311,Others,1
17888.0,2011-11-18 13:45:00,25,1820.44,20,1,3,3,133,Others,1
17889.0,2011-05-11 16:26:00,7,774.87,211,3,2,2,322,Others,1
17890.0,2011-01-21 11:19:00,2,602.09,322,3,1,2,312,Others,0
17891.0,2011-06-30 20:08:00,1,203.85999999999999,161,3,1,1,311,Others,1
17892.0,2011-10-14 16:49:00,3,244.1,55,2,1,1,211,Others,1
17893.0,2011-04-28 13:50:00,1,112.25,224,3,1,1,311,Others,1
17894.0,2011-09-29 09:23:00,18,2453.38,71,2,3,4,234,Big Spenders,1
17895.0,2011-10-26 17:00:00,1,98.0,43,2,1,1,211,Others,1
17896.0,2011-11-16 13:59:00,1,256.32,22,1,1,1,111,Others,1
17897.0,2011-06-20 11:23:00,9,2585.0,172,3,3,4,334,Big Spenders,1
17898.0,2011-09-15 14:56:00,4,299.18,84,2,2,1,221,Others,1
17899.0,2011-07-03 14:58:00,1,155.79999999999998,158,3,1,1,311,Others,1
17900.0,2011-06-02 14:38:00,2,112.19999999999999,189,3,1,1,311,Others,1
17901.0,2011-11-10 17:29:00,3,260.08,28,2,1,1,211,Others,1
17902.0,2010-06-11 12:25:00,1,216.4,546,4,1,1,411,Recent Customers,0
17903.0,2010-11-10 15:39:00,1,381.09000000000003,393,4,1,2,412,Recent Customers,0
17904.0,2011-11-18 12:57:00,1,191.67,20,1,1,1,111,Others,1
17905.0,2011-09-29 17:33:00,13,2383.52,70,2,3,4,234,Big Spenders,1
17906.0,2011-04-06 17:25:00,1,72.9,246,3,1,1,311,Others,1
17907.0,2010-03-09 12:33:00,1,291.76,640,4,1,1,411,Recent Customers,0
17908.0,2010-12-01 11:45:00,5,1411.54,373,3,2,3,323,Others,0
17909.0,2009-12-02 13:10:00,1,132.55,736,4,1,1,411,Recent Customers,0
17910.0,2009-12-13 16:04:00,1,261.7,725,4,1,1,411,Recent Customers,0
17911.0,2011-11-30 14:52:00,1,366.23,8,1,1,2,112,Others,1
17912.0,2011-02-02 14:25:00,6,375.5,309,3,2,2,322,Others,0
17913.0,2011-10-12 10:45:00,14,3479.64,58,2,3,4,234,Big Spenders,1
17914.0,2011-12-06 11:58:00,1,336.43,3,1,1,1,111,Others,1
17915.0,2010-06-06 13:22:00,1,242.13,550,4,1,1,411,Recent Customers,0
17916.0,2010-03-21 12:26:00,2,43.87,628,4,1,1,411,Recent Customers,0
17917.0,2011-10-25 13:20:00,3,341.28,44,2,1,1,211,Others,1
17918.0,2010-07-27 11:51:00,3,396.39,500,4,1,2,412,Recent Customers,0
17919.0,2011-09-12 13:41:00,2,1840.32,87,2,1,3,213,Others,1
17920.0,2011-12-05 14:29:00,54,24516.46,3,1,3,4,134,Big Spenders,1
17921.0,2011-10-06 18:56:00,10,2423.5,63,2,3,4,234,Big Spenders,1
17922.0,2010-06-14 16:32:00,1,170.4,542,4,1,1,411,Recent Customers,0
17923.0,2011-03-02 15:15:00,3,497.0,281,3,1,2,312,Others,0
17924.0,2011-11-28 09:11:00,8,3536.7000000000003,11,1,3,4,134,Big Spenders,1
17925.0,2010-12-02 10:10:00,1,488.16,372,3,1,2,312,Others,0
17926.0,2011-07-29 14:39:00,5,1035.49,132,3,2,3,323,Others,1
17927.0,2009-12-18 11:03:00,1,294.0,721,4,1,1,411,Recent Customers,0
17928.0,2011-10-25 13:52:00,3,341.24,44,2,1,1,211,Others,1
17929.0,2011-11-28 16:01:00,12,3082.1,10,1,3,4,134,Big Spenders,1
17930.0,2011-11-04 10:23:00,13,4275.22,35,2,3,4,234,Big Spenders,1
17931.0,2011-07-28 18:33:00,14,3437.29,133,3,3,4,334,Big Spenders,1
17932.0,2011-11-10 19:49:00,3,1331.57,28,2,1,3,213,Others,1
17933.0,2010-03-17 15:11:00,1,114.69,631,4,1,1,411,Recent Customers,0
17934.0,2011-10-19 11:16:00,3,1049.15,51,2,1,3,213,Others,1
17935.0,2011-07-24 13:18:00,7,686.14,137,3,2,2,322,Others,1
17936.0,2011-12-04 13:32:00,1,389.84,4,1,1,2,112,Others,1
17937.0,2011-12-01 11:45:00,7,4301.22,8,1,2,4,124,Big Spenders,1
17938.0,2010-10-15 14:27:00,1,144.29,419,4,1,1,411,Recent Customers,0
17939.0,2011-07-03 12:27:00,1,99.14,159,3,1,1,311,Others,1
17940.0,2011-10-21 13:27:00,16,30393.19,48,2,3,4,234,Big Spenders,1
17941.0,2011-08-01 08:30:00,4,1433.28,130,3,2,3,323,Others,1
17942.0,2011-12-02 10:45:00,1,77.50000000000001,7,1,1,1,111,Others,1
17944.0,2010-10-12 16:25:00,1,75.41,422,4,1,1,411,Recent Customers,0
17945.0,2010-01-12 11:40:00,3,360.35,696,4,1,2,412,Recent Customers,0
17946.0,2011-04-20 17:00:00,2,149.57999999999998,232,3,1,1,311,Others,1
17947.0,2011-11-02 13:05:00,1,176.68,36,2,1,1,211,Others,1
17948.0,2011-07-15 12:58:00,1,358.56000000000006,146,3,1,2,312,Others,1
17949.0,2011-12-08 18:46:00,118,118628.08,0,1,3,4,134,Big Spenders,2
17950.0,2011-09-28 15:18:00,7,1432.81,71,2,2,3,223,Others,1
17951.0,2011-10-31 12:30:00,4,1636.0800000000002,39,2,2,3,223,Others,1
17952.0,2010-11-26 13:54:00,4,819.61,377,3,2,2,322,Others,0
17953.0,2010-06-17 15:08:00,1,160.82,539,4,1,1,411,Recent Customers,0
17954.0,2011-12-04 14:15:00,19,3966.05,4,1,3,4,134,Big Spenders,1
17955.0,2011-05-25 12:00:00,6,949.9,198,3,2,3,323,Others,1
17956.0,2011-04-04 13:47:00,1,12.75,248,3,1,1,311,Others,1
17957.0,2011-10-04 14:58:00,1,111.68,65,2,1,1,211,Others,1
17958.0,2011-08-15 12:19:00,2,973.88,116,3,1,3,313,Others,1
17959.0,2010-04-26 14:12:00,1,140.75,591,4,1,1,411,Recent Customers,0
17960.0,2011-06-21 14:15:00,3,135.08,170,3,1,1,311,Others,1
17961.0,2011-11-18 16:55:00,100,2995.54,20,1,3,4,134,Big Spenders,2
17962.0,2011-07-20 14:16:00,4,687.42,141,3,2,2,322,Others,1
17963.0,2010-08-25 15:58:00,4,651.51,470,4,2,2,422,Recent Customers,0
17964.0,2011-11-08 10:44:00,2,733.46,31,2,1,2,212,Others,1
17965.0,2011-11-02 09:31:00,29,7240.9800000000005,37,2,3,4,234,Big Spenders,1
17966.0,2011-11-02 10:26:00,10,1974.42,37,2,3,3,233,Others,1
17967.0,2010-12-03 11:19:00,2,357.29,371,3,1,2,312,Others,0
17968.0,2010-12-01 12:23:00,4,888.04,373,3,2,2,322,Others,0
17969.0,2011-06-26 13:00:00,20,2369.94,165,3,3,4,334,Big Spenders,1
17970.0,2011-05-12 20:03:00,1,582.59,210,3,1,2,312,Others,1
17971.0,2010-06-09 14:04:00,1,161.94,547,4,1,1,411,Recent Customers,0
17972.0,2011-04-12 12:16:00,1,136.04,241,3,1,1,311,Others,1
17973.0,2011-10-19 10:34:00,1,337.04,51,2,1,1,211,Others,1
17974.0,2011-11-15 11:37:00,6,1858.06,24,1,2,3,123,Others,1
17975.0,2011-11-24 13:27:00,24,7028.83,14,1,3,4,134,Big Spenders,1
17976.0,2010-12-02 13:49:00,1,706.38,371,3,1,2,312,Others,0
17977.0,2011-11-10 13:28:00,2,1565.6299999999999,28,2,1,3,213,Others,1
17978.0,2010-12-09 14:05:00,4,1461.76,364,3,2,3,323,Others,0
17979.0,2011-11-04 12:05:00,4,757.71,35,2,2,2,222,Others,1
17980.0,2011-06-27 12:01:00,4,1033.42,165,3,2,3,323,Others,1
17981.0,2010-10-25 10:40:00,1,239.12,410,4,1,1,411,Recent Customers,0
17982.0,2010-01-28 09:38:00,1,138.18,680,4,1,1,411,Recent Customers,0
17983.0,2010-11-09 13:24:00,1,171.71,394,4,1,1,411,Recent Customers,0
17984.0,2011-07-17 15:59:00,5,1191.27,144,3,2,3,323,Others,1
17985.0,2011-11-17 14:24:00,1,634.95,21,1,1,2,112,Others,1
17986.0,2011-10-14 14:22:00,1,20.8,55,2,1,1,211,Others,1
17987.0,2011-06-07 14:22:00,5,1003.64,184,3,2,3,323,Others,1
17988.0,2011-11-28 11:00:00,14,489.54,11,1,3,2,132,Others,1
17989.0,2010-11-25 13:49:00,1,228.82999999999998,378,3,1,1,311,Others,0
17990.0,2011-04-17 11:44:00,6,1527.6100000000001,236,3,2,3,323,Others,1
17991.0,2011-04-28 15:58:00,3,320.55,224,3,1,1,311,Others,1
17992.0,2010-11-15 13:04:00,1,254.13,388,4,1,1,411,Recent Customers,0
17993.0,2010-04-01 14:23:00,1,235.19,616,4,1,1,411,Recent Customers,0
17994.0,2011-08-10 11:41:00,11,2313.32,121,3,3,4,334,Big Spenders,1
17995.0,2011-03-03 12:30:00,3,495.48,281,3,1,2,312,Others,0
17996.0,2010-11-25 11:00:00,3,482.33,379,3,1,2,312,Others,0
17997.0,2011-09-26 16:13:00,8,1970.67,73,2,3,3,233,Others,1
17998.0,2010-11-24 15:31:00,3,639.24,379,3,1,2,312,Others,0
17999.0,2011-11-02 15:56:00,3,730.9,36,2,1,2,212,Others,1
18000.0,2010-05-24 17:34:00,1,124.25,563,4,1,1,411,Recent Customers,0
18001.0,2011-11-27 16:02:00,6,953.84,11,1,2,3,123,Others,1
18002.0,2010-11-29 10:57:00,4,249.92,375,3,2,1,321,Others,0
18003.0,2010-11-28 15:09:00,1,358.61,375,3,1,2,312,Others,0
18004.0,2010-12-12 13:47:00,1,169.47,361,3,1,1,311,Others,0
18005.0,2011-12-06 11:51:00,2,249.72,3,1,1,1,111,Others,1
18006.0,2011-11-16 16:52:00,4,997.86,22,1,2,3,123,Others,1
18007.0,2010-11-12 11:08:00,1,220.32,392,4,1,1,411,Recent Customers,0
18008.0,2011-09-30 15:17:00,23,19787.13,69,2,3,4,234,Big Spenders,1
18009.0,2011-04-18 13:36:00,8,2155.83,234,3,3,3,333,Others,1
18010.0,2011-03-28 12:27:00,1,174.8,256,3,1,1,311,Others,0
18011.0,2010-12-01 17:35:00,2,527.03,372,3,1,2,312,Others,0
18012.0,2009-12-16 13:16:00,1,115.3,722,4,1,1,411,Recent Customers,0
18013.0,2011-07-07 14:11:00,2,187.29,154,3,1,1,311,Others,1
18014.0,2011-11-11 15:28:00,1,166.42,27,2,1,1,211,Others,1
18015.0,2011-12-05 14:49:00,1,120.03,3,1,1,1,111,Others,1
18016.0,2011-11-07 13:25:00,7,1960.46,31,2,2,3,223,Others,1
18017.0,2011-09-19 16:15:00,4,688.0,80,2,2,2,222,Others,1
18018.0,2011-08-23 17:37:00,4,297.99,107,3,2,1,321,Others,1
18019.0,2011-10-19 12:10:00,1,38.45,51,2,1,1,211,Others,1
18020.0,2010-06-14 12:31:00,1,190.48,543,4,1,1,411,Recent Customers,0
18021.0,2010-07-18 10:52:00,2,227.06,509,4,1,1,411,Recent Customers,0
18022.0,2011-11-04 12:45:00,5,1651.79,35,2,2,3,223,Others,1
18024.0,2011-07-10 12:40:00,2,389.78,152,3,1,2,312,Others,1
18025.0,2010-11-25 12:37:00,6,1177.72,379,3,2,3,323,Others,0
18026.0,2010-07-27 10:37:00,2,2074.07,500,4,1,3,413,Recent Customers,0
18027.0,2011-09-02 10:38:00,1,115.31,98,3,1,1,311,Others,1
18028.0,2010-05-05 13:28:00,1,192.05,582,4,1,1,411,Recent Customers,0
18029.0,2010-03-07 15:30:00,1,433.77,641,4,1,2,412,Recent Customers,0
18030.0,2011-12-05 16:37:00,2,230.64999999999998,3,1,1,1,111,Others,1
18031.0,2010-11-26 11:00:00,1,462.1,378,3,1,2,312,Others,0
18032.0,2011-01-09 15:32:00,1,73.5,333,3,1,1,311,Others,0
18033.0,2011-10-05 17:28:00,1,97.97,64,2,1,1,211,Others,1
18034.0,2011-11-18 12:22:00,3,793.7,21,1,1,2,112,Others,1
18035.0,2011-11-04 12:39:00,5,1276.74,35,2,2,3,223,Others,1
18036.0,2011-11-07 14:40:00,11,1563.64,31,2,3,3,233,Others,1
18037.0,2011-07-08 13:39:00,15,167.42,153,3,3,1,331,Others,1
18038.0,2010-06-01 15:59:00,1,149.41,555,4,1,1,411,Recent Customers,0
18039.0,2010-11-30 13:07:00,4,579.17,373,3,2,2,322,Others,0
18040.0,2011-11-20 14:20:00,2,357.2,18,1,1,2,112,Others,1
18041.0,2011-11-28 11:39:00,38,8752.38,11,1,3,4,134,Big Spenders,1
18042.0,2011-10-17 11:49:00,2,281.15,53,2,1,1,211,Others,1
18043.0,2011-11-15 12:48:00,3,875.97,24,1,1,2,112,Others,1
18044.0,2011-12-05 14:26:00,18,3505.61,3,1,3,4,134,Big Spenders,1
18045.0,2011-10-25 13:07:00,1,189.4,44,2,1,1,211,Others,1
18046.0,2010-02-28 11:36:00,1,189.63,649,4,1,1,411,Recent Customers,0
18047.0,2010-11-23 13:11:00,2,342.69,380,4,1,1,411,Recent Customers,0
18048.0,2011-05-20 14:58:00,3,401.73,202,3,1,2,312,Others,1
18049.0,2010-09-28 14:26:00,2,556.52,436,4,1,2,412,Recent Customers,0
18050.0,2010-12-15 14:25:00,2,412.06,358,3,1,2,312,Others,0
18051.0,2010-03-15 13:58:00,7,2282.28,633,4,2,3,423,Recent Customers,0
18052.0,2010-05-24 11:11:00,1,10877.18,564,4,1,4,414,Recent Customers,0
18053.0,2011-09-30 09:05:00,3,571.0699999999999,70,2,1,2,212,Others,1
18054.0,2010-11-12 08:18:00,1,176.5,392,4,1,1,411,Recent Customers,0
18055.0,2011-12-02 14:25:00,14,11195.57,6,1,3,4,134,Big Spenders,1
18056.0,2011-02-24 14:27:00,2,554.6,287,3,1,2,312,Others,0
18057.0,2010-11-11 16:55:00,3,1203.56,392,4,1,3,413,Recent Customers,0
18058.0,2011-11-30 08:38:00,3,774.06,9,1,1,2,112,Others,1
18059.0,2011-11-16 16:49:00,3,306.46,22,1,1,1,111,Others,1
18060.0,2010-10-27 16:41:00,2,1185.46,407,4,1,3,413,Recent Customers,0
18061.0,2011-11-18 11:20:00,28,6488.97,21,1,3,4,134,Big Spenders,1
18062.0,2011-06-19 14:47:00,6,1632.67,172,3,2,3,323,Others,1
18063.0,2010-11-14 10:46:00,2,186.60000000000002,390,4,1,1,411,Recent Customers,0
18064.0,2011-07-29 16:39:00,11,4495.03,132,3,3,4,334,Big Spenders,1
18065.0,2011-12-04 10:30:00,29,5866.63,5,1,3,4,134,Big Spenders,1
18066.0,2011-09-25 15:30:00,3,1440.4,74,2,1,3,213,Others,1
18067.0,2011-10-30 15:58:00,1,396.33,39,2,1,2,212,Others,1
18068.0,2011-02-23 14:50:00,1,101.69999999999999,288,3,1,1,311,Others,0
18069.0,2011-11-13 16:03:00,11,4540.56,25,1,3,4,134,Big Spenders,1
18070.0,2010-02-08 13:28:00,1,314.1,668,4,1,1,411,Recent Customers,0
18071.0,2011-03-27 11:59:00,6,1428.63,257,3,2,3,323,Others,1
18072.0,2011-06-07 10:44:00,1,247.44,185,3,1,1,311,Others,1
18073.0,2011-08-17 14:02:00,12,3877.52,113,3,3,4,334,Big Spenders,1
18074.0,2010-12-01 09:53:00,2,1509.04,373,3,1,3,313,Others,0
18075.0,2011-11-16 15:21:00,20,5783.29,22,1,3,4,134,Big Spenders,1
18076.0,2010-11-24 14:02:00,1,151.49,379,3,1,1,311,Others,0
18077.0,2011-12-01 13:32:00,18,4338.56,7,1,3,4,134,Big Spenders,1
18078.0,2011-05-06 14:32:00,4,844.6,216,3,2,2,322,Others,1
18079.0,2011-10-25 15:27:00,5,4242.75,44,2,2,4,224,Big Spenders,1
18080.0,2011-11-21 08:02:00,2,1231.5,18,1,1,3,113,Others,1
18081.0,2011-11-03 16:30:00,3,343.45,35,2,1,1,211,Others,1
18082.0,2011-11-14 12:45:00,1,703.37,25,1,1,2,112,Others,1
18083.0,2010-11-07 11:44:00,1,470.73,397,4,1,2,412,Recent Customers,0
18084.0,2011-11-23 13:57:00,3,812.93,15,1,1,2,112,Others,1
18085.0,2011-01-13 15:17:00,4,1645.75,329,3,2,3,323,Others,0
18086.0,2011-03-10 13:34:00,1,101.34,273,3,1,1,311,Others,0
18087.0,2011-09-02 15:12:00,17,14761.519999999999,97,3,3,4,334,Big Spenders,1
18088.0,2011-10-09 13:41:00,1,167.67000000000002,60,2,1,1,211,Others,1
18089.0,2010-09-19 11:57:00,1,428.45,446,4,1,2,412,Recent Customers,0
18090.0,2010-10-14 12:32:00,1,349.4,421,4,1,2,412,Recent Customers,0
18091.0,2010-04-25 13:18:00,1,360.85,592,4,1,2,412,Recent Customers,0
18092.0,2011-12-07 13:14:00,18,16179.44,1,1,3,4,134,Big Spenders,1
18093.0,2011-09-07 15:43:00,8,4452.71,92,2,3,4,234,Big Spenders,1
18094.0,2011-09-19 09:28:00,13,6391.52,81,2,3,4,234,Big Spenders,1
18095.0,2011-01-31 12:50:00,5,2303.09,312,3,2,3,323,Others,0
18096.0,2011-11-28 12:44:00,6,1805.28,11,1,2,3,123,Others,1
18097.0,2011-12-02 11:16:00,11,4663.32,7,1,3,4,134,Big Spenders,1
18098.0,2010-11-08 16:31:00,1,550.84,395,4,1,2,412,Recent Customers,0
18099.0,2011-08-04 15:52:00,1,168.31,126,3,1,1,311,Others,1
18100.0,2010-06-07 14:19:00,1,451.56,549,4,1,2,412,Recent Customers,0
18101.0,2011-11-28 13:37:00,5,629.16,10,1,2,2,122,Others,1
18102.0,2011-12-09 11:50:00,145,608821.65,0,1,3,4,134,Big Spenders,3
18103.0,2010-06-08 13:36:00,1,105.8,548,4,1,1,411,Recent Customers,0
18104.0,2011-11-02 14:07:00,1,754.64,36,2,1,2,212,Others,1
18105.0,2011-11-02 12:04:00,1,113.48,37,2,1,1,211,Others,1
18106.0,2011-01-14 12:23:00,6,1461.46,329,3,2,3,323,Others,0
18107.0,2010-09-23 13:03:00,1,167.13,441,4,1,1,411,Recent Customers,0
18108.0,2011-03-30 13:56:00,3,848.8100000000001,253,3,1,2,312,Others,1
18109.0,2011-12-08 11:36:00,38,9893.96,1,1,3,4,134,Big Spenders,1
18110.0,2011-11-20 12:34:00,2,435.43,19,1,1,2,112,Others,1
18111.0,2010-04-29 12:58:00,1,405.85,588,4,1,2,412,Recent Customers,0
18112.0,2011-11-27 14:43:00,4,775.96,11,1,2,2,122,Others,1
18113.0,2010-12-06 12:31:00,1,152.64000000000001,368,3,1,1,311,Others,0
18114.0,2011-02-22 13:20:00,1,220.1,289,3,1,1,311,Others,0
18115.0,2010-01-11 11:57:00,1,9.7,697,4,1,1,411,Recent Customers,0
18116.0,2011-10-03 11:00:00,13,2154.3,67,2,3,3,233,Others,1
18117.0,2011-11-14 12:47:00,1,320.72,25,1,1,1,111,Others,1
18118.0,2011-11-29 11:32:00,29,6733.22,10,1,3,4,134,Big Spenders,1
18119.0,2010-12-07 11:59:00,1,362.24,367,3,1,2,312,Others,0
18120.0,2011-05-09 13:45:00,1,111.15,213,3,1,1,311,Others,1
18121.0,2011-07-13 12:53:00,2,673.1,148,3,1,2,312,Others,1
18122.0,2011-12-01 13:08:00,6,1826.21,7,1,2,3,123,Others,1
18123.0,2011-11-15 14:23:00,3,684.59,23,1,1,2,112,Others,1
18124.0,2010-08-24 17:21:00,1,111.53,471,4,1,1,411,Recent Customers,0
18125.0,2011-11-10 12:29:00,4,1142.99,29,2,2,3,223,Others,1
18126.0,2011-10-10 12:19:00,1,206.83,60,2,1,1,211,Others,1
18127.0,2011-11-20 14:05:00,4,561.53,18,1,2,2,122,Others,1
18128.0,2010-06-20 13:19:00,1,420.04,536,4,1,2,412,Recent Customers,0
18129.0,2011-04-10 14:16:00,1,112.55,242,3,1,1,311,Others,1
18130.0,2011-11-24 14:40:00,3,1059.39,14,1,1,3,113,Others,1
18131.0,2010-03-18 08:48:00,1,222.95999999999998,631,4,1,1,411,Recent Customers,0
18132.0,2010-07-23 16:54:00,1,226.9,503,4,1,1,411,Recent Customers,0
18133.0,2011-05-11 14:14:00,1,931.4999999999999,211,3,1,3,313,Others,1
18134.0,2010-04-20 14:02:00,2,445.0,597,4,1,2,412,Recent Customers,0
18135.0,2011-11-10 19:32:00,10,1249.6200000000001,28,2,3,3,233,Others,1
18136.0,2011-10-07 15:40:00,5,1631.3600000000001,62,2,2,3,223,Others,1
18137.0,2010-06-06 14:18:00,2,145.99,550,4,1,1,411,Recent Customers,0
18138.0,2011-02-17 14:51:00,1,152.65,294,3,1,1,311,Others,0
18139.0,2011-11-22 10:44:00,6,8438.34,17,1,2,4,124,Big Spenders,1
18140.0,2010-08-23 11:58:00,1,536.41,473,4,1,2,412,Recent Customers,0
18141.0,2010-11-03 11:44:00,2,882.47,401,4,1,2,412,Recent Customers,0
18142.0,2011-07-05 13:19:00,2,1019.52,156,3,1,3,313,Others,1
18143.0,2011-08-15 12:07:00,2,1000.16,116,3,1,3,313,Others,1
18144.0,2011-12-02 12:46:00,19,5058.0,7,1,3,4,134,Big Spenders,1
18145.0,2011-11-27 11:22:00,11,5617.79,12,1,3,4,134,Big Spenders,1
18146.0,2011-07-22 12:08:00,2,160.35000000000002,140,3,1,1,311,Others,1
18147.0,2011-10-25 11:46:00,2,179.34,45,2,1,1,211,Others,1
18148.0,2010-03-03 11:40:00,1,114.10000000000001,646,4,1,1,411,Recent Customers,0
18149.0,2011-10-20 12:04:00,7,1624.71,50,2,2,3,223,Others,1
18150.0,2011-11-07 16:49:00,3,566.58,31,2,1,2,212,Others,1
18151.0,2011-07-28 11:35:00,6,1879.44,134,3,2,3,323,Others,1
18152.0,2010-03-03 15:26:00,1,426.69,645,4,1,2,412,Recent Customers,0
18153.0,2010-02-18 15:50:00,1,246.22,658,4,1,1,411,Recent Customers,0
18154.0,2011-12-06 16:41:00,5,932.6,2,1,2,3,123,Others,1
18155.0,2011-09-25 13:32:00,3,371.62,74,2,1,2,212,Others,1
18156.0,2011-11-27 12:24:00,2,941.1700000000001,12,1,1,3,113,Others,1
18157.0,2010-05-17 14:09:00,1,215.35,570,4,1,1,411,Recent Customers,0
18158.0,2011-11-30 16:19:00,2,453.4,8,1,1,2,112,Others,1
18159.0,2011-02-11 14:26:00,1,530.15,300,3,1,2,312,Others,0
18160.0,2011-10-13 15:50:00,3,1003.88,56,2,1,3,213,Others,1
18161.0,2011-11-24 16:40:00,6,1803.1000000000001,14,1,2,3,123,Others,1
18162.0,2009-12-07 13:24:00,1,379.16,731,4,1,2,412,Recent Customers,0
18163.0,2010-05-04 14:51:00,1,728.84,583,4,1,2,412,Recent Customers,0
18164.0,2011-11-02 12:56:00,1,399.65000000000003,36,2,1,2,212,Others,1
18165.0,2011-06-15 13:23:00,1,302.46000000000004,176,3,1,1,311,Others,1
18166.0,2010-03-26 12:26:00,1,175.5,623,4,1,1,411,Recent Customers,0
18167.0,2011-11-16 15:56:00,3,1384.8600000000001,22,1,1,3,113,Others,1
18168.0,2011-06-16 19:21:00,16,3770.27,175,3,3,4,334,Big Spenders,1
18169.0,2011-10-10 12:18:00,1,202.65,60,2,1,1,211,Others,1
18170.0,2011-11-06 14:35:00,9,2878.0,32,2,3,4,234,Big Spenders,1
18171.0,2011-10-12 09:13:00,9,2437.31,58,2,3,4,234,Big Spenders,1
18172.0,2011-11-25 11:12:00,52,17479.84,14,1,3,4,134,Big Spenders,1
18173.0,2011-09-14 11:26:00,5,2696.36,86,2,2,4,224,Big Spenders,1
18174.0,2011-12-02 16:56:00,2,162.5,6,1,1,1,111,Others,1
18175.0,2010-02-02 10:25:00,1,176.1,675,4,1,1,411,Recent Customers,0
18176.0,2010-12-16 15:45:00,1,476.35,357,3,1,2,312,Others,0
18177.0,2011-11-08 14:44:00,9,2216.87,30,2,3,3,233,Others,1
18178.0,2011-08-03 09:30:00,11,6103.74,128,3,3,4,334,Big Spenders,1
18179.0,2011-11-30 16:23:00,8,2547.55,8,1,3,4,134,Big Spenders,1
18180.0,2011-12-05 08:39:00,6,1843.75,4,1,2,3,123,Others,1
18181.0,2011-11-15 15:08:00,5,1205.94,23,1,2,3,123,Others,1
18182.0,2010-09-02 14:25:00,1,291.13,462,4,1,1,411,Recent Customers,0
18183.0,2011-04-26 15:26:00,2,632.07,226,3,1,2,312,Others,1
18184.0,2011-11-24 15:28:00,1,49.8,14,1,1,1,111,Others,1
18185.0,2011-04-04 13:42:00,1,304.25,248,3,1,1,311,Others,1
18186.0,2009-12-17 10:22:00,1,329.58,722,4,1,1,411,Recent Customers,0
18187.0,2010-03-18 09:49:00,1,724.89,631,4,1,2,412,Recent Customers,0
18188.0,2011-11-24 16:46:00,6,3280.59,14,1,2,4,124,Big Spenders,1
18189.0,2011-09-23 12:40:00,3,1403.73,77,2,1,3,213,Others,1
18190.0,2011-05-31 14:48:00,5,745.62,191,3,2,2,322,Others,1
18191.0,2011-03-23 12:08:00,2,529.4,261,3,1,2,312,Others,0
18192.0,2011-09-29 09:53:00,1,957.97,71,2,1,3,213,Others,1
18193.0,2011-06-27 13:58:00,3,1207.35,164,3,1,3,313,Others,1
18194.0,2011-09-18 13:29:00,6,4162.04,81,2,2,4,224,Big Spenders,1
18195.0,2010-11-17 15:03:00,1,101.16,386,4,1,1,411,Recent Customers,0
18196.0,2011-09-05 16:22:00,4,1464.31,94,2,2,3,223,Others,1
18197.0,2010-05-13 10:46:00,1,230.1,575,4,1,1,411,Recent Customers,0
18198.0,2011-12-05 14:49:00,17,5425.56,3,1,3,4,134,Big Spenders,1
18199.0,2010-01-25 11:32:00,1,344.75,683,4,1,1,411,Recent Customers,0
18200.0,2011-08-25 18:45:00,1,163.8,105,3,1,1,311,Others,1
18201.0,2009-12-17 08:55:00,1,447.53000000000003,722,4,1,2,412,Recent Customers,0
18202.0,2011-05-24 12:12:00,3,1396.99,199,3,1,3,313,Others,1
18203.0,2011-07-05 13:07:00,4,504.42,156,3,2,2,322,Others,1
18204.0,2011-09-29 16:44:00,3,1993.7,70,2,1,3,213,Others,1
18205.0,2011-11-03 13:22:00,2,517.36,35,2,1,2,212,Others,1
18206.0,2010-06-04 13:47:00,1,314.65999999999997,552,4,1,1,411,Recent Customers,0
18207.0,2010-07-28 14:26:00,1,544.47,498,4,1,2,412,Recent Customers,0
18208.0,2010-05-23 11:54:00,1,360.08,565,4,1,2,412,Recent Customers,0
18209.0,2011-11-11 12:07:00,1,139.10000000000002,28,2,1,1,211,Others,1
18210.0,2011-12-08 11:02:00,7,2768.83,1,1,2,4,124,Big Spenders,1
18211.0,2011-11-14 08:10:00,5,600.07,25,1,2,2,122,Others,1
18212.0,2011-01-17 16:14:00,2,546.72,325,3,1,2,312,Others,0
18213.0,2011-04-17 10:21:00,1,232.48000000000002,236,3,1,1,311,Others,1
18214.0,2010-06-27 11:21:00,4,1780.34,530,4,2,3,423,Recent Customers,0
18215.0,2011-09-11 16:05:00,5,2247.4900000000002,88,2,2,3,223,Others,1
18216.0,2011-11-08 16:55:00,1,481.75,30,2,1,2,212,Others,1
18217.0,2011-11-10 13:18:00,4,945.04,28,2,2,3,223,Others,1
18218.0,2011-05-12 12:53:00,4,1142.0,210,3,2,3,323,Others,1
18219.0,2011-12-07 11:43:00,17,3562.89,2,1,3,4,134,Big Spenders,1
18220.0,2011-04-27 09:03:00,6,1921.76,226,3,2,3,323,Others,1
18221.0,2011-11-17 14:40:00,6,1424.94,21,1,2,3,123,Others,1
18222.0,2011-09-08 10:45:00,1,443.0,92,2,1,2,212,Others,1
18223.0,2011-12-05 09:11:00,26,14000.85,4,1,3,4,134,Big Spenders,1
18224.0,2011-03-21 10:30:00,1,158.95000000000002,263,3,1,1,311,Others,0
18225.0,2011-12-06 13:27:00,26,13054.26,2,1,3,4,134,Big Spenders,1
18226.0,2011-10-26 13:36:00,26,11878.88,43,2,3,4,234,Big Spenders,1
18227.0,2011-05-06 12:23:00,2,388.75,217,3,1,2,312,Others,1
18228.0,2011-10-14 09:21:00,2,779.9,56,2,1,2,212,Others,1
18229.0,2011-11-28 09:48:00,28,10803.710000000001,11,1,3,4,134,Big Spenders,1
18230.0,2011-11-30 13:22:00,9,4291.06,8,1,3,4,134,Big Spenders,1
18231.0,2011-05-31 14:18:00,28,6880.97,191,3,3,4,334,Big Spenders,1
18232.0,2011-09-19 11:49:00,4,592.97,81,2,2,2,222,Others,1
18233.0,2011-01-18 08:44:00,1,440.0,325,3,1,2,312,Others,0
18234.0,2010-06-06 11:22:00,1,179.6,551,4,1,1,411,Recent Customers,0
18235.0,2011-09-29 08:27:00,3,1796.48,71,2,1,3,213,Others,1
18236.0,2011-11-10 08:06:00,12,1795.3500000000001,29,2,3,3,233,Others,1
18237.0,2011-12-07 12:49:00,5,987.1,2,1,2,3,123,Others,1
18238.0,2010-07-12 12:51:00,1,270.92,514,4,1,1,411,Recent Customers,0
18239.0,2011-05-05 12:38:00,6,2150.36,218,3,2,3,323,Others,1
18240.0,2011-10-24 13:06:00,1,422.58,45,2,1,2,212,Others,1
18241.0,2011-11-30 12:10:00,21,2986.9900000000002,9,1,3,4,134,Big Spenders,1
18242.0,2011-09-28 13:43:00,8,3605.21,71,2,3,4,234,Big Spenders,1
18243.0,2010-10-21 14:29:00,1,515.78,413,4,1,2,412,Recent Customers,0
18244.0,2010-10-05 11:15:00,2,568.64,430,4,1,2,412,Recent Customers,0
18245.0,2011-12-02 14:48:00,20,6324.9800000000005,6,1,3,4,134,Big Spenders,1
18246.0,2011-11-16 11:49:00,3,758.8199999999999,23,1,1,2,112,Others,1
18247.0,2010-10-21 09:49:00,3,839.73,414,4,1,2,412,Recent Customers,0
18248.0,2011-08-09 10:19:00,2,804.02,122,3,1,2,312,Others,1
18249.0,2011-11-22 15:07:00,1,95.34,16,1,1,1,111,Others,1
18250.0,2011-02-02 13:16:00,1,349.27,309,3,1,2,312,Others,0
18251.0,2011-09-13 15:03:00,9,26278.86,86,2,3,4,234,Big Spenders,1
18252.0,2011-10-20 12:43:00,7,1542.09,50,2,2,3,223,Others,1
18253.0,2010-03-07 12:38:00,1,317.88,642,4,1,1,411,Recent Customers,0
18254.0,2010-05-07 14:37:00,1,267.9,580,4,1,1,411,Recent Customers,0
18255.0,2011-09-11 13:16:00,2,303.15,88,2,1,1,211,Others,1
18256.0,2010-11-17 08:53:00,1,110.7,387,4,1,1,411,Recent Customers,0
18257.0,2011-10-31 14:48:00,12,4600.15,38,2,3,4,234,Big Spenders,1
18258.0,2010-09-01 14:20:00,6,2059.67,463,4,2,3,423,Recent Customers,0
18259.0,2011-11-15 12:34:00,7,4318.2,24,1,2,4,124,Big Spenders,1
18260.0,2011-06-20 12:37:00,23,9962.11,172,3,3,4,334,Big Spenders,1
18261.0,2011-10-27 15:36:00,2,324.24,42,2,1,1,211,Others,1
18262.0,2011-07-22 16:04:00,3,577.54,139,3,1,2,312,Others,1
18263.0,2011-11-14 09:00:00,3,1213.16,25,1,1,3,113,Others,1
18264.0,2010-07-29 10:02:00,1,603.25,498,4,1,2,412,Recent Customers,0
18265.0,2011-09-28 14:10:00,2,801.51,71,2,1,2,212,Others,1
18266.0,2010-10-01 15:33:00,1,251.1,433,4,1,1,411,Recent Customers,0
18267.0,2010-02-05 08:43:00,1,269.37,672,4,1,1,411,Recent Customers,0
18268.0,2011-07-28 19:13:00,6,1490.23,133,3,2,3,323,Others,1
18269.0,2010-12-08 13:53:00,1,337.2,365,3,1,1,311,Others,0
18270.0,2011-11-01 13:57:00,3,444.55,37,2,1,2,212,Others,1
18271.0,2010-04-09 09:26:00,2,680.85,609,4,1,2,412,Recent Customers,0
18272.0,2011-12-07 12:43:00,9,4385.9800000000005,2,1,3,4,134,Big Spenders,1
18273.0,2011-12-07 13:16:00,4,357.0,1,1,2,2,122,Others,1
18274.0,2011-11-09 17:03:00,1,175.92,29,2,1,1,211,Others,1
18275.0,2010-05-10 15:46:00,2,741.85,577,4,1,2,412,Recent Customers,0
18276.0,2011-10-27 10:54:00,6,1656.52,43,2,2,3,223,Others,1
18277.0,2011-10-12 15:22:00,5,1180.05,57,2,2,3,223,Others,1
18278.0,2011-09-27 11:58:00,2,414.20000000000005,73,2,1,2,212,Others,1
18279.0,2010-07-08 14:48:00,1,231.33999999999997,518,4,1,1,411,Recent Customers,0
18280.0,2011-03-07 09:52:00,2,488.15000000000003,277,3,1,2,312,Others,0
18281.0,2011-06-12 10:53:00,2,201.14,180,3,1,1,311,Others,1
18282.0,2011-12-02 11:43:00,2,178.05,7,1,1,1,111,Others,1
18283.0,2011-12-06 12:02:00,22,2736.65,3,1,3,4,134,Big Spenders,1
18284.0,2010-10-04 11:33:00,1,461.68,431,4,1,2,412,Recent Customers,0
18285.0,2010-02-17 10:24:00,1,427.0,660,4,1,2,412,Recent Customers,0
18286.0,2010-08-20 11:57:00,2,1296.43,476,4,1,3,413,Recent Customers,0
18287.0,2011-10-28 09:29:00,7,4182.99,42,2,2,4,224,Big Spenders,1
